Reference Handle,Token,Item Name,Customer-facing Name,Variation Name,Unit and Precision,SKU,Description,Categories,Reporting Category,SEO Title,SEO Description,Permalink,GTIN,Square Online Item Visibility,Item Type,Weight (lb),Social Media Link Title,Social Media Link Description,Shipping Enabled,Self-serve Ordering Enabled,Delivery Enabled,Pickup Enabled,Price,Online Sale Price,Archived,Sellable,Contains Alcohol,Stockable,Skip Detail Screen in POS,Option Name 1,Option Value 1,Current Quantity Seven Bends,New Quantity Seven Bends,Stock Alert Enabled Seven Bends,Stock Alert Count Seven Bends,Tax - Sales Tax (6%)
#acer-pensylvanicum-striped-maple--gallon,L6EGKICAQ7ZBSDEB7JPYJYMS,Acer pensylvanicum (Striped Maple),,Gallon,,Acepen9,"Small, rounded understory tree with striped bark and green bell-shaped flowers.  Tolerates heavy shade.

Size: Height: 15' - 35' ; Width: 12' - 20'
Light: Shade (Part-Full)
Moisture: Moist,

-March 1st- May 1 2026: For sizes valued at $50 or above, a $25 discount can be applied courtesy of the Throwing Shade Virginia program. If you purchase online, this discount will be applied as a refund when you pick up your plants. (see https://rb.gy/lukcmf for details)",Tree,Tree,,,,,visible,Physical good,,,,N,N,N,Y,25.00,,N,,N,,N,,,1,,,,Y
#acer-pensylvanicum-striped-maple--true-gallon,ZLDWZMPA62LBG35D3XFV6EO6,Acer pensylvanicum (Striped Maple),,True Gallon,,Acepen12,,Tree,Tree,,,,,visible,Physical good,,,,,,,,30.00,,N,,,,N,,,0,,,,Y
#acer-pensylvanicum-striped-maple--2-gallon,NHU6XWKOK3TKK2JQVZDSHS3G,Acer pensylvanicum (Striped Maple),,2 Gallon,,Acepen15,,Tree,Tree,,,,,visible,Physical good,,,,,,,,55.00,,N,,,,N,,,1,,,,Y
#acer-pensylvanicum-striped-maple--3-gallon,WVNV423LMUNKLX4COC4KWBJF,Acer pensylvanicum (Striped Maple),,3 Gallon,,Acepen18,,Tree,Tree,,,,,visible,Physical good,,,,,,,,70.00,,N,,,,N,,,0,,,,Y
#acer-pensylvanicum-striped-maple--5-gallon,BM7DKJFR4EJSKOBA7FZ5BLMN,Acer pensylvanicum (Striped Maple),,5 Gallon,,Acepen21,,Tree,Tree,,,,,visible,Physical good,,,,,,,,85.00,,N,,,,N,,,0,,,,Y
#acer-rubrum-red-maple--gallon,IKNKWJZM46XAZ35RLZH3UX37,Acer rubrum (Red Maple),,Gallon,,Acerub9,"This fast growing shade tree has bright red flower clusters and red twigs. Fall foliage can range from brilliant red to yellow. Silvery grey bark is striking in winter.

Size: Height: 50' - 100' ; Width: 40' -40'
Light: Sun (Part-Full)
Moisture: Medium, Moist, 

-March 1st- May 1 2026: For sizes valued at $50 or above, a $25 discount can be applied courtesy of the Throwing Shade Virginia program. If you purchase online, this discount will be applied as a refund when you pick up your plants. (see https://rb.gy/lukcmf for details)

Willow, CC BY-SA 3.0 , via Wikimedia Commons",Tree,Tree,,,,,visible,Physical good,,,,N,N,N,Y,22.00,,N,,N,,N,,,0,,,,Y
#acer-rubrum-red-maple--true-gallon,IZFT4WO57GXCMIWQD7KKJCRT,Acer rubrum (Red Maple),,True Gallon,,Acerub12,,Tree,Tree,,,,,visible,Physical good,,,,,,,,25.00,,N,,,,N,,,2,,,,Y
#acer-rubrum-red-maple--2-gallon,GFDTQ6WCJDHACRV77UHCZH3H,Acer rubrum (Red Maple),,2 Gallon,,Acerub15,,Tree,Tree,,,,,visible,Physical good,,,,,,,,50.00,,N,,,,N,,,2,,,,Y
#acer-rubrum-red-maple--3-gallon,JKXLX5MDBR2BM3TVT7Y6U5NO,Acer rubrum (Red Maple),,3 Gallon,,Acerub18,,Tree,Tree,,,,,visible,Physical good,,,,,,,,60.00,,N,,,,N,,,0,,,,Y
#acer-rubrum-red-maple--5-gallon,3VHMFNB3P23JNRRLANQQ4XIC,Acer rubrum (Red Maple),,5 Gallon,,Acerub21,,Tree,Tree,,,,,visible,Physical good,,,,,,,,70.00,,N,,,,N,,,3,,,,Y
#acer-saccharinum-silver-maple--gallon,5Q7LKGFPJM2NLPLKRD5BSM53,Acer saccharinum (Silver Maple),,Gallon,,Acesac9,"Fast growing, graceful tree. Does well in poor soil. Drought Tolerant.

Size: Height: 50' - 80' ; Width: 35' -70'
Light: Sun (Part-Full)
Moisture: Medium, Moist,

-March 1st- May 1 2026: For sizes valued at $50 or above, a $25 discount can be applied courtesy of the Throwing Shade Virginia program. If you purchase online, this discount will be applied as a refund when you pick up your plants. (see https://rb.gy/lukcmf for details)

By Darkone (talk · contribs) - Own work, CC BY-SA 2.5, https://commons.wikimedia.org/w/index.php?curid=311718",Tree,Tree,,,,,visible,Physical good,,,,N,N,N,Y,22.00,,N,,,,,,,0,,,,Y
#acer-saccharinum-silver-maple--true-gallon,65IQQBE2LPTLBXUAZQF2MJ7T,Acer saccharinum (Silver Maple),,True Gallon,,Acesac12,,Tree,Tree,,,,,visible,Physical good,,,,,,,,25.00,,N,,,,,,,1,,,,Y
#acer-saccharinum-silver-maple--2-gallon,QXA4UPRZR3CDWMFE6WHRS3Z6,Acer saccharinum (Silver Maple),,2 Gallon,,Acesac15,,Tree,Tree,,,,,visible,Physical good,,,,,,,,50.00,,N,,,,,,,1,,,,Y
#acer-saccharinum-silver-maple--3-gallon,2JLYCWW5QENPLAKRWRFTGD56,Acer saccharinum (Silver Maple),,3 Gallon,,Acesac18,,Tree,Tree,,,,,visible,Physical good,,,,,,,,60.00,,N,,,,,,,0,,,,Y
#acer-saccharinum-silver-maple--5-gallon,E4Y4VPFCTLSYWK4NXTKUEDLN,Acer saccharinum (Silver Maple),,5 Gallon,,Acesac21,,Tree,Tree,,,,,visible,Physical good,,,,,,,,70.00,,N,,,,,,,4,,,,Y
#acer-saccharum-northern-sugar-maple--gallon,5G4XLDRD4UDBF7UC5XYW45R2,Acer saccharum (Northern Sugar Maple),,Gallon,,Acesah9,"Popular shade tree due to a dense spreading crown that provides heavy shade. Grows slowly but matures quicker in open areas.  Drooping racemes of yellow flowers in spring make way for winged samaras in summer. Turns warm shades of red, orange and yellow in the fall.  Only tree used commercially to make maple syrup. 

Size: Height: 40' - 120' ; Width: 30' -60'
Light: Sun (Part-Full)
Moisture: Medium, 

-March 1st- May 1 2026: For sizes valued at $50 or above, a $25 discount can be applied courtesy of the Throwing Shade Virginia program. If you purchase online, this discount will be applied as a refund when you pick up your plants. (see https://rb.gy/lukcmf for details)

Cephas, CC BY-SA 4.0 , via Wikimedia Commons, Ryan Hodnett, CC BY-SA 4.0 , via Wikimedia Commons, Krzysztof Ziarnek, Kenraiz, CC BY-SA 4.0 , via Wikimedia Commons,    James St. John, CC BY 2.0 , via Wikimedia Commons",Tree,Tree,,,,,visible,Physical good,,,,N,N,N,Y,22.00,,N,,,,,,,0,,,,Y
#acer-saccharum-northern-sugar-maple--true-gallon,PHQGJ7M2QPWZITEQCVIN3TVY,Acer saccharum (Northern Sugar Maple),,True Gallon,,Acesah12,,Tree,Tree,,,,,visible,Physical good,,,,,,,,25.00,,N,,,,,,,0,,,,Y
#acer-saccharum-northern-sugar-maple--2-gallon,3UYW5QD4LVKUUAMEUZSW5LG6,Acer saccharum (Northern Sugar Maple),,2 Gallon,,Acesah15,,Tree,Tree,,,,,visible,Physical good,,,,,,,,50.00,,N,,,,,,,2,,,,Y
#acer-saccharum-northern-sugar-maple--3-gallon,HVOVOWOY4QNA7BHU3AASEIZA,Acer saccharum (Northern Sugar Maple),,3 Gallon,,Acesah18,,Tree,Tree,,,,,visible,Physical good,,,,,,,,60.00,,N,,,,,,,0,,,,Y
#acer-saccharum-northern-sugar-maple--5-gallon,QJHF3SUS2XSHUUYCNQHFWJHY,Acer saccharum (Northern Sugar Maple),,5 Gallon,,Acesah21,,Tree,Tree,,,,,visible,Physical good,,,,,,,,70.00,,N,,,,,,,0,,,,Y
#achillea-millefolium-yarrow--4-5-pot,2GBYCNGX7MCEXKDJRIA57YYI,Achillea millefolium (Yarrow),,"4.5"" Pot",,Achmil3,"This spreading, mat-forming plant can naturalize an area. Fern-like leaves and upright branches lead to bright white-to-pink flowers in late summer. Tolerates poor soils and drought. Deer Resistant.

Size: Height: 2' - 3' ; Width: 2' -3'
Light: Sun (Full)
Moisture: Dry, Medium,

-

By Pethan, CC BY-SA 3.0, https://commons.wikimedia.org/w/index.php?curid=525680
By Dcrjsr - Own work, CC BY 3.0, https://commons.wikimedia.org/w/index.php?curid=16059528",Flower,Flower,,,,,visible,Physical good,,,,N,N,N,Y,9.00,,N,,,,N,,,230,,,,Y
#achillea-millefolium-yarrow--gallon,FK4ZUUYXDPVFDTM4UDQGZF3T,Achillea millefolium (Yarrow),,Gallon,,Achmil9,,Flower,Flower,,,,,visible,Physical good,,,,,,,,15.00,,N,,,,N,,,20,,,,Y
#achillea-millefolium-yarrow--true-gallon,I665YXITO5YK5ATEKRIMGFEY,Achillea millefolium (Yarrow),,True Gallon,,Achmil12,,Flower,Flower,,,,,visible,Physical good,,,,,,,,17.00,,N,,,,N,,,0,,,,Y
#acorus-americanus-sweet-flag--4-5-pot,4RQWNAUGL4EH7HWO7TRVNUWP,Acorus americanus (Sweet Flag),,"4.5"" Pot",,Acoame3,"Flowering with grassy leaves; Ideal for rain gardens and a vigorous spreader. Native to PA, MD, but not VA.

Size: Height: 2' - 3' ; Width: 1.5' -2'
Light: Shade (Part-Full)
Moisture: Moist, Standing Water,

-",,,,,,,visible,Physical good,,,,N,,N,Y,9.00,,N,,,,,,,25,,,,Y
#acorus-americanus-sweet-flag--gallon,D3N37A4YX7NELEFX234D5BLY,Acorus americanus (Sweet Flag),,Gallon,,Acoame9,,,,,,,,visible,Physical good,,,,,,,,15.00,,N,,,,,,,0,,,,Y
#acorus-americanus-sweet-flag--true-gallon,ADTWRTFFTZLWYFC4O5NEU2HZ,Acorus americanus (Sweet Flag),,True Gallon,,Acoame12,,,,,,,,visible,Physical good,,,,,,,,17.00,,N,,,,,,,0,,,,Y
#actaea-pachypoda-dolls-eyes--4-5-pot,SNVSE5W6IBFL7OJFN2VERYKZ,Actaea pachypoda (Dolls Eyes),,"4.5"" Pot",,Actpac3,"Blooms small white flowers in clusters during spring. White berries appear in summer which gives the plant its common name as they resemble doll eyes.  Fruits are eaten by a variety of birds.  Plant spreads through rhizomes.

Size: Height: 1' - 3' ; Width: 2' -3'
Light: Shade (Part-Full)
Moisture: Moist, 

-

Meneerke bloem, CC BY-SA 3.0 , via Wikimedia Commons,    Laval University, CC BY-SA 4.0 , via Wikimedia Commons",Flower,Flower,,,,,visible,Physical good,,,,N,N,N,Y,15.00,,N,,N,,,,,0,,,,Y
#actaea-pachypoda-dolls-eyes--gallon,GXJX36J3IOL4Z6B3Z5C65KGO,Actaea pachypoda (Dolls Eyes),,Gallon,,Actpac9,,Flower,Flower,,,,,visible,Physical good,,,,,,,,21.00,,N,,,,,,,0,,,,Y
#actaea-pachypoda-dolls-eyes--true-gallon,3J3DIPVVWS4FSDVZX2LOOE3R,Actaea pachypoda (Dolls Eyes),,True Gallon,,Actpac12,,Flower,Flower,,,,,visible,Physical good,,,,,,,,23.00,,N,,,,,,,0,,,,Y
#actaea-racemosa-black-cohosh--4-5-pot,WRWJEH5BJIDMPOXIPPZYZOCR,Actaea racemosa (Black Cohosh),,"4.5"" Pot",,Actrac3,"Spears of small, white flowers bloom in early summer and rise well above the rest of the foliage. The plant is known for its odorless insect-repelling properties.

Size: Height: 3' - 6' ; Width: 2' -4'
Light: Shade (Full)
Moisture: Medium, Moist,

-

By Salicyna - Own work, CC BY-SA 4.0, https://commons.wikimedia.org/w/index.php?curid=47975506
By H. Zell - Own work, CC BY-SA 3.0, https://commons.wikimedia.org/w/index.php?curid=8950508",Flower,Flower,,,,,hidden,Physical good,,,,N,N,N,Y,13.00,,N,,,,,,,0,,,,Y
#actaea-racemosa-black-cohosh--gallon,UHR24SVJ3FTB24OJ75X3UVTK,Actaea racemosa (Black Cohosh),,Gallon,,Actrac9,,Flower,Flower,,,,,hidden,Physical good,,,,,,,,19.00,,N,,,,,,,0,,,,Y
#actaea-racemosa-black-cohosh--true-gallon,UC7GKHCWQAOH4QOS563JG66Z,Actaea racemosa (Black Cohosh),,True Gallon,,Actrac12,,Flower,Flower,,,,,hidden,Physical good,,,,,,,,21.00,,N,,,,,,,0,,,,Y
#adiantum-pedatum-maidenhair-fern--4-5-pot,CXYHMIWTL547GFJ23ETBADIF,Adiantum pedatum (Maidenhair Fern),,"4.5"" Pot",,Adiped3,"Deciduous perennial fern with bright green fronds and black stems spreads in a circular pattern. Will do well in shady woodlands, beds, and rain gardens.

Size: Height: 0.5' - 2' ; Width: 2' -2'
Light: Shade (Part-Full)
Moisture: Medium, Moist,

-

By Stan Shebs, CC BY-SA 3.0, https://commons.wikimedia.org/w/index.php?curid=602708,  USFWS - Pacific Region, Public domain, via Wikimedia Commons
By Walter Siegmund - Own work, CC BY 2.5, https://commons.wikimedia.org/w/index.php?curid=2127736
By Cephas - Own work, CC BY-SA 3.0, https://commons.wikimedia.org/w/index.php?curid=19729634",Fern,Fern,,,,,visible,Physical good,,,,N,N,N,Y,13.00,,N,,,,N,,,73,,,,Y
#adiantum-pedatum-maidenhair-fern--gallon,YLIZNQLHAT63NHUZJE7VWJLE,Adiantum pedatum (Maidenhair Fern),,Gallon,,Adiped9,,Fern,Fern,,,,,visible,Physical good,,,,,,,,19.00,,N,,,,N,,,9,,,,Y
#aesculus-parviflora-bottlebrush-buckeye--gallon,6GV4OPNRPMDLK3A67FUB2DYJ,Aesculus parviflora (Bottlebrush Buckeye),,Gallon,,Aespar9,"Delightful summer blooms of showy, 12"" flower clusters of tubular white flowers and bright red anthers. Flowers give way to pear-shaped buckeyes and foliage turns yellow in autumn. Drought and Deer tolerant. Attracts Butterflies

Size: Height: 8' - 12' ; Width: 8' -15'
Light: Shade (Part-Full)
Moisture: Moist,

-

Wendy Cutler from Vancouver, Canada [CC BY (https://creativecommons.org/licenses/by/2.0)]",Tree,Tree,,,,,hidden,Physical good,,,,N,N,N,Y,22.00,,N,,,,,,,0,,,,Y
#aesculus-parviflora-bottlebrush-buckeye--true-gallon,COZ64HKE5D4DQKEOXA34X2LZ,Aesculus parviflora (Bottlebrush Buckeye),,True Gallon,,Aespar12,,Tree,Tree,,,,,hidden,Physical good,,,,,,,,25.00,,N,,,,,,,0,,,,Y
#aesculus-parviflora-bottlebrush-buckeye--2-gallon,6CU7SNJ3ABM7I2P34IT3FPMU,Aesculus parviflora (Bottlebrush Buckeye),,2 Gallon,,Aespar15,,Tree,Tree,,,,,hidden,Physical good,,,,,,,,50.00,,N,,,,,,,0,,,,Y
#aesculus-parviflora-bottlebrush-buckeye--3-gallon,SDMG4ZO5SJS72R5LDM4RUEIF,Aesculus parviflora (Bottlebrush Buckeye),,3 Gallon,,Aespar18,,Tree,Tree,,,,,hidden,Physical good,,,,,,,,60.00,,N,,,,,,,0,,,,Y
#aesculus-parviflora-bottlebrush-buckeye--5-gallon,FMR6WPF3IFPLMHN7DA7WXI6O,Aesculus parviflora (Bottlebrush Buckeye),,5 Gallon,,Aespar21,,Tree,Tree,,,,,hidden,Physical good,,,,,,,,70.00,,N,,,,,,,0,,,,Y
#aesculus-pavia-red-eastern-buckeye--gallon,DSSIMXI72U2UDY772C2B4S6L,Aesculus pavia (Red Eastern Buckeye),,Gallon,,Aespav9,"Bright, red, upright flower clusters bloom in spring, which attract hummingbirds. Buckeyes ripen in the fall. Prefers some afternoon or extra moisture in hot, dry conditions.

Size: Height: 12' - 15' ; Width: 12' -15'
Light: Sun (Part-Full)
Moisture: Medium, Moist,

-

Krzysztof Ziarnek, Kenraiz, CC BY-SA 4.0 , via Wikimedia Commons
Betty from Eads, Tennessee, United States, CC BY 2.0 , via Wikimedia Commons",Tree,Tree,,,,,hidden,Physical good,,,,N,N,N,Y,22.00,,N,,,,,,,0,,,,Y
#aesculus-pavia-red-eastern-buckeye--true-gallon,5PKR3TSDBCNXQFF3IYSF2E6G,Aesculus pavia (Red Eastern Buckeye),,True Gallon,,Aespav12,,Tree,Tree,,,,,hidden,Physical good,,,,,,,,25.00,,N,,,,,,,0,,,,Y
#aesculus-pavia-red-eastern-buckeye--2-gallon,IU5W54MZC5EA4YCA7GCYLQE2,Aesculus pavia (Red Eastern Buckeye),,2 Gallon,,Aespav15,,Tree,Tree,,,,,hidden,Physical good,,,,,,,,50.00,,N,,,,,,,0,,,,Y
#aesculus-pavia-red-eastern-buckeye--3-gallon,KS7VQUS6IS6OBQVCUCIHV6ZZ,Aesculus pavia (Red Eastern Buckeye),,3 Gallon,,Aespav18,,Tree,Tree,,,,,hidden,Physical good,,,,,,,,60.00,,N,,,,,,,0,,,,Y
#aesculus-pavia-red-eastern-buckeye--5-gallon,GNA5G4PVSGQ5WZA6PUGXUOL3,Aesculus pavia (Red Eastern Buckeye),,5 Gallon,,Aespav21,,Tree,Tree,,,,,hidden,Physical good,,,,,,,,70.00,,N,,,,,,,0,,,,Y
#agalinis-purpurea-purple-false-foxglove--4-5-pot,WYB7RV23GEFTEXLT26QQIEMC,Agalinis purpurea (Purple False Foxglove),,"4.5"" Pot",,Agapur3,"Annual that readily reseeds itself in a garden.  Blooms lovely pink tubular flowers.  Attracts bees.

Size: Height: 1' - 4' ; Width: 1' - 1.5'
Light: Sun (Part-Full)
Moisture: Medium, Moist, 

-

Joshua Mayer from Madison, WI, USA, CC BY-SA 2.0 , via Wikimedia Commons,  Fritzflohrreynolds, CC BY-SA 3.0 , via Wikimedia Commons",Flower,Flower,,,,,visible,Physical good,,,,N,N,N,Y,12.00,,N,,N,,N,,,0,,,,Y
#agalinis-purpurea-purple-false-foxglove--gallon,RY5TZ63MS5B2RB4LABKC3DPO,Agalinis purpurea (Purple False Foxglove),,Gallon,,Agapur9,,Flower,Flower,,,,,visible,Physical good,,,,,,,,17.00,,N,,,,N,,,0,,,,Y
#agalinis-purpurea-purple-false-foxglove--true-gallon,WRXYTRPB6JZSKONDJBHKGQGF,Agalinis purpurea (Purple False Foxglove),,True Gallon,,Agapur12,,Flower,Flower,,,,,visible,Physical good,,,,,,,,19.00,,N,,,,N,,,0,,,,Y
#agastache-nepetoides-yellow-giant-hyssop--4-5-pot,EMIIMHV4KCG44EHO6ASGX4N3,Agastache nepetoides (Yellow Giant Hyssop),,"4.5"" Pot",,Aganep3,"Fast growing perennial that produces long lasting whorls of tiny greenish-yellow flowers. Has large toothed arrow shaped leaves.  Attracts bees and butterflies. Heat and humidity tolerant.

Size: Height: 4' - 6' ; Width: 1' -3'
Light: Sun (Part-Full)
Moisture: Dry, Medium, 

-

Fritzflohrreynolds, CC BY-SA 3.0 , via Wikimedia Commons,   Potentillarecta, CC BY-SA 4.0 , via Wikimedia Commons",Flower,Flower,,,,,visible,Physical good,,,,N,N,N,Y,12.00,,N,,N,,,,,63,,,,Y
#agastache-nepetoides-yellow-giant-hyssop--gallon,33JKESEP6PBOE3R3E77VD7KO,Agastache nepetoides (Yellow Giant Hyssop),,Gallon,,Aganep9,,Flower,Flower,,,,,visible,Physical good,,,,,,,,17.00,,N,,,,,,,0,,,,Y
#agastache-nepetoides-yellow-giant-hyssop--true-gallon,T7YAGCZIUFHHPOIBLD4ZGT4U,Agastache nepetoides (Yellow Giant Hyssop),,True Gallon,,Aganep12,,Flower,Flower,,,,,visible,Physical good,,,,,,,,19.00,,N,,,,,,,167,,,,Y
#agastache-scrophulariifolia-giant-purple-hyssop--4-5-pot,75NKG3QR6Y347JOXS3NB7KVM,Agastache scrophulariifolia (Giant Purple Hyssop),,"4.5"" Pot",,Agascr3,"Lavender flowers bloom in late summer upon tall spikes, and are a great attractor for bees and butterflies. The strong structure of the flower spikes lets them stay upright through the winter, creating interest in the yard.

Size: Height: 2' - 5' ; Width: 1' -3'
Light: Sun (Part-Full)
Moisture: Dry, Medium, 

-

USDA NRCS, Public domain, via Wikimedia Commons, Alaina Krakowiak, CC BY 4.0 , via Wikimedia Commons",Flower,Flower,,,,,hidden,Physical good,,,,N,N,N,Y,12.00,,N,,,,N,,,0,,,,Y
#agastache-scrophulariifolia-giant-purple-hyssop--gallon,XML644ZAUTHSQ6I2VRUZI7GP,Agastache scrophulariifolia (Giant Purple Hyssop),,Gallon,,Agascr9,,Flower,Flower,,,,,hidden,Physical good,,,,,,,,17.00,,N,,,,N,,,0,,,,Y
#agastache-scrophulariifolia-giant-purple-hyssop--true-gallon,LM4JJ2QAQ5NUMHW5JNUEUWGK,Agastache scrophulariifolia (Giant Purple Hyssop),,True Gallon,,Agascr12,,Flower,Flower,,,,,hidden,Physical good,,,,,,,,19.00,,N,,,,N,,,0,,,,Y
#ageratina-altissima-white-snakeroot--4-5-pot,P6QWAQJHMPRLH5NSBYZISXB5,Ageratina altissima (White Snakeroot),,"4.5"" Pot",,Agealt3,"Tallest aster in its genus.  Booms long lasting white flowers.  Attracts butterflies, bees and songbirds.  

Size: Height: 2' - 5' ; Width: 2' - 4'
Light: Shade (Part-Full)
Moisture: Dry, Medium, 

-

Krzysztof Ziarnek, Kenraiz, CC BY-SA 4.0 , via Wikimedia Commons,  Cbaile19, CC0, via Wikimedia Commons",Flower,Flower,,,,,visible,Physical good,,,,N,N,N,Y,12.00,,N,,N,,N,,,346,,,,Y
#ageratina-altissima-white-snakeroot--gallon,PHVIMHIVDOLTDAC6MHSX7RFG,Ageratina altissima (White Snakeroot),,Gallon,,Agealt9,,Flower,Flower,,,,,visible,Physical good,,,,,,,,17.00,,N,,,,N,,,0,,,,Y
#ageratina-altissima-white-snakeroot--true-gallon,FFTFDASX3Y7LD7E2RB3ONWCQ,Ageratina altissima (White Snakeroot),,True Gallon,,Agealt12,,Flower,Flower,,,,,visible,Physical good,,,,,,,,19.00,,N,,,,N,,,0,,,,Y
#allium-cernuum-nodding-onion--4-5-pot,FPVQVE56QJBBBYCMSSD7266P,Allium cernuum (Nodding Onion),,"4.5"" Pot",,Allcer3,"Narrow, grass-like leaves lead to small pink flowers the appear in clusters in the summer. Smells of onion when cut. Deer and drought tolerant.

Size: Height: 1.5' - 1.5' ; Width: 5' -5'
Light: Shade (Part-Full)
Moisture: Dry, Medium,

-",Flower,Flower,,,,,visible,Physical good,,,,N,N,N,Y,12.00,,N,,N,,N,,,329,,,,Y
#allium-cernuum-nodding-onion--gallon,STTVXSOQSDHPMLJ4GG4MH2HR,Allium cernuum (Nodding Onion),,Gallon,,Allcer9,,Flower,Flower,,,,,visible,Physical good,,,,,,,,17.00,,N,,,,N,,,0,,,,Y
#allium-cernuum-nodding-onion--true-gallon,23LGU527SRHAEBVS2LASJ4US,Allium cernuum (Nodding Onion),,True Gallon,,Allcer12,,Flower,Flower,,,,,visible,Physical good,,,,,,,,19.00,,N,,,,N,,,0,,,,Y
#allium-tricoccum-ramp--4-5-pot,CX7RC5YHYU6MFZ6HLGWUGOA7,Allium tricoccum (Ramp),,"4.5"" Pot",,Alltri3,"Rare delicacies, clipping leaves can add great garlic-like flavor to cooking.

Size: Height: 0.5' - 0.5' ; Width: 1' -2'
Light: Shade (Full)
Moisture: Moist,

-

Fungus Guy [CC BY-SA (https://creativecommons.org/licenses/by-sa/3.0)]
Fungus Guy [CC BY-SA (https://creativecommons.org/licenses/by-sa/3.0)]",Flower,Flower,,,,,hidden,Physical good,,,,N,N,N,Y,13.00,,N,,,,,,,0,,,,Y
#allium-tricoccum-ramp--gallon,ZFW6XI7XNIQLU4NOQX6VGSXZ,Allium tricoccum (Ramp),,Gallon,,Alltri9,,Flower,Flower,,,,,hidden,Physical good,,,,,,,,19.00,,N,,,,,,,0,,,,Y
#allium-tricoccum-ramp--true-gallon,GMKJ5FEULZAVYFWBZTPTUCIU,Allium tricoccum (Ramp),,True Gallon,,Alltri12,,Flower,Flower,,,,,hidden,Physical good,,,,,,,,21.00,,N,,,,,,,0,,,,Y
#alnus-serrulata-hazel-alder--gallon,Z7YK3Y6GEMG5AGE7LRTEBQP4,Alnus serrulata (Hazel Alder),,Gallon,,Alnser9,"Small, deciduous tree with smooth grey bark and wavy alternate leaves.  Blooms green male catkins and red female catkins in winter and spring.  Produces brown cone-like seeds that last through winter.

Size: Height: 10' - 15' ; 8' - 15'
Light: Sun (Part-Full)
Moisture: Medium,

-March 1st- May 1 2026: For sizes valued at $50 or above, a $25 discount can be applied courtesy of the Throwing Shade Virginia program. If you purchase online, this discount will be applied as a refund when you pick up your plants. (see https://rb.gy/lukcmf for details)",Shrub,Shrub,,,,,visible,Physical good,,,,N,N,N,Y,22.00,,N,,N,,N,,,0,,,,Y
#alnus-serrulata-hazel-alder--true-gallon,W4C4V3QZ6KT55KLEKVIKJT7A,Alnus serrulata (Hazel Alder),,True Gallon,,Alnser12,,Shrub,Shrub,,,,,visible,Physical good,,,,,,,,25.00,,N,,,,N,,,0,,,,Y
#alnus-serrulata-hazel-alder--2-gallon,T7REMNGPZJE4P2GJD3JWDAAZ,Alnus serrulata (Hazel Alder),,2 Gallon,,Alnser15,,Shrub,Shrub,,,,,visible,Physical good,,,,,,,,37.00,,N,,,,N,,,2,,,,Y
#alnus-serrulata-hazel-alder--3-gallon,3WZPOL7YMYMFXSOHVEE2HP7J,Alnus serrulata (Hazel Alder),,3 Gallon,,Alnser18,,Shrub,Shrub,,,,,visible,Physical good,,,,,,,,50.00,,N,,,,N,,,0,,,,Y
#alnus-serrulata-hazel-alder--5-gallon,RPTR7G4VKXGXJ253ROZYSZP2,Alnus serrulata (Hazel Alder),,5 Gallon,,Alnser21,,Shrub,Shrub,,,,,visible,Physical good,,,,,,,,60.00,,N,,,,N,,,1,,,,Y
#amelanchier-canadensis-canadian-serviceberry--gallon,STLCFURXHXKSZX5EPJEBVUWY,Amelanchier canadensis (Canadian Serviceberry),,Gallon,,Amecan9,"This small tree blooms its white flowers in early spring, before the leaves emerge. Flowers give way to edible berries, which ripen to red and then dark purple in early summer. Tolerates clay.

Size: Height: 25' - 30' ; Width: 15' -20'
Light: Sun (Part-Full)
Moisture: Medium,

-March 1st- May 1 2026: For sizes valued at $50 or above, a $25 discount can be applied courtesy of the Throwing Shade Virginia program. If you purchase online, this discount will be applied as a refund when you pick up your plants. (see https://rb.gy/lukcmf for details)

By Plant Image Library - Amelanchier canadensis (Thicket Serviceberry), CC BY-SA 2.0, https://commons.wikimedia.org/w/index.php?curid=55245277
By jeansef - Own work, CC BY-SA 4.0, https://commons.wikimedia.org/w/index.php?curid=49500787
By Rasbak - Own work, CC BY-SA 3.0, https://commons.wikimedia.org/w/index.php?curid=108919",Tree,Tree,,,,,visible,Physical good,,,,N,N,N,Y,22.00,,N,,N,,N,,,0,,,,Y
#amelanchier-canadensis-canadian-serviceberry--true-gallon,IRFPZPJXT6ACW3ZN7ELHWPWS,Amelanchier canadensis (Canadian Serviceberry),,True Gallon,,Amecan12,,Tree,Tree,,,,,visible,Physical good,,,,,,,,25.00,,N,,,,N,,,1,,,,Y
#amelanchier-canadensis-canadian-serviceberry--2-gallon,MZVJTNBVVHTT7FJ5AT263TDD,Amelanchier canadensis (Canadian Serviceberry),,2 Gallon,,Amecan15,,Tree,Tree,,,,,visible,Physical good,,,,,,,,50.00,,N,,,,N,,,3,,,,Y
#amelanchier-canadensis-canadian-serviceberry--3-gallon,BGGBQGA55UBBFLNGDN2AZDWJ,Amelanchier canadensis (Canadian Serviceberry),,3 Gallon,,Amecan18,,Tree,Tree,,,,,visible,Physical good,,,,,,,,60.00,,N,,,,N,,,2,,,,Y
#amelanchier-canadensis-canadian-serviceberry--5-gallon,UJQXZQMCGFCWOFIIUPK6A6VZ,Amelanchier canadensis (Canadian Serviceberry),,5 Gallon,,Amecan21,,Tree,Tree,,,,,visible,Physical good,,,,,,,,70.00,,N,,,,N,,,1,,,,Y
#amelanchier-laevis-allegheny-serviceberry--gallon,I44SCSU3VBDPDMIFT66FK66C,Amelanchier laevis (Allegheny Serviceberry),,Gallon,,Amelae9,"Fast growing deciduous tree or shrub in the rose family.  Blooms in spring with 5-petaled, white flowers on 4-inch racemes.  Purple edible berries mature in June.

Size: Height: 15' - 25' ; Width: 15' -20'
Light: Sun (Part-Full)
Moisture: Medium, Moist, 

-March 1st- May 1 2026: For sizes valued at $50 or above, a $25 discount can be applied courtesy of the Throwing Shade Virginia program. If you purchase online, this discount will be applied as a refund when you pick up your plants. (see https://rb.gy/lukcmf for details)

Laval University, CC BY-SA 4.0 , via Wikimedia Commons,   dw_ross from Springfield, VA, USA, CC BY 2.0 , via Wikimedia Commons,   Andy Reago & Chrissy McClarren, CC BY 2.0 , via Wikimedia Commons, Ryan Hodnett, CC BY-SA 4.0 , via Wikimedia Commons",Tree,Tree,,,,,visible,Physical good,,,,N,N,N,Y,22.00,,N,,N,,N,,,0,,,,Y
#amelanchier-laevis-allegheny-serviceberry--true-gallon,NN4VENFFORIEDI6AVT7N6PHS,Amelanchier laevis (Allegheny Serviceberry),,True Gallon,,Amelae12,,Tree,Tree,,,,,visible,Physical good,,,,,,,,25.00,,N,,,,N,,,9,,,,Y
#amelanchier-laevis-allegheny-serviceberry--2-gallon,33Q7G2KBAXWHTDCFXG4LU4FI,Amelanchier laevis (Allegheny Serviceberry),,2 Gallon,,Amelae15,,Tree,Tree,,,,,visible,Physical good,,,,,,,,50.00,,N,,,,N,,,0,,,,Y
#amelanchier-laevis-allegheny-serviceberry--3-gallon,Q7CG7CHOTEAVEWTVHNZ6J3LQ,Amelanchier laevis (Allegheny Serviceberry),,3 Gallon,,Amelae18,,Tree,Tree,,,,,visible,Physical good,,,,,,,,60.00,,N,,,,N,,,0,,,,Y
#amelanchier-laevis-allegheny-serviceberry--5-gallon,ICWW7RFEIJR4TKXZD3H4CFX4,Amelanchier laevis (Allegheny Serviceberry),,5 Gallon,,Amelae21,,Tree,Tree,,,,,visible,Physical good,,,,,,,,70.00,,N,,,,N,,,0,,,,Y
#amorpha-fruticosa-false-indigo-bush-or-river-locust--gallon,TXSXFK3ZEKPJW72GPO3RTCAU,Amorpha fruticosa (False Indigo Bush or River Locust),,Gallon,,Amofru9,"Tubular, scented flowers bloom in May-June in spiked clusters, followed by small seed pods in July and August. Good for moist areas or poor soils. Attracts Butterflies.

Size: Height: 4' - 12' ; Width: 6' -15'
Light: Sun (Full)
Moisture: Dry, Moist, 

-

Dalgial, CC BY-SA 3.0 , via Wikimedia Commons",Shrub,Shrub,,,,,visible,Physical good,,,,N,N,N,Y,22.00,,N,,,,,,,0,,,,Y
#amorpha-fruticosa-false-indigo-bush-or-river-locust--true-gallon,TGKJCFTNDXAJXZBONFNTRTW3,Amorpha fruticosa (False Indigo Bush or River Locust),,True Gallon,,Amofru12,,Shrub,Shrub,,,,,visible,Physical good,,,,,,,,25.00,,N,,,,,,,25,,,,Y
#amorpha-fruticosa-false-indigo-bush-or-river-locust--2-gallon,KVYH6LDMRNHO5KUNW4XETNXZ,Amorpha fruticosa (False Indigo Bush or River Locust),,2 Gallon,,Amofru15,,Shrub,Shrub,,,,,visible,Physical good,,,,,,,,37.00,,N,,,,,,,5,,,,Y
#amorpha-fruticosa-false-indigo-bush-or-river-locust--3-gallon,AHJVBCLT73RFZNUZNMNZ3HPX,Amorpha fruticosa (False Indigo Bush or River Locust),,3 Gallon,,Amofru18,,Shrub,Shrub,,,,,visible,Physical good,,,,,,,,50.00,,N,,,,,,,0,,,,Y
#amorpha-fruticosa-false-indigo-bush-or-river-locust--5-gallon,WRLRJZ6EBNAUI223WPG25ZSQ,Amorpha fruticosa (False Indigo Bush or River Locust),,5 Gallon,,Amofru21,,Shrub,Shrub,,,,,visible,Physical good,,,,,,,,60.00,,N,,,,,,,0,,,,Y
#amorpha-nana-fragrant-false-indigo--gallon,QMHBRQ6IZQHBNSJJJA5TMHQX,Amorpha nana (Fragrant False Indigo),,Gallon,,Amonan9,"Bright green leaves and showy, upright purple flowers that emerge in summer. Deer resistant. Native to West of MS, not VA. We will sell until out and stop carrying it.

Size: Height: 1' - 2' ; Width: 1' -3'
Light: Sun (Full)
Moisture: Medium,

-

By Denis.prévôt - Own work, CC BY-SA 3.0, https://commons.wikimedia.org/w/index.php?curid=15861840",Shrub,Shrub,,,,,hidden,Physical good,,,,N,N,N,Y,22.00,,N,,,,,,,0,,,,Y
#amorpha-nana-fragrant-false-indigo--true-gallon,QMOWCUCPYFI7WVVK67CLY6PS,Amorpha nana (Fragrant False Indigo),,True Gallon,,Amonan12,,Shrub,Shrub,,,,,hidden,Physical good,,,,,,,,25.00,,N,,,,,,,0,,,,Y
#amorpha-nana-fragrant-false-indigo--2-gallon,5TCC4WKV6LYP2B37VARII7NL,Amorpha nana (Fragrant False Indigo),,2 Gallon,,Amonan15,,Shrub,Shrub,,,,,hidden,Physical good,,,,,,,,37.00,,N,,,,,,,0,,,,Y
#amorpha-nana-fragrant-false-indigo--3-gallon,YPBPUUC25ONQBOIMCUGYJODH,Amorpha nana (Fragrant False Indigo),,3 Gallon,,Amonan18,,Shrub,Shrub,,,,,hidden,Physical good,,,,,,,,50.00,,N,,,,,,,0,,,,Y
#amorpha-nana-fragrant-false-indigo--5-gallon,CHD3OQ5ISOGX32C3UKEBT466,Amorpha nana (Fragrant False Indigo),,5 Gallon,,Amonan21,,Shrub,Shrub,,,,,hidden,Physical good,,,,,,,,60.00,,N,,,,,,,0,,,,Y
#amsonia-tabernaemontana-bluestar--4-5-pot,6Y7MEEWP5VXVJGCS3QND45MM,Amsonia tabernaemontana (Bluestar),,"4.5"" Pot",,Amstab3,"Easy to grow plant with a variety of uses. An upright, clump-forming plant with light blue, star-like flowers in late spring. Drought Tolerant. Deer tolerant. Tolerates clay soil.

Size: Height: 2' - 3' ; Width: 2' -3'
Light: Sun (Part-Full)
Moisture: Dry, Medium,

-

Photo by David J. Stang [CC BY-SA (https://creativecommons.org/licenses/by-sa/4.0)]
Sten Porse [CC BY-SA (https://creativecommons.org/licenses/by-sa/3.0)]",Flower,Flower,,,,,hidden,Physical good,,,,N,N,N,Y,12.00,,N,,N,,N,,,0,,,,Y
#amsonia-tabernaemontana-bluestar--gallon,K6HGHK4BRHC446SOEMZ3EP2M,Amsonia tabernaemontana (Bluestar),,Gallon,,Amstab9,,Flower,Flower,,,,,hidden,Physical good,,,,,,,,17.00,,N,,,,N,,,0,,,,Y
#amsonia-tabernaemontana-bluestar--true-gallon,LGZ7XUTV4GUYGGLFTP3ACFO7,Amsonia tabernaemontana (Bluestar),,True Gallon,,Amstab12,,Flower,Flower,,,,,hidden,Physical good,,,,,,,,19.00,,N,,,,N,,,0,,,,Y
#anaphalis-margaritacea-pearly-everlasting--4-5-pot,KRINZZI2C4XZF5AWLPMD4PE6,Anaphalis margaritacea (Pearly Everlasting),,"4.5"" Pot",,Anamar3,"Herbaceous perennial or biennial. Long-lasting, yellowish-white flowers bloom in late summer.  Hairy, soft grey stem. Tolerates frost, most soils, and light shade.   Dioecious.  Dried stalks are perfect for floral arrangements.

Size: Height: 1' - 3' ; Width: 1' -2'
Light: Sun (Full)
Moisture: Medium, 

-

Krzysztof Ziarnek, Kenraiz, CC BY-SA 4.0 , via Wikimedia Commons,  Agnieszka Kwiecie?, Nova, CC BY-SA 4.0 , via Wikimedia Commons",Flower,Flower,,,,,visible,Physical good,,,,N,N,N,Y,12.00,,N,,,,,,,52,,,,Y
#anaphalis-margaritacea-pearly-everlasting--gallon,JQL4D47VSMVABGLCXG2FM6UN,Anaphalis margaritacea (Pearly Everlasting),,Gallon,,Anamar9,,Flower,Flower,,,,,visible,Physical good,,,,,,,,17.00,,N,,,,,,,0,,,,Y
#anaphalis-margaritacea-pearly-everlasting--true-gallon,NTPLPOQ2HUVURGRICFUJMC3Q,Anaphalis margaritacea (Pearly Everlasting),,True Gallon,,Anamar12,,Flower,Flower,,,,,visible,Physical good,,,,,,,,19.00,,N,,,,,,,0,,,,Y
#andropogon-gerardii-big-bluestem--3-5-pot,TGRMOUTZHPGZDHARKRRFFERR,Andropogon gerardii (Big Bluestem),,"3.5"" Pot",,Andger2,"Tall prairie grass with leaves and stems that change color with the seasons. Grows well in any soil. Deer and drought resistant.

Size: Height: 5' - 8' ; Width: 2' -3'
Light: Sun (Full)
Moisture: Dry, Medium, 

-

Matt Lavin from Bozeman, Montana, USA, CC BY-SA 2.0 , via Wikimedia Commons",Grass,Grass,,,,,visible,Physical good,,,,N,N,N,Y,8.00,,N,,,,,,,24,,,,Y
#andropogon-gerardii-big-bluestem--4-5-pot,CROFSMXPVR3XRHQKIDU3JHD5,Andropogon gerardii (Big Bluestem),,"4.5"" Pot",,Andger3,,Grass,Grass,,,,,visible,Physical good,,,,,,,,9.00,,N,,,,,,,0,,,,Y
#andropogon-gerardii-big-bluestem--gallon,UVFQSNWMSBJZM5SNMRO7O6WT,Andropogon gerardii (Big Bluestem),,Gallon,,Andger9,,Grass,Grass,,,,,visible,Physical good,,,,,,,,13.00,,N,,,,,,,0,,,,Y
#andropogon-virginicus-broom-sedge--3-5-pot,2YPGN6234JCKLX2Y5XEBQLR7,Andropogon virginicus (Broom Sedge),,"3.5"" Pot",,Andvir2,"A clump forming grass that turns a golden orange in the fall and winter, creating spectacular views. Does well in poor soils and tolerates salt well.

Size: Height: 2' - 3' ; Width: 2' -3'
Light: Sun (Full)
Moisture: Dry, Medium,

-

By Forest & Kim Starr, CC BY 3.0, https://commons.wikimedia.org/w/index.php?curid=6163753",Grass,Grass,,,,,hidden,Physical good,,,,N,N,N,Y,8.00,,N,,,,,,,0,,,,Y
#andropogon-virginicus-broom-sedge--4-5-pot,SSL23H3Q7MHYBDDSFMJTMCVZ,Andropogon virginicus (Broom Sedge),,"4.5"" Pot",,Andvir3,,Grass,Grass,,,,,hidden,Physical good,,,,,,,,9.00,,N,,,,,,,0,,,,Y
#andropogon-virginicus-broom-sedge--gallon,6W4HNCT6YUBJXBVXKI7F46W3,Andropogon virginicus (Broom Sedge),,Gallon,,Andvir9,,Grass,Grass,,,,,hidden,Physical good,,,,,,,,13.00,,N,,,,,,,0,,,,Y
#anemone-canadensis-canada-anemone--4-5-pot,Q7UPVM4TFQHUOKKTQP5P36QF,Anemone canadensis (Canada Anemone),,"4.5"" Pot",,Anecan3,"Small white flowering plant that forms impressive large colonies through rhizomes.

Size: Height: 1' - 2' ; Width: 2' -2.5'
Light: Sun (Part-Full)
Moisture: Medium, 

-

John B. (Dendroica cerulea), CC BY 2.0 , via Wikimedia Commons,  Krzysztof Ziarnek, Kenraiz, CC BY-SA 4.0 , via Wikimedia Commons",Flower,Flower,,,,,hidden,Physical good,,,,N,N,N,Y,12.00,,N,,N,,,,,0,,,,Y
#anemone-canadensis-canada-anemone--gallon,VTBRWXJV35DLPCIZZ43N4V7H,Anemone canadensis (Canada Anemone),,Gallon,,Anecan9,,Flower,Flower,,,,,hidden,Physical good,,,,,,,,17.00,,N,,,,,,,0,,,,Y
#anemone-canadensis-canada-anemone--true-gallon,4P3CE7CFM7ODFLYBF4WTLIAK,Anemone canadensis (Canada Anemone),,True Gallon,,Anecan12,,Flower,Flower,,,,,hidden,Physical good,,,,,,,,19.00,,N,,,,,,,0,,,,Y
#anemone-virginiana-tall-anemone--4-5-pot,MMWTQGRGCPTEXTFUNDLMMPJP,Anemone virginiana (Tall Anemone),,"4.5"" Pot",,Anevir3,"Occurring in dry, rocky terrain, this perennial can also thrive in moist, humusly soils. In the spring, 1"" five pointed white flowers bloom around a central mound of stamens. Deer, drought, shade tolerant.

Size: Height: 2' - 4' ; Width: 1' -2'
Light: Shade (Part-Full)
Moisture: Medium,

-

Eric Hunt, CC BY-SA 4.0 , via Wikimedia Commons",Flower,Flower,,,,,hidden,Physical good,,,,N,N,N,Y,12.00,,N,,,,N,,,0,,,,Y
#anemone-virginiana-tall-anemone--gallon,MXLPB4WMCPXKI5JA4NVZNBYD,Anemone virginiana (Tall Anemone),,Gallon,,Anevir9,,Flower,Flower,,,,,hidden,Physical good,,,,,,,,17.00,,N,,,,N,,,0,,,,Y
#anemone-virginiana-tall-anemone--true-gallon,TDFDKSDG367M4UYACXYBG2ZX,Anemone virginiana (Tall Anemone),,True Gallon,,Anevir12,,Flower,Flower,,,,,hidden,Physical good,,,,,,,,19.00,,N,,,,N,,,0,,,,Y
#antennaria-neglecta-field-pussytoes--4-5-pot,3YK5ZICZXDWRLWYPAK7XEY7I,Antennaria neglecta (Field Pussytoes),,"4.5"" Pot",,Antneg3,"Small mat forming perennial. Wholly stems, leaves and flower heads. White disk like flowers rise on stalk from basal rosette in spring. Dioecious plant. Females produce seed-like achenes. Attracts butterflies.

Size: Height: 0.5' - 1' ; Width: 0.5' -1'
Light: Sun (Part-Full)
Moisture: Dry, Medium,

-

El Grafo, CC BY-SA 3.0 , via Wikimedia Commons
wackybadger, CC BY-SA 2.0 , via Wikimedia Commons
El Grafo, CC BY-SA 3.0 , via Wikimedia Commons",Flower,Flower,,,,,visible,Physical good,,,,N,N,N,Y,12.00,,N,,N,,N,,,30,,,,Y
#antennaria-neglecta-field-pussytoes--gallon,SP22LIGE4YYYG6OYR4AUKZXY,Antennaria neglecta (Field Pussytoes),,Gallon,,Antneg9,,Flower,Flower,,,,,visible,Physical good,,,,,,,,17.00,,N,,,,N,,,0,,,,Y
#antennaria-neglecta-field-pussytoes--true-gallon,FRTVD3FSP7YK5EPWY6AVRWLI,Antennaria neglecta (Field Pussytoes),,True Gallon,,Antneg12,,Flower,Flower,,,,,visible,Physical good,,,,,,,,19.00,,N,,,,N,,,0,,,,Y
#antennaria-parlinii-parlin-s-pussytoes--4-5-pot,RO6SYI4UYBNZMWFQN72OCJKZ,Antennaria parlinii (Parlin's Pussytoes),,"4.5"" Pot",,Antpar3,"Small mat forming perennial that blooms fuzzy white flower heads in spring.  Larger blooms compared to other species of pussytoes. Drought and rocky soil tolerant.  Attracts butterflies.

Size: Height: 0.5' - 1' ; Width: 0.5' -1'
Light: Sun (Part-Full)
Moisture: Dry, Medium, 

-

Aaron Carlson, CC BY 4.0 , via Wikimedia Commons, sonnia hill, CC BY 2.0 , via Wikimedia Commons",Flower,Flower,,,,,visible,Physical good,,,,N,N,N,Y,12.00,,N,,N,,N,,,389,,,,Y
#antennaria-parlinii-parlin-s-pussytoes--gallon,U3ZUXRQCRS4MKWZURY62BZO4,Antennaria parlinii (Parlin's Pussytoes),,Gallon,,Antpar9,,Flower,Flower,,,,,visible,Physical good,,,,,,,,17.00,,N,,,,N,,,0,,,,Y
#antennaria-parlinii-parlin-s-pussytoes--true-gallon,FIIZGYVSU7FELW5ZCHF2RC45,Antennaria parlinii (Parlin's Pussytoes),,True Gallon,,Antpar12,,Flower,Flower,,,,,visible,Physical good,,,,,,,,19.00,,N,,,,N,,,0,,,,Y
#antennaria-plantaginifolia-pussytoes--4-5-pot,OZO5XYNABHBVFIRD5FKDDFEM,Antennaria plantaginifolia (Pussytoes),,"4.5"" Pot",,Antpla3,"Soft, gray foliage. Fuzzy, whitish flower heads with pink bloom in the spring. Can spread to form colonies. Drought and rocky soil Tolerant. Attracts butterflies.

Size: Height: 1' - 1' ; Width: 1' -2'
Light: Sun (Part-Full)
Moisture: Dry, Medium, 

-

Krzysztof Ziarnek, Kenraiz [CC BY-SA (https://creativecommons.org/licenses/by-sa/4.0)], Fritzflohrreynolds, CC BY-SA 3.0 , via Wikimedia Commons",Flower,Flower,,,,,visible,Physical good,,,,N,N,N,Y,12.00,,N,,,,N,,,11,,,,Y
#antennaria-plantaginifolia-pussytoes--gallon,WJTZBXKQ32O7FOJCL2Q7QXO3,Antennaria plantaginifolia (Pussytoes),,Gallon,,Antpla9,,Flower,Flower,,,,,visible,Physical good,,,,,,,,17.00,,N,,,,N,,,0,,,,Y
#antennaria-plantaginifolia-pussytoes--true-gallon,SAOEZQFDXDIUR2CAUYR6FH7W,Antennaria plantaginifolia (Pussytoes),,True Gallon,,Antpla12,,Flower,Flower,,,,,visible,Physical good,,,,,,,,19.00,,N,,,,N,,,0,,,,Y
#aplectrum-hyemale-adam-and-eve-orchid--4-5-pot,GYRUG2K32RKJ5QIR4EQGDR7I,Aplectrum hyemale (Adam and Eve Orchid),,"4.5"" Pot",,Aplhye3,"Single leaf from late November to March.  Leaves are pin-striped, with alternating silvery-white and green stripes. Late May to early June, flower stalk emerges with flowers

Size: Height: 1' - 2' ; Width: 0.5' -1'
Light: Shade (Part-Full)
Moisture: Medium, 

-

Allefant, CC BY-SA 4.0 , via Wikimedia Commons,   Allefant, CC BY-SA 4.0 , via Wikimedia Commons,    Choess, CC BY-SA 3.0 , via Wikimedia Commons",Flower,Flower,,,,,hidden,Physical good,,,,N,N,N,Y,15.00,,N,,N,,N,,,0,,,,Y
#aplectrum-hyemale-adam-and-eve-orchid--gallon,TVB3AQHBT3TB47IOESHYL5FS,Aplectrum hyemale (Adam and Eve Orchid),,Gallon,,Aplhye9,,Flower,Flower,,,,,hidden,Physical good,,,,,,,,21.00,,N,,,,N,,,0,,,,Y
#aplectrum-hyemale-adam-and-eve-orchid--true-gallon,QP6UXNVCP3L7F3GT24MNF4TZ,Aplectrum hyemale (Adam and Eve Orchid),,True Gallon,,Aplhye12,,Flower,Flower,,,,,hidden,Physical good,,,,,,,,23.00,,N,,,,N,,,0,,,,Y
#aquilegia-canadensis-eastern-columbine--4-5-pot,LPF3O2UZX54JCOL4XFZWFA7K,Aquilegia canadensis (Eastern Columbine),,"4.5"" Pot",,Aqucan3,"Beautiful, red-and-yellow, bell-shaped hanging flowers bloom in spring and attract hummingbirds. Deer and drought tolerant.

Size: Height: 2' - 3' ; Width: 1' -1'
Light: Shade (Part-Full)
Moisture: Dry, Medium, 

-

Ragesoss, CC BY-SA 3.0 , via Wikimedia Commons",Flower,Flower,,,,,visible,Physical good,,,,N,N,N,Y,12.00,,N,,,,N,,,366,,,,Y
#aquilegia-canadensis-eastern-columbine--gallon,DEJAXPO5IOQD4M7GRD2PN4RO,Aquilegia canadensis (Eastern Columbine),,Gallon,,Aqucan9,,Flower,Flower,,,,,visible,Physical good,,,,,,,,17.00,,N,,,,N,,,0,,,,Y
#aquilegia-canadensis-eastern-columbine--true-gallon,PRMSOO6763YUSAOKHSUNSOVX,Aquilegia canadensis (Eastern Columbine),,True Gallon,,Aqucan12,,Flower,Flower,,,,,visible,Physical good,,,,,,,,19.00,,N,,,,N,,,0,,,,Y
#aralia-racemosa-spikenard--4-5-pot,3KFCXDEMP6N2C2GDBSJUVCZ4,Aralia racemosa (Spikenard),,"4.5"" Pot",,Ararac3,"Thicket forming herbacous perennial grows in a shrub like stature.  Dark maroon stem rises above plant blooming green-white flowers that mature to red fruits in fall. Attracts native bees and birds.

Size: Height: 3' - 5' ; Width: 3' - 5'
Light: Shade (Part-Full)
Moisture: Medium, Moist, 

-

Alex Abair, CC BY 4.0 , via Wikimedia Commons,  Cephas, CC BY-SA 4.0 , via Wikimedia Commons,  Laval University, CC BY-SA 4.0 , via Wikimedia Commons",Flower,Flower,,,,,hidden,Physical good,,,,N,N,N,Y,12.00,,N,,N,,N,,,0,,,,Y
#aralia-racemosa-spikenard--gallon,6OKMO5EF2FTKSXSQSK3AZ4T4,Aralia racemosa (Spikenard),,Gallon,,Ararac9,,Flower,Flower,,,,,hidden,Physical good,,,,,,,,17.00,,N,,,,N,,,0,,,,Y
#aralia-racemosa-spikenard--true-gallon,DAJ25OWRN32H4EWXMSSAO4D2,Aralia racemosa (Spikenard),,True Gallon,,Ararac12,,Flower,Flower,,,,,hidden,Physical good,,,,,,,,19.00,,N,,,,N,,,0,,,,Y
#arisaema-triphyllum-jack-in-the-pulpit--4-5-pot,3CNZXUG5QPUKTW237XEWE3FW,Arisaema triphyllum (Jack in the Pulpit),,"4.5"" Pot",,Aritri3,"A green and brown hood conceals a ""jack"" covered in purple flowers in late spring. Flower becomes bright red berries in late summer that feed wildlife. Unique, easy to care for.

Size: Height: 1' - 2' ; Width: 1' -2'
Light: Shade (Full)
Moisture: Medium, Moist,

-

???? [CC BY-SA 2.5 CA (https://creativecommons.org/licenses/by-sa/2.5/ca/deed.en)]",Flower,Flower,,,,,hidden,Physical good,,,,N,N,N,Y,15.00,,N,,,,,,,0,,,,Y
#arisaema-triphyllum-jack-in-the-pulpit--gallon,MEPBGCZKJ42UZZUYU5E6BIOW,Arisaema triphyllum (Jack in the Pulpit),,Gallon,,Aritri9,,Flower,Flower,,,,,hidden,Physical good,,,,,,,,21.00,,N,,,,,,,0,,,,Y
#arisaema-triphyllum-jack-in-the-pulpit--true-gallon,ONWBDKJKN4OEEBMMGGT25NIM,Arisaema triphyllum (Jack in the Pulpit),,True Gallon,,Aritri12,,Flower,Flower,,,,,hidden,Physical good,,,,,,,,23.00,,N,,,,,,,0,,,,Y
#aristolochia-tomentosa-wooly-dutchmans-pipe--4-5-pot,Y5WXFSYWHEJYVPVWV5PPUOVC,Aristolochia tomentosa (Wooly Dutchmans Pipe),,"4.5"" Pot",,Aritom3,"Deciduous, woody vine with hairy, heart-shaped leaves.  Blooms unique yellow and purple flowers in spring and summer. Native to TN & WV; Not native to VA

Size: Height: 20' - 30' ; 5' - 10'
Light: Sun (Part-Full)
Moisture: Medium,

-",Vine,Vine,,,,,visible,Physical good,,,,N,N,N,Y,25.00,,N,,N,,N,,,0,,,,Y
#aristolochia-tomentosa-wooly-dutchmans-pipe--gallon,LCRUX7CIVYOWI33ZYFI3NOYO,Aristolochia tomentosa (Wooly Dutchmans Pipe),,Gallon,,Aritom9,,Vine,Vine,,,,,visible,Physical good,,,,,,,,37.00,,N,,,,N,,,3,,,,Y
#aristolochia-tomentosa-wooly-dutchmans-pipe--2-gallon,TD6APXIVNKMEEK7JD2JJTDEQ,Aristolochia tomentosa (Wooly Dutchmans Pipe),,2 Gallon,,Aritom15,,Vine,Vine,,,,,visible,Physical good,,,,,,,,60.00,,N,,,,N,,,0,,,,Y
#aronia-arbutifolia-red-chokeberry--gallon,S7BOMJEKR65DFSHUCREDV4GT,Aronia arbutifolia (Red Chokeberry),,Gallon,,Aroarb9,"Pink flowers emerge in spring, giving way to clusters of red fruits that can persist to winter. Leaves turn bright red in fall. Can form colonies through suckering. Tolerates clays and boggy soil.

Size: Height: 6' - 8' ; Width: 3' -4'
Light: Sun (Part-Full)
Moisture: Medium, Moist,

-March 1st- May 1 2026: For sizes valued at $50 or above, a $25 discount can be applied courtesy of the Throwing Shade Virginia program. If you purchase online, this discount will be applied as a refund when you pick up your plants. (see https://rb.gy/lukcmf for details)

By Photo by David J. Stang - source: David Stang. First published at ZipcodeZoo.com, CC BY-SA 4.0, https://commons.wikimedia.org/w/index.php?curid=107839102
By Daderot - Own work, CC0, https://commons.wikimedia.org/w/index.php?curid=27519289
By Photo by David Stang - source: David Stang. First published at ZipcodeZoo.com, CC BY-SA 4.0, https://commons.wikimedia.org/w/index.php?curid=60779008",Shrub,Shrub,,,,,visible,Physical good,,,,N,N,N,Y,22.00,,N,,,,,,,0,,,,Y
#aronia-arbutifolia-red-chokeberry--true-gallon,YXLUNIA4PEBPPDGK3JSVKLLW,Aronia arbutifolia (Red Chokeberry),,True Gallon,,Aroarb12,,Shrub,Shrub,,,,,visible,Physical good,,,,,,,,25.00,,N,,,,,,,7,,,,Y
#aronia-arbutifolia-red-chokeberry--2-gallon,NSE2D7EZF2IMOOI47344ZBVT,Aronia arbutifolia (Red Chokeberry),,2 Gallon,,Aroarb15,,Shrub,Shrub,,,,,visible,Physical good,,,,,,,,37.00,,N,,,,,,,0,,,,Y
#aronia-arbutifolia-red-chokeberry--3-gallon,VOZAFVZX6DLEOHRNGHIN3IQA,Aronia arbutifolia (Red Chokeberry),,3 Gallon,,Aroarb18,,Shrub,Shrub,,,,,visible,Physical good,,,,,,,,50.00,,N,,,,,,,0,,,,Y
#aronia-arbutifolia-red-chokeberry--5-gallon,HZRHOFHJAPABSJIWKW3LJQ7F,Aronia arbutifolia (Red Chokeberry),,5 Gallon,,Aroarb21,,Shrub,Shrub,,,,,visible,Physical good,,,,,,,,60.00,,N,,,,,,,0,,,,Y
#aronia-melanocarpa-black-chokeberry--gallon,GK6K67KO5GULTQQ2Y63KM6OY,Aronia melanocarpa (Black Chokeberry),,Gallon,,Aromel9,"Clusters of  white flowers in late spring, with black autumn berries and purple/red fall color. Tolerates wet soil.

Size: Height: 3' - 6' ; Width: 3' -6'
Light: Sun (Part-Full)
Moisture: Medium, Standing Water,

-March 1st- May 1 2026: For sizes valued at $50 or above, a $25 discount can be applied courtesy of the Throwing Shade Virginia program. If you purchase online, this discount will be applied as a refund when you pick up your plants. (see https://rb.gy/lukcmf for details)",Shrub,Shrub,,,,,visible,Physical good,,,,N,N,N,Y,22.00,,N,,,,,,,0,,,,Y
#aronia-melanocarpa-black-chokeberry--true-gallon,4Y65WFKAAE6C324BPKY44PHC,Aronia melanocarpa (Black Chokeberry),,True Gallon,,Aromel12,,Shrub,Shrub,,,,,visible,Physical good,,,,,,,,25.00,,N,,,,,,,7,,,,Y
#aronia-melanocarpa-black-chokeberry--2-gallon,JH742ELOM33KKVZBKHX6R2DY,Aronia melanocarpa (Black Chokeberry),,2 Gallon,,Aromel15,,Shrub,Shrub,,,,,visible,Physical good,,,,,,,,37.00,,N,,,,,,,8,,,,Y
#aronia-melanocarpa-black-chokeberry--3-gallon,JDSVURQBRC6IRTHDHZ36JXRW,Aronia melanocarpa (Black Chokeberry),,3 Gallon,,Aromel18,,Shrub,Shrub,,,,,visible,Physical good,,,,,,,,50.00,,N,,,,,,,2,,,,Y
#aronia-melanocarpa-black-chokeberry--5-gallon,C34UALUIDLIHMQR4T744BZFX,Aronia melanocarpa (Black Chokeberry),,5 Gallon,,Aromel21,,Shrub,Shrub,,,,,visible,Physical good,,,,,,,,60.00,,N,,,,,,,0,,,,Y
#aruncus-dioicus-goatsbeard--4-5-pot,PKQEE42J3MPAIH3L5SH4NOLA,Aruncus dioicus (Goatsbeard),,"4.5"" Pot",,Arudio3,"Tall, erect bush found in moist woodlands. Plumes of tiny white flowers rise above the foliage in Spring.

Size: Height: 4' - 6' ; Width: 2' -4'
Light: Shade (Part-Full)
Moisture: Medium, 

-

Agnieszka Kwiecie?, Nova, CC BY-SA 4.0 , via Wikimedia Commons; 
User:Tigerente, CC BY-SA 3.0 , via Wikimedia Commons",Flower,Flower,,,,,hidden,Physical good,,,,N,N,N,Y,12.00,,N,,,,,,,0,,,,Y
#aruncus-dioicus-goatsbeard--gallon,HEMEFGT4RBLR3DNU33H7ZMN5,Aruncus dioicus (Goatsbeard),,Gallon,,Arudio9,,Flower,Flower,,,,,hidden,Physical good,,,,,,,,17.00,,N,,,,,,,0,,,,Y
#aruncus-dioicus-goatsbeard--true-gallon,QRUEJXKVDQ2R4WRFFHBXK2WE,Aruncus dioicus (Goatsbeard),,True Gallon,,Arudio12,,Flower,Flower,,,,,hidden,Physical good,,,,,,,,19.00,,N,,,,,,,0,,,,Y
#asarum-canadense-wild-ginger--4-5-pot,CN74F5MDIOSP2YUN7SVH6OKY,Asarum canadense (Wild Ginger),,"4.5"" Pot",,Asacan3,"Cup-shaped, purple flowers appear in spring grow close to the ground. Great for use as ground cover in shady areas. Deer Tolerant.

Size: Height: 0.5' - 0.5' ; Width: 0.5' -0.5'
Light: Shade (Full)
Moisture: Dry, Moist, 

-

Fritzflohrreynolds, CC BY-SA 3.0 , via Wikimedia Commons",Flower,Flower,,,,,hidden,Physical good,,,,N,N,N,Y,15.00,,N,,N,,,,,0,,,,Y
#asarum-canadense-wild-ginger--gallon,PCL4IF2BGMVRYTTLARRR5OJP,Asarum canadense (Wild Ginger),,Gallon,,Asacan9,,Flower,Flower,,,,,hidden,Physical good,,,,,,,,21.00,,N,,,,,,,0,,,,Y
#asarum-canadense-wild-ginger--true-gallon,XAJVKI4CXC5F47AFEJHZIE56,Asarum canadense (Wild Ginger),,True Gallon,,Asacan12,,Flower,Flower,,,,,hidden,Physical good,,,,,,,,23.00,,N,,,,,,,0,,,,Y
#asclepias-exaltata-poke-milkweed--4-5-pot,5RKBK5X4M44TIFWCIRO62Y6Z,Asclepias exaltata (Poke Milkweed),,"4.5"" Pot",,Ascexa3,"Perennial wildflower plant in the dogbane family.   Species get their name from the Latin word exaltata, meaning “lofty,” due to  the species tall stature.  Requires moist, acid-to-neutral pH soil with high organic content.  Great plant for the boarders of a pollinator garden

Size: Height: 2' - 7' ; Width: 0.5' -2'
Light: Sun (Part-Full)
Moisture: Medium, 

-

peganum, CC BY-SA 2.0 , via Wikimedia Commons, peganum, CC BY-SA 2.0 , via Wikimedia Commons, Joshua Mayer from Madison, WI, USA, CC BY-SA 2.0 , via Wikimedia Commons",Flower,Flower,,,,,visible,Physical good,,,,N,N,N,Y,13.00,,N,,,,,,,0,,,,Y
#asclepias-exaltata-poke-milkweed--gallon,MOJSWCQK4V74PHBVBDK7LHIV,Asclepias exaltata (Poke Milkweed),,Gallon,,Ascexa9,,Flower,Flower,,,,,visible,Physical good,,,,,,,,19.00,,N,,,,,,,0,,,,Y
#asclepias-exaltata-poke-milkweed--true-gallon,EIDKLL6JBFZE3EOJJ44VQRX4,Asclepias exaltata (Poke Milkweed),,True Gallon,,Ascexa12,,Flower,Flower,,,,,visible,Physical good,,,,,,,,21.00,,N,,,,,,,0,,,,Y
#asclepias-incarnata-rose-milkweed--4-5-pot,KXXL74RUXBQOJN5ALQXSV3JN,Asclepias incarnata (Rose Milkweed),,"4.5"" Pot",,Ascinc3,"Small, fragrant pink flowers appear in tight clusters at end of summer. Surprisingly tolerant of average soil. Butterfly attractant and supports Monarchs. Deer, Clay, and Wet Soil Tolerant.

Size: Height: 4' - 5' ; Width: 2' -3'
Light: Sun (Full)
Moisture: Moist,

-

Jasper Shide, CC0, via Wikimedia Commons",Flower,Flower,,,,,visible,Physical good,,,,N,N,N,Y,13.00,,N,,,,,,,0,,,,Y
#asclepias-incarnata-rose-milkweed--gallon,SNQ56H3GJPJAG7EZUWW5Y4QA,Asclepias incarnata (Rose Milkweed),,Gallon,,Ascinc9,,Flower,Flower,,,,,visible,Physical good,,,,,,,,19.00,,N,,,,,,,51,,,,Y
#asclepias-incarnata-rose-milkweed--true-gallon,44LXKSHD7BXM6RCQ6YZF25KB,Asclepias incarnata (Rose Milkweed),,True Gallon,,Ascinc12,,Flower,Flower,,,,,visible,Physical good,,,,,,,,21.00,,N,,,,,,,0,,,,Y
#asclepias-purpurascens-purple-milkweed--4-5-pot,VRNLMV34B4TBLTAA4WDUVHLH,Asclepias purpurascens (Purple Milkweed),,"4.5"" Pot",,Ascpur3,"Tall milkweed that blooms deep purple and rose pink flowers.  Spreads vigorously through seeds and rhizomes.  Best for naturalized areas.  Drought and deer resistant.  Attracts bees and butterflies.

Size: Height: 2' - 3' ; Width: 1' - 3'
Light: Sun (Part-Full)
Moisture: Medium, 

-

Photo by and (c)2009 Derek Ramsey (Ram-Man), GFDL 1.2 , via Wikimedia Commons",Flower,Flower,,,,,hidden,Physical good,,,,N,N,N,Y,15.00,,N,,N,,N,,,0,,,,Y
#asclepias-purpurascens-purple-milkweed--gallon,SXDTWIQPZEZV5O257QDSAOK5,Asclepias purpurascens (Purple Milkweed),,Gallon,,Ascpur9,,Flower,Flower,,,,,hidden,Physical good,,,,,,,,21.00,,N,,,,N,,,0,,,,Y
#asclepias-purpurascens-purple-milkweed--true-gallon,ONXQZ2U5AVIFC2K4W2BLG3EB,Asclepias purpurascens (Purple Milkweed),,True Gallon,,Ascpur12,,Flower,Flower,,,,,hidden,Physical good,,,,,,,,23.00,,N,,,,N,,,0,,,,Y
#asclepias-syriaca-common-milkweed--4-5-pot,MBA5NWN4VHQ7ULCC6VUZMOM7,Asclepias syriaca (Common Milkweed),,"4.5"" Pot",,Ascsyr3,"Milkweed, which native pollinators love, is critically important for monarch butterflies and will vigorously spread to fill a garden.

Size: Height: 4' - 6' ; Width: 0.5' -1'
Light: Sun (Full)
Moisture: Dry, Medium,

-",Flower,Flower,,,,,hidden,Physical good,,,,N,N,N,Y,9.00,,N,,,,,,,0,,,,Y
#asclepias-syriaca-common-milkweed--gallon,FAWDPBQ6WNQ7SGUTXNSQYYUB,Asclepias syriaca (Common Milkweed),,Gallon,,Ascsyr9,,Flower,Flower,,,,,hidden,Physical good,,,,,,,,15.00,,N,,,,,,,0,,,,Y
#asclepias-syriaca-common-milkweed--true-gallon,XTQWRQCZZK35L5K2RVUGINNS,Asclepias syriaca (Common Milkweed),,True Gallon,,Ascsyr12,,Flower,Flower,,,,,hidden,Physical good,,,,,,,,17.00,,N,,,,,,,0,,,,Y
#asclepias-tuberosa-butterfly-weed-milkweed--4-5-pot,3WBGPAW75DFSUXKINM6IINEO,Asclepias tuberosa (Butterfly Weed Milkweed),,"4.5"" Pot",,Asctub3,"Iconic bright, orange flowers are important for monarch butterflies and caterpillars and other pollinators. Drought tolerant. 

Size: Height: 1' - 2' ; Width: 1' -1.5'
Light: Sun (Full)
Moisture: Very Dry, Medium, 

-

miquelon, CC BY 4.0 , via Wikimedia Commons; 
Ragesoss, CC BY-SA 3.0 , via Wikimedia Commons",Flower,Flower,,,,,visible,Physical good,,,,N,N,N,Y,13.00,,N,,N,,,,,18,,,,Y
#asclepias-tuberosa-butterfly-weed-milkweed--gallon,3RRJFON3DOC6XTDUDZN6LWOM,Asclepias tuberosa (Butterfly Weed Milkweed),,Gallon,,Asctub9,,Flower,Flower,,,,,visible,Physical good,,,,,,,,19.00,,N,,,,,,,0,,,,Y
#asclepias-tuberosa-butterfly-weed-milkweed--true-gallon,YCXTMX4MCQ4RDEEQ3VHBK74V,Asclepias tuberosa (Butterfly Weed Milkweed),,True Gallon,,Asctub12,,Flower,Flower,,,,,visible,Physical good,,,,,,,,21.00,,N,,,,,,,0,,,,Y
#asclepias-verticillata-whorled-milkweed--4-5-pot,PZWPGXGN4YXQLLJPFZZOESA6,Asclepias verticillata (Whorled Milkweed),,"4.5"" Pot",,Ascver3,"Whitish, fragrant flowers bloom in small clusters between June and September. Simple, unbranched stems with long, narrow leaves. Drought and deer tolerant. Attracts butterflies and hummingbirds.

Size: Height: 1' - 2' ; Width: 1' -2'
Light: Shade (Part-Full)
Moisture: Medium,

-

Mason Brock (Masebrock) [Public domain]",Flower,Flower,,,,,visible,Physical good,,,,N,N,N,Y,13.00,,N,,,,,,,103,,,,Y
#asclepias-verticillata-whorled-milkweed--gallon,XD7YKP2ID4UOOGHB2DMKST3Z,Asclepias verticillata (Whorled Milkweed),,Gallon,,Ascver9,,Flower,Flower,,,,,visible,Physical good,,,,,,,,19.00,,N,,,,,,,33,,,,Y
#asclepias-verticillata-whorled-milkweed--true-gallon,J5YSOBGLPAUTN6QUKCFG3CB5,Asclepias verticillata (Whorled Milkweed),,True Gallon,,Ascver12,,Flower,Flower,,,,,visible,Physical good,,,,,,,,21.00,,N,,,,,,,0,,,,Y
#asimina-triloba-paw-paw--gallon,EOGD27SBN7XMH2YHANXVJLRW,Asimina triloba (Paw Paw),,Gallon,,Asitri9,"Can spread by suckers to make colonies. Purple flowers in spring give way to our native tropical fruit similar to a banana that feed wildlife and human alike! Plant two for cross-pollination.

Size: Height: 15' - 30' ; Width: 15' -30'
Light: Shade (Part-Full)
Moisture: Medium, Moist, 

-March 1st- May 1 2026: For sizes valued at $50 or above, a $25 discount can be applied courtesy of the Throwing Shade Virginia program. If you purchase online, this discount will be applied as a refund when you pick up your plants. (see https://rb.gy/lukcmf for details)

Agnieszka Kwiecie?, Nova, CC BY-SA 4.0 , via Wikimedia Commons",Tree,Tree,,,,,visible,Physical good,,,,N,N,N,Y,25.00,,N,,,,N,,,0,,,,Y
#asimina-triloba-paw-paw--true-gallon,VYVRSJNBAASY57HCQIF4X2QZ,Asimina triloba (Paw Paw),,True Gallon,,Asitri12,,Tree,Tree,,,,,visible,Physical good,,,,,,,,30.00,,N,,,,N,,,0,,,,Y
#asimina-triloba-paw-paw--2-gallon,3BQZNLFYZTUWHPNOA7NUDKXY,Asimina triloba (Paw Paw),,2 Gallon,,Asitri15,,Tree,Tree,,,,,visible,Physical good,,,,,,,,55.00,,N,,,,N,,,11,,,,Y
#asimina-triloba-paw-paw--3-gallon,HVK4GSIL46JNWYUHLXTI2FQM,Asimina triloba (Paw Paw),,3 Gallon,,Asitri18,,Tree,Tree,,,,,visible,Physical good,,,,,,,,70.00,,N,,,,N,,,0,,,,Y
#asimina-triloba-paw-paw--5-gallon,FNA534MIFI3LDQQQKXF3EPZH,Asimina triloba (Paw Paw),,5 Gallon,,Asitri21,,Tree,Tree,,,,,visible,Physical good,,,,,,,,85.00,,N,,,,N,,,2,,,,Y
#aster-puniceus-purplestem-aster--4-5-pot,SGU67LCV2UNWO6AIZ5NE2NTG,Aster puniceus (Purplestem Aster),,"4.5"" Pot",,Astpun3,"Stiff, reddish stems branch into large flower heads. Lavender flowers bloom late in summer. Can spread to form colonies. Attracts butterflies, does well in wet, boggy soils.

Size: Height: 3' - 6' ; Width: 2' -3'
Light: Sun (Part-Full)
Moisture: Medium, Moist, 

-

Sarah Johnson, CC BY 4.0 , via Wikimedia Commons",Flower,Flower,,,,,visible,Physical good,,,,N,N,N,Y,12.00,,N,,,,,,,0,,,,Y
#aster-puniceus-purplestem-aster--gallon,3EB3LPNUI7P4ZA2S43XGKA63,Aster puniceus (Purplestem Aster),,Gallon,,Astpun9,,Flower,Flower,,,,,visible,Physical good,,,,,,,,17.00,,N,,,,,,,138,,,,Y
#aster-puniceus-purplestem-aster--true-gallon,V3LGRKPZ22R45UKS3OFZPXQZ,Aster puniceus (Purplestem Aster),,True Gallon,,Astpun12,,Flower,Flower,,,,,visible,Physical good,,,,,,,,19.00,,N,,,,,,,0,,,,Y
#athyrium-filix-femina-lady-fern--4-5-pot,SCVHZIESJWBR72DY77TH5WZD,Athyrium filix-femina (Lady Fern),,"4.5"" Pot",,Athfil3,"Tolerates drier soils than many ferns, but will only tolerate sun if the soil is kept moist. Divide clumps in spring every few years to help spread! Loves shady places!

Size: Height: 1' - 3' ; Width: 1' -3'
Light: Shade (Full)
Moisture: Medium, Moist,

-

Rüdiger [CC BY-SA (http://creativecommons.org/licenses/by-sa/3.0/)]",Fern,Fern,,,,,visible,Physical good,,,,N,N,N,Y,13.00,,N,,,,,,,53,,,,Y
#athyrium-filix-femina-lady-fern--gallon,A5LL2C7DW3KMFF4BE4BN2QHC,Athyrium filix-femina (Lady Fern),,Gallon,,Athfil9,,Fern,Fern,,,,,visible,Physical good,,,,,,,,19.00,,N,,,,,,,0,,,,Y
#baccharis-halimifolia-groundsel-bush--gallon,IHLWILT2V5TEP4FNBZBDFBAQ,Baccharis halimifolia (Groundsel Bush),,Gallon,,Bachal9,"Multi-trunked shrub in the aster family. Blooms small greenish white flowers in fall.  Frilly white seedheads appear in late fall and winter. Readily reseeds itself. Heat and drought tolerant.

Size: Height: 5' - 12' ; Width: 4' -7'
Light: Sun (Part-Full)
Moisture: Dry, Medium, 

-March 1st- May 1 2026: For sizes valued at $50 or above, a $25 discount can be applied courtesy of the Throwing Shade Virginia program. If you purchase online, this discount will be applied as a refund when you pick up your plants. (see https://rb.gy/lukcmf for details)

Jean-Jacques MILAN, CC BY-SA 3.0 , via Wikimedia Commons,  Macleay Grass Man, CC BY 2.0 , via Wikimedia Commons,   KATHERINE WAGNER-REISS, CC BY-SA 4.0 , via Wikimedia Commons",Shrub,Shrub,,,,,visible,Physical good,,,,N,N,N,Y,22.00,,N,,N,,N,,,0,,,,Y
#baccharis-halimifolia-groundsel-bush--true-gallon,EMA6VMRBWYGAFIFQTN375SIK,Baccharis halimifolia (Groundsel Bush),,True Gallon,,Bachal12,,Shrub,Shrub,,,,,visible,Physical good,,,,,,,,25.00,,N,,,,N,,,19,,,,Y
#baccharis-halimifolia-groundsel-bush--2-gallon,CYEQUSNK2SNANZPJHKIDYTWC,Baccharis halimifolia (Groundsel Bush),,2 Gallon,,Bachal15,,Shrub,Shrub,,,,,visible,Physical good,,,,,,,,37.00,,N,,,,N,,,25,,,,Y
#baccharis-halimifolia-groundsel-bush--3-gallon,Y7T4FQ5DTLAMF3T5JL3QA55M,Baccharis halimifolia (Groundsel Bush),,3 Gallon,,Bachal18,,Shrub,Shrub,,,,,visible,Physical good,,,,,,,,50.00,,N,,,,N,,,0,,,,Y
#baccharis-halimifolia-groundsel-bush--5-gallon,B5MTBLVUX4VJCKJJ4C3ENIDY,Baccharis halimifolia (Groundsel Bush),,5 Gallon,,Bachal21,,Shrub,Shrub,,,,,visible,Physical good,,,,,,,,60.00,,N,,,,N,,,2,,,,Y
#baptisia-australis-false-blue-indigo--4-5-pot,5B3SK6SK6CJ7V7YXCEUMTT6O,Baptisia australis (False Blue Indigo),,"4.5"" Pot",,Bapaus3,"Naturally found in forests along streambanks. Loved for its purple flowers and black seed pods. Perfect for garden or water edges!

Size: Height: 3' - 4' ; Width: 3' -4'
Light: Sun (Part-Full)
Moisture: Dry, Medium, 

-

Agnieszka Kwiecie?, Nova, CC BY-SA 4.0 , via Wikimedia Commons",Flower,Flower,,,,,visible,Physical good,,,,N,N,N,Y,13.00,,N,,,,N,,,572,,,,Y
#baptisia-australis-false-blue-indigo--gallon,3L2GOYOQ7FHKJCEXKEGVXBYJ,Baptisia australis (False Blue Indigo),,Gallon,,Bapaus9,,Flower,Flower,,,,,visible,Physical good,,,,,,,,19.00,,N,,,,N,,,292,,,,Y
#baptisia-australis-false-blue-indigo--true-gallon,EOIDXMSX4X7JNOJPSREBKT5H,Baptisia australis (False Blue Indigo),,True Gallon,,Bapaus12,,Flower,Flower,,,,,visible,Physical good,,,,,,,,21.00,,N,,,,N,,,0,,,,Y
#baptisia-tinctoria-yellow-wild-indigo--4-5-pot,Z77ELSLEVKCXCG7XFWRGGJOM,Baptisia tinctoria (Yellow Wild Indigo),,"4.5"" Pot",,Baptin3,"Upright, smooth, shrubby perennial. Blooms clusters of small yellow to cream pea-like flowers on terminal racemes from late spring to early summer.

Size: Height: 2' - 3' ; Width: 2' -3'
Light: Sun (Part-Full)
Moisture: Dry, Medium,

-",Flower,Flower,,,,,visible,Physical good,,,,N,N,N,Y,13.00,,N,,,,N,,,0,,,,Y
#baptisia-tinctoria-yellow-wild-indigo--gallon,QNWNLPT5NVZAKM43CQMY6I7P,Baptisia tinctoria (Yellow Wild Indigo),,Gallon,,Baptin9,,Flower,Flower,,,,,visible,Physical good,,,,,,,,19.00,,N,,,,N,,,57,,,,Y
#baptisia-tinctoria-yellow-wild-indigo--true-gallon,CVNQ3XOCTY5KRJC6PYC4M45Q,Baptisia tinctoria (Yellow Wild Indigo),,True Gallon,,Baptin12,,Flower,Flower,,,,,visible,Physical good,,,,,,,,21.00,,N,,,,N,,,0,,,,Y
#betula-lenta-sweet-birch--gallon,ST6Q64PTYCBUXV25SKJHNTHM,Betula lenta (Sweet Birch),,Gallon,,Betlen9,"Pyramidal to round shaped large tree.  Quick growing.  Produce green to yellow gold catkins in spring.  In fall light green foliage turns golden yellow. Attracts butterflies, mammals and song birds.

Size: Height: 60' - 70' ; Width: 35' - 45'
Light: Shade (Part-Full)
Moisture: Dry, Medium, 

-March 1st- May 1 2026: For sizes valued at $50 or above, a $25 discount can be applied courtesy of the Throwing Shade Virginia program. If you purchase online, this discount will be applied as a refund when you pick up your plants. (see https://rb.gy/lukcmf for details)

Lynk media, CC BY-SA 3.0 , via Wikimedia Commons, Adrian Thomale, CC BY-SA 3.0 , via Wikimedia Commons,  Alexander Abair, CC BY 4.0 , via Wikimedia Commons",Tree,Tree,,,,,hidden,Physical good,,,,N,N,N,Y,22.00,,N,,N,,N,,,0,,,,Y
#betula-lenta-sweet-birch--true-gallon,S3IYUBIUBEZ7H7UDH4SAC7ZR,Betula lenta (Sweet Birch),,True Gallon,,Betlen12,,Tree,Tree,,,,,hidden,Physical good,,,,,,,,25.00,,N,,,,N,,,0,,,,Y
#betula-lenta-sweet-birch--2-gallon,ST7LOA73TYN2DPINPFRZCER6,Betula lenta (Sweet Birch),,2 Gallon,,Betlen15,,Tree,Tree,,,,,hidden,Physical good,,,,,,,,50.00,,N,,,,N,,,0,,,,Y
#betula-lenta-sweet-birch--3-gallon,GI7V5MTAIYKEMWRELBRWLKJI,Betula lenta (Sweet Birch),,3 Gallon,,Betlen18,,Tree,Tree,,,,,hidden,Physical good,,,,,,,,60.00,,N,,,,N,,,0,,,,Y
#betula-lenta-sweet-birch--5-gallon,YZUIEGC6KH6N2KLO2ZIENKDB,Betula lenta (Sweet Birch),,5 Gallon,,Betlen21,,Tree,Tree,,,,,hidden,Physical good,,,,,,,,70.00,,N,,,,N,,,0,,,,Y
#betula-nigra-river-birch--gallon,RAV7BWRHIPHWJY3LAS4JQWJM,Betula nigra (River Birch),,Gallon,,Betnig9,"This fast-growing tree with reddish-brown bark does well in wet soils. It can be grown as a single or multi-trunked tree. Adapts to clay soils and poor drainage.

Size: Height: 40' - 70' ; Width: 40' -60'
Light: Sun (Part-Full)
Moisture: Medium, Moist, 

-March 1st- May 1 2026: For sizes valued at $50 or above, a $25 discount can be applied courtesy of the Throwing Shade Virginia program. If you purchase online, this discount will be applied as a refund when you pick up your plants. (see https://rb.gy/lukcmf for details)

By Bruce Marlin - Own work http://www.cirrusimage.com/tree_river_birch.htm, CC BY-SA 2.5, https://commons.wikimedia.org/w/index.php?curid=2788612,  Photo by David J. Stang, CC BY-SA 4.0 , via Wikimedia Commons
By Photo (c)2007 Derek Ramsey (Ram-Man) - Self-photographed, CC BY-SA 2.5, https://commons.wikimedia.org/w/index.php?curid=1765859",Tree,Tree,,,,,visible,Physical good,,,,N,N,N,Y,22.00,,N,,,,,,,0,,,,Y
#betula-nigra-river-birch--true-gallon,XRPMG5HX7K3TWC5VITNYG33N,Betula nigra (River Birch),,True Gallon,,Betnig12,,Tree,Tree,,,,,visible,Physical good,,,,,,,,25.00,,N,,,,,,,0,,,,Y
#betula-nigra-river-birch--2-gallon,WETQBFVY5MECKMO5S4AQBRTR,Betula nigra (River Birch),,2 Gallon,,Betnig15,,Tree,Tree,,,,,visible,Physical good,,,,,,,,50.00,,N,,,,,,,2,,,,Y
#betula-nigra-river-birch--3-gallon,2ZKCPJO6C6QGOEPHIOJP2L3K,Betula nigra (River Birch),,3 Gallon,,Betnig18,,Tree,Tree,,,,,visible,Physical good,,,,,,,,60.00,,N,,,,,,,7,,,,Y
#betula-nigra-river-birch--5-gallon,TU6DM4FWIV5CVPBDK2OOPYSI,Betula nigra (River Birch),,5 Gallon,,Betnig21,,Tree,Tree,,,,,visible,Physical good,,,,,,,,70.00,,N,,,,,,,4,,,,Y
#betula-papyrifera-paper-birch--gallon,PORN2FCCUDRVD4BPNP5TUVYW,Betula papyrifera (Paper Birch),,Gallon,,Betpap9,"Quick growing single or multi-stemmed tree noted for its peeling white bark that reveals an orange-brown inner bark. Mature trees develop black markings on the white bark. Produce copper-green catkins in spring. Yellow leaves in fall.

Size: Height: 50' - 70' ; Width: 25' -45'
Light: Sun (Part-Full)
Moisture: Medium, 

-

daryl_mitchell from Saskatoon, Saskatchewan, Canada, CC BY-SA 2.0 , via Wikimedia Commons , English: NPS, Public domain, via Wikimedia Commons, Krzysztof Ziarnek, Kenraiz, CC BY-SA 4.0 , via Wikimedia Commons",Tree,Tree,,,,,visible,Physical good,,,,N,N,N,Y,22.00,,N,,N,,,,,4,,,,Y
#betula-papyrifera-paper-birch--true-gallon,FZ25CGH2JBMEPV2PHGXSAQ53,Betula papyrifera (Paper Birch),,True Gallon,,Betpap12,,Tree,Tree,,,,,visible,Physical good,,,,,,,,25.00,,N,,,,,,,0,,,,Y
#betula-papyrifera-paper-birch--2-gallon,UTDUXL2RIPKE54KSOS2WSRPX,Betula papyrifera (Paper Birch),,2 Gallon,,Betpap15,,Tree,Tree,,,,,visible,Physical good,,,,,,,,50.00,,N,,,,,,,0,,,,Y
#betula-papyrifera-paper-birch--3-gallon,YI6SXZ7ADQRCNWUZFG6RKRQP,Betula papyrifera (Paper Birch),,3 Gallon,,Betpap18,,Tree,Tree,,,,,visible,Physical good,,,,,,,,60.00,,N,,,,,,,0,,,,Y
#betula-papyrifera-paper-birch--5-gallon,SDVE3C3JJQSY2X73UWYMTQGM,Betula papyrifera (Paper Birch),,5 Gallon,,Betpap21,,Tree,Tree,,,,,visible,Physical good,,,,,,,,70.00,,N,,,,,,,1,,,,Y
#betula-populifolia-grey-birch--gallon,SIFOHMA6GRK6KLZBINFKYME6,Betula populifolia (Grey Birch),,Gallon,,Betpop9,"Deciduous suckering tree that often appears in a multi-trunked form, but can also grow with a single trunk. Distinguishable by its chalky white bark.  Yellowish-brown male flowers in single catkins  and greenish female flowers in smaller upright catkins in spring.

Size: Height: 20' - 40' ; Width: 10' -20'
Light: Sun (Part-Full)
Moisture: Medium, 

-

Nicholas A. Tonelli from Northeast Pennsylvania, USA, CC BY 2.0 , via Wikimedia Commons, DouglasGoldman, CC BY-SA 4.0 , Krzysztof Ziarnek, Kenraiz, CC BY-SA 4.0 , via Wikimedia Commons, via Wikimedia Commons,  DouglasGoldman, CC BY-SA 4.0 , via Wikimedia Commons",Tree,Tree,,,,,visible,Physical good,,,,N,N,N,Y,22.00,,N,,,,,,,0,,,,Y
#betula-populifolia-grey-birch--true-gallon,46LKL2THVYQJOZTUS4FZV47T,Betula populifolia (Grey Birch),,True Gallon,,Betpop12,,Tree,Tree,,,,,visible,Physical good,,,,,,,,25.00,,N,,,,,,,0,,,,Y
#betula-populifolia-grey-birch--2-gallon,3NC435OZ7IWOXVMU5Q2OGFZR,Betula populifolia (Grey Birch),,2 Gallon,,Betpop15,,Tree,Tree,,,,,visible,Physical good,,,,,,,,50.00,,N,,,,,,,0,,,,Y
#betula-populifolia-grey-birch--3-gallon,Y4KWD53ORDLIFYV2ZWQW3I6F,Betula populifolia (Grey Birch),,3 Gallon,,Betpop18,,Tree,Tree,,,,,visible,Physical good,,,,,,,,60.00,,N,,,,,,,7,,,,Y
#betula-populifolia-grey-birch--5-gallon,3J5L26JV4SWB462OPX4OAAVO,Betula populifolia (Grey Birch),,5 Gallon,,Betpop21,,Tree,Tree,,,,,visible,Physical good,,,,,,,,70.00,,N,,,,,,,10,,,,Y
#blephilia-ciliata-downy-wood-mint--4-5-pot,WFLATQ5YYH7PJ5I5WAYH7XFC,Blephilia ciliata (Downy Wood Mint),,"4.5"" Pot",,Blecil3,"Blue-purple flowers emerge in late spring on this pleasant smelling native. Drought tolerant and does well in a wide variety of garden settings.

Size: Height: 1' - 2' ; Width: 0.5' -1.5'
Light: Sun (Part-Full)
Moisture: Dry, Medium,

-",Flower,Flower,,,,,visible,Physical good,,,,N,N,N,Y,12.00,,N,,,,N,,,30,,,,Y
#blephilia-ciliata-downy-wood-mint--gallon,RWV7ARHT6O5J5ZB24BUMYMB4,Blephilia ciliata (Downy Wood Mint),,Gallon,,Blecil9,,Flower,Flower,,,,,visible,Physical good,,,,,,,,17.00,,N,,,,N,,,0,,,,Y
#blephilia-ciliata-downy-wood-mint--true-gallon,OMFV4ADV4FELIRMO7K5N2KK3,Blephilia ciliata (Downy Wood Mint),,True Gallon,,Blecil12,,Flower,Flower,,,,,visible,Physical good,,,,,,,,19.00,,N,,,,N,,,0,,,,Y
#blephilia-hirsuta-hairy-wood-mint--4-5-pot,IGUVIC2V4EP4HXMTIXMTY7DO,Blephilia hirsuta (Hairy Wood Mint),,"4.5"" Pot",,Blehir3,"Blue-purple flowers appear late in spring to mid-summer in tiered clusters. Fragrant Leaves.

Size: Height: 1' - 2' ; Width: 0.5' -1.5'
Light: Sun (Part-Full)
Moisture: Dry, Medium,

-",Flower,Flower,,,,,hidden,Physical good,,,,N,N,N,Y,12.00,,N,,,,,,,0,,,,Y
#blephilia-hirsuta-hairy-wood-mint--gallon,MQBXM27CDXPYAUP3LXJ6VQYQ,Blephilia hirsuta (Hairy Wood Mint),,Gallon,,Blehir9,,Flower,Flower,,,,,hidden,Physical good,,,,,,,,17.00,,N,,,,,,,0,,,,Y
#blephilia-hirsuta-hairy-wood-mint--true-gallon,NPSP2XJIULPNKMSSI4X34HVK,Blephilia hirsuta (Hairy Wood Mint),,True Gallon,,Blehir12,,Flower,Flower,,,,,hidden,Physical good,,,,,,,,19.00,,N,,,,,,,0,,,,Y
#bouteloua-curtipendula-sideoats-grama--3-5-pot,UFDWWMVYYAPW3PIDSQR252NL,Bouteloua curtipendula (Sideoats Grama),,"3.5"" Pot",,Boucur2,"Distinctive oat-like seed spikes hang to the side of its flowering stems, with blueish-grey leaves. Grass turns gorgeous golds and oranges as it goes dormant each winter, creating lovely structure in your garden. Drought tolerant.

Size: Height: 3' - 4' ; Width: 1' -2'
Light: Sun (Full)
Moisture: Dry, Medium,

-

Tom Koerner/USFWS
Public Domain, https://commons.wikimedia.org/w/index.php?curid=444116",Grass,Grass,,,,,visible,Physical good,,,,N,N,N,Y,8.00,,N,,,,,,,247,,,,Y
#bouteloua-curtipendula-sideoats-grama--4-5-pot,724VSLC5NOUO2S4BWCVN7RM6,Bouteloua curtipendula (Sideoats Grama),,"4.5"" Pot",,Boucur3,,Grass,Grass,,,,,visible,Physical good,,,,,,,,9.00,,N,,,,,,,0,,,,Y
#bouteloua-curtipendula-sideoats-grama--gallon,7DWOCXHA6SUQZAXKSYJZH33B,Bouteloua curtipendula (Sideoats Grama),,Gallon,,Boucur9,,Grass,Grass,,,,,visible,Physical good,,,,,,,,13.00,,N,,,,,,,0,,,,Y
#bromus-latiglumis-ear-leaved-brome--3-5-pot,MTMVUZRKJZJ52BN2OYUMUJPR,Bromus latiglumis (Ear-leaved Brome),,"3.5"" Pot",,Brolat2,"Vibrant green cool season grass.  Clump forming- terrific habitat for birds and mammals.

Size: Height: 3' - 4' ; Width: 1' - 2'
Light: Shade (Part-Full)
Moisture: Dry, Medium,

-

Reuven Martin, CC0, via Wikimedia Commons",Grass,Grass,,,,,hidden,Physical good,,,,N,N,N,Y,8.00,,N,,N,,N,,,0,,,,Y
#bromus-latiglumis-ear-leaved-brome--4-5-pot,3JLNPBC5HLCFYKNUN24SXQZD,Bromus latiglumis (Ear-leaved Brome),,"4.5"" Pot",,Brolat3,,Grass,Grass,,,,,hidden,Physical good,,,,,,,,9.00,,N,,,,N,,,0,,,,Y
#bromus-latiglumis-ear-leaved-brome--gallon,X7QPDCNLFLV6ZPDAU75CYKDN,Bromus latiglumis (Ear-leaved Brome),,Gallon,,Brolat9,,Grass,Grass,,,,,hidden,Physical good,,,,,,,,13.00,,N,,,,N,,,0,,,,Y
#calamagrostis-canadensis-bluejoint-reedgrass--3-5-pot,G2PFXMPUUZRJQ752IPAP6ZKW,Calamagrostis canadensis (Bluejoint Reedgrass),,"3.5"" Pot",,Calcan2,"Thriving in wet areas, this bunchgrass is also drought tolerant. Grows rapidly to fill a desired space.

Size: Height: 2' - 5' ; Width: 2' -3'
Light: Shade (Part-Full)
Moisture: Moist, 

-

Superior National Forest, CC BY 2.0 , via Wikimedia Commons",Grass,Grass,,,,,hidden,Physical good,,,,N,N,N,Y,8.00,,N,,,,,,,0,,,,Y
#calamagrostis-canadensis-bluejoint-reedgrass--4-5-pot,2F3ZDG32ZTDNWQTPPKQYLF2R,Calamagrostis canadensis (Bluejoint Reedgrass),,"4.5"" Pot",,Calcan3,,Grass,Grass,,,,,hidden,Physical good,,,,,,,,9.00,,N,,,,,,,0,,,,Y
#calamagrostis-canadensis-bluejoint-reedgrass--gallon,SQF6RNCK3J63ZC6HI3BBMRSS,Calamagrostis canadensis (Bluejoint Reedgrass),,Gallon,,Calcan9,,Grass,Grass,,,,,hidden,Physical good,,,,,,,,13.00,,N,,,,,,,0,,,,Y
#callicarpa-americana-beautyberry--gallon,Q7VSDBSSHGOUHE53YJBGB2YC,Callicarpa americana (Beautyberry),,Gallon,,Calame9,"Needs minimal care when established. Bright violet berries attract birds and give this shrub its name.

Size: Height: 3' - 6' ; Width: 3' -6'
Light: Shade (Part-Full)
Moisture: Medium, Moist, 

-March 1st- May 1 2026: For sizes valued at $50 or above, a $25 discount can be applied courtesy of the Throwing Shade Virginia program. If you purchase online, this discount will be applied as a refund when you pick up your plants. (see https://rb.gy/lukcmf for details)

Forest and Kim Starr, CC BY 2.0 , via Wikimedia Commons",Shrub,Shrub,,,,,visible,Physical good,,,,N,N,N,Y,22.00,,N,,N,,N,,,0,,,,Y
#callicarpa-americana-beautyberry--true-gallon,M2PGVBCCCLV6W2ADWL6FHAW4,Callicarpa americana (Beautyberry),,True Gallon,,Calame12,,Shrub,Shrub,,,,,visible,Physical good,,,,,,,,25.00,,N,,,,N,,,0,,,,Y
#callicarpa-americana-beautyberry--2-gallon,VLEMOLHGF3G242P52KBQCPNG,Callicarpa americana (Beautyberry),,2 Gallon,,Calame15,,Shrub,Shrub,,,,,visible,Physical good,,,,,,,,37.00,,N,,,,N,,,0,,,,Y
#callicarpa-americana-beautyberry--3-gallon,D7HR6NY46YOIUZAYRV5W7WVC,Callicarpa americana (Beautyberry),,3 Gallon,,Calame18,,Shrub,Shrub,,,,,visible,Physical good,,,,,,,,50.00,,N,,,,N,,,6,,,,Y
#callicarpa-americana-beautyberry--5-gallon,ITNYOJFTQXLN4746JHODBDTR,Callicarpa americana (Beautyberry),,5 Gallon,,Calame21,,Shrub,Shrub,,,,,visible,Physical good,,,,,,,,60.00,,N,,,,N,,,0,,,,Y
#caltha-palustris-marsh-marigold--4-5-pot,V27T4J7RRJ3MIGOZ5XJWQN2X,Caltha palustris (Marsh Marigold),,"4.5"" Pot",,Calpal3,"Grows well on the edges of ponds and bogs, and can spread rhizomously. Flowers with bright yellow 1-2"" blooms in late spring to early summer. Tolerates deer, wet soil.

Size: Height: 1' - 2' ; Width: 1' -1.5'
Light: Sun (Part-Full)
Moisture: Moist, Standing Water,

-

Petar Miloševi?, CC BY-SA 4.0 , via Wikimedia Commons, Richard Bartz, Munich aka Makro Freak, CC BY-SA 2.5 , via Wikimedia Commons
Acabashi, CC BY-SA 4.0 , via Wikimedia Commons",Flower,Flower,,,,,visible,Physical good,,,,N,N,N,Y,12.00,,N,,N,,,,,6,,,,Y
#caltha-palustris-marsh-marigold--gallon,HTZVFX4HCLKYUDDFUJ2XWM7E,Caltha palustris (Marsh Marigold),,Gallon,,Calpal9,,Flower,Flower,,,,,visible,Physical good,,,,,,,,17.00,,N,,,,,,,73,,,,Y
#caltha-palustris-marsh-marigold--true-gallon,FIFC3M7C7YPJO6G2DMIUOXVV,Caltha palustris (Marsh Marigold),,True Gallon,,Calpal12,,Flower,Flower,,,,,visible,Physical good,,,,,,,,19.00,,N,,,,,,,0,,,,Y
#calycanthus-floridus-calycanthus--gallon,W3M7BJDU5CEZRQTTCVIIEM4P,Calycanthus floridus (Calycanthus),,Gallon,,Calflo9,"Fragrant, reddish-brown flowers bloom in May, and give way to brown seed capsules which mature in fall and persist through the winter. Leaves are fragrant when crushed. Prefers rich, loamy soil. Can form colonies. Deer, clay, and wet-soil tolerant.

Size: Height: 6' - 10' ; Width: 6' -12'
Light: Shade (Part-Full)
Moisture: Medium, 

-March 1st- May 1 2026: For sizes valued at $50 or above, a $25 discount can be applied courtesy of the Throwing Shade Virginia program. If you purchase online, this discount will be applied as a refund when you pick up your plants. (see https://rb.gy/lukcmf for details)

Francis Groeters, CC BY-SA 4.0 , via Wikimedia Commons",Shrub,Shrub,,,,,hidden,Physical good,,,,N,N,N,Y,22.00,,N,,,,,,,2,,,,Y
#calycanthus-floridus-calycanthus--true-gallon,XI2NIOHO3AMHIUTOCTW6OGPK,Calycanthus floridus (Calycanthus),,True Gallon,,Calflo12,,Shrub,Shrub,,,,,hidden,Physical good,,,,,,,,25.00,,N,,,,,,,0,,,,Y
#calycanthus-floridus-calycanthus--2-gallon,JPWFGWJ6WKGRJNHDR64FLSQ3,Calycanthus floridus (Calycanthus),,2 Gallon,,Calflo15,,Shrub,Shrub,,,,,hidden,Physical good,,,,,,,,37.00,,N,,,,,,,0,,,,Y
#calycanthus-floridus-calycanthus--3-gallon,FAKW5RWEXFQD5NUDSUFHJ22C,Calycanthus floridus (Calycanthus),,3 Gallon,,Calflo18,,Shrub,Shrub,,,,,hidden,Physical good,,,,,,,,50.00,,N,,,,,,,0,,,,Y
#calycanthus-floridus-calycanthus--5-gallon,6AJUGCW3Z2M653T5R4SITS6F,Calycanthus floridus (Calycanthus),,5 Gallon,,Calflo21,,Shrub,Shrub,,,,,hidden,Physical good,,,,,,,,60.00,,N,,,,,,,0,,,,Y
#campanula-americana-tall-bellflower--4-5-pot,KQCQFJJ4NOENEPU5K2E7XAYK,Campanula americana (Tall Bellflower),,"4.5"" Pot",,Camame3,"Erect biennial wildflower that blooms dark violet star shaped flowers off a single central stem.  Readily reseeds.  A pollinator magnet that attracts butterflies, bees and hummingbirds!

Size: Height: 3' - 5' ; Width: 1' - 2'
Light: Shade (Part-Full)
Moisture: Medium, 

-

aspidoscelis, CC0, via Wikimedia Commons, Cbaile19, CC0, via Wikimedia Commons, Quinn Dombrowski from Chicago, USA, CC BY-SA 2.0 , via Wikimedia Commons",Flower,Flower,,,,,hidden,Physical good,,,,N,N,N,Y,12.00,,N,,N,,N,,,0,,,,Y
#campanula-americana-tall-bellflower--gallon,ZVKP4AIIQ7VMCD4QW44FAUAF,Campanula americana (Tall Bellflower),,Gallon,,Camame9,,Flower,Flower,,,,,hidden,Physical good,,,,,,,,17.00,,N,,,,N,,,0,,,,Y
#campanula-americana-tall-bellflower--true-gallon,ZBGYEEVEKNXYP7ZDUJQXAZQ3,Campanula americana (Tall Bellflower),,True Gallon,,Camame12,,Flower,Flower,,,,,hidden,Physical good,,,,,,,,19.00,,N,,,,N,,,0,,,,Y
#campanula-rotundifolia-harebell--4-5-pot,UOR5L2DLUVZS5ZHRWZ2E4ERO,Campanula rotundifolia (Harebell),,"4.5"" Pot",,Camrot3,"Rosette forming, upright perennial that readily reseeds and spreads.  Blooms delightful purple bell-shaped flowers.

Size: Height: 1' - 2' ; Width: 0.5' - 1'
Light: Sun (Part-Full)
Moisture: Dry, Medium, 

-

janetgraham84new, CC BY 2.0 , via Wikimedia Commons,  English:  Steve Redman (MORA), Public domain, via Wikimedia Commons",Flower,Flower,,,,,hidden,Physical good,,,,N,N,N,Y,12.00,,N,,N,,N,,,0,,,,Y
#campanula-rotundifolia-harebell--gallon,XKJCUWVUOFQA5ZY2WZJ3FQIT,Campanula rotundifolia (Harebell),,Gallon,,Camrot9,,Flower,Flower,,,,,hidden,Physical good,,,,,,,,17.00,,N,,,,N,,,0,,,,Y
#campanula-rotundifolia-harebell--true-gallon,7SZBHXCE446IKAN5BWBADLXT,Campanula rotundifolia (Harebell),,True Gallon,,Camrot12,,Flower,Flower,,,,,hidden,Physical good,,,,,,,,19.00,,N,,,,N,,,0,,,,Y
#carex-amphibola-creek-sedge--3-5-pot,EQVIM6KHOZOL5SLKXA3RNKUW,Carex amphibola (Creek Sedge),,"3.5"" Pot",,Caramp2,"Vigorous clump forming sedge with narrow, arching leaves. Good for shade and rain gardens. Deer and pest resistant. Attracts skipper butterflies.

Size: Height: 1.5' - 1.5' ; Width: 1.5' -1.5'
Light: Shade (Full)
Moisture: Moist, Standing Water,

-

Photo by Doug McGreedy",Grass,Grass,,,,,visible,Physical good,,,,N,N,N,Y,8.00,,N,,,,,,,167,,,,Y
#carex-amphibola-creek-sedge--4-5-pot,37QFHJJZ7UDWOM2P2B5JDTQM,Carex amphibola (Creek Sedge),,"4.5"" Pot",,Caramp3,,Grass,Grass,,,,,visible,Physical good,,,,,,,,9.00,,N,,,,,,,0,,,,Y
#carex-amphibola-creek-sedge--gallon,2HYSHY3DQ6DMMZ6DRNA467VX,Carex amphibola (Creek Sedge),,Gallon,,Caramp9,,Grass,Grass,,,,,visible,Physical good,,,,,,,,13.00,,N,,,,,,,0,,,,Y
#carex-appalachica-appalachian-sedge--3-5-pot,XNYWAPJYBVWLJAJMPIFYBBMH,Carex appalachica (Appalachian Sedge),,"3.5"" Pot",,Carapp2,"Weeping sedge with hair like foliage grows in attractive mounded tufts. Can be used as ground cover or replacement for grass. Adaptable to difficult dry areas. Deer tolerant.

Size: Height: 0.5' - 0.5' ; Width: 1.5' -1.5'
Light: Shade (Part-Full)
Moisture: Dry, Medium,

-",Grass,Grass,,,,,visible,Physical good,,,,N,N,N,Y,8.00,,N,,N,,,,,346,,,,Y
#carex-appalachica-appalachian-sedge--4-5-pot,M7A7XSIK7SV6W2ANVUQCIX4T,Carex appalachica (Appalachian Sedge),,"4.5"" Pot",,Carapp3,,Grass,Grass,,,,,visible,Physical good,,,,,,,,9.00,,N,,,,,,,0,,,,Y
#carex-appalachica-appalachian-sedge--gallon,3UKIQXXEWXW7PLCMM2WEPT3U,Carex appalachica (Appalachian Sedge),,Gallon,,Carapp9,,Grass,Grass,,,,,visible,Physical good,,,,,,,,13.00,,N,,,,,,,0,,,,Y
#carex-blanda-eastern-woodland-sedge--3-5-pot,PZ2FAQVYQLK7AII2MKC44MHV,Carex blanda (Eastern Woodland Sedge),,"3.5"" Pot",,Carbla2,"This evergreen sedge displays small flower-spikes in late spring. Drought tolerant. Evergreen

Size: Height: 1' - 2' ; Width: 2' -2'
Light: Shade (Part-Full)
Moisture: Medium, 

-

Alison Northup, CC BY 4.0 , via Wikimedia Commons",Grass,Grass,,,,,visible,Physical good,,,,N,N,N,Y,8.00,,N,,N,,,,,25,,,,Y
#carex-blanda-eastern-woodland-sedge--4-5-pot,BMVD66HABGCH25NXHOJLYSJD,Carex blanda (Eastern Woodland Sedge),,"4.5"" Pot",,Carbla3,,Grass,Grass,,,,,visible,Physical good,,,,,,,,9.00,,N,,,,,,,0,,,,Y
#carex-blanda-eastern-woodland-sedge--gallon,L57GIU5U2XAXONHEX6DBNTVF,Carex blanda (Eastern Woodland Sedge),,Gallon,,Carbla9,,Grass,Grass,,,,,visible,Physical good,,,,,,,,13.00,,N,,,,,,,11,,,,Y
#carex-eburnea-bristle-leaved-sedge--3-5-pot,KTN7UAEJQXKYSRUQSTVP2OGU,Carex eburnea (Bristle-Leaved Sedge),,"3.5"" Pot",,Carebu2,"Soft thread-like leaves form spherical porcupine-like clumps. Will thrive with consistent moisture but can adapt to sandy or rocky soils.

Size: Height: 0.5' - 1' ; Width: 0.5' -1'
Light: Shade (Full)
Moisture: Medium,

-

By Krzysztof Ziarnek, Kenraiz - Own work, CC BY-SA 4.0, https://commons.wikimedia.org/w/index.php?curid=76394287
By Reuven Martin - https://www.inaturalist.org/observations/25533727, CC0, https://commons.wikimedia.org/w/index.php?curid=87489679",Grass,Grass,,,,,visible,Physical good,,,,N,N,N,Y,8.00,,N,,,,,,,30,,,,Y
#carex-eburnea-bristle-leaved-sedge--4-5-pot,WNJH35IOXI2Z6EIOIYADBAMN,Carex eburnea (Bristle-Leaved Sedge),,"4.5"" Pot",,Carebu3,,Grass,Grass,,,,,visible,Physical good,,,,,,,,9.00,,N,,,,,,,0,,,,Y
#carex-eburnea-bristle-leaved-sedge--gallon,DW5EGZFT4BXRVR6BZCFNT64S,Carex eburnea (Bristle-Leaved Sedge),,Gallon,,Carebu9,,Grass,Grass,,,,,visible,Physical good,,,,,,,,13.00,,N,,,,,,,0,,,,Y
#carex-flaccosperma-blue-wood-sedge--3-5-pot,LJVGFUUORTSXXRCLKXFMAXAE,Carex flaccosperma (Blue Wood Sedge),,"3.5"" Pot",,Carfla2,"Evergreen sedge with arching blue-green leaves forms slowing spreading clumps. Grows best in evenly moist woodland areas with bright shade but will take some sun.

Size: Height: 1' - 1' ; Width: 1' -1'
Light: Shade (Part-Full)
Moisture: Medium, Moist, 

-

By Choess - Own work, CC BY-SA 3.0, https://commons.wikimedia.org/w/index.php?curid=21911967, DouglasGoldman, CC BY-SA 4.0 , via Wikimedia Commons",Grass,Grass,,,,,visible,Physical good,,,,N,N,N,Y,8.00,,N,,,,,,,295,,,,Y
#carex-flaccosperma-blue-wood-sedge--4-5-pot,ZNJ7LONVWVG2R4PNBJBQUOVT,Carex flaccosperma (Blue Wood Sedge),,"4.5"" Pot",,Carfla3,,Grass,Grass,,,,,visible,Physical good,,,,,,,,9.00,,N,,,,,,,0,,,,Y
#carex-flaccosperma-blue-wood-sedge--gallon,PR2T5XULPEQSHW5EVGJW3DOL,Carex flaccosperma (Blue Wood Sedge),,Gallon,,Carfla9,,Grass,Grass,,,,,visible,Physical good,,,,,,,,13.00,,N,,,,,,,0,,,,Y
#carex-pensylvanica-pennsylvania-sedge--3-5-pot,QUGHYXBQOSZDXHQHTXJ4NQ5F,Carex pensylvanica (Pennsylvania Sedge),,"3.5"" Pot",,Carpen2,"This soft, graceful ground cover is semi-evergreen in milder climates. It can be used as a lawn alternative but does not tolerate foot traffic.

Size: Height: 0.1' - 1' ; Width: 0.5' -1'
Light: Shade (Part-Full)
Moisture: Dry, Medium,

-

By Krzysztof Ziarnek, Kenraiz - Own work, CC BY-SA 4.0, https://commons.wikimedia.org/w/index.php?curid=52326399 By Photo by David J. Stang - source: David Stang. First published at ZipcodeZoo.com, CC BY-SA 4.0, https://commons.wikimedia.org/w/index.php?curid=61092351",Grass,Grass,,,,,visible,Physical good,,,,N,N,N,Y,8.00,,N,,,,,,,170,,,,Y
#carex-pensylvanica-pennsylvania-sedge--4-5-pot,RFVWJ2R7KPNQZX55QAFE33EW,Carex pensylvanica (Pennsylvania Sedge),,"4.5"" Pot",,Carpen3,,Grass,Grass,,,,,visible,Physical good,,,,,,,,9.00,,N,,,,,,,0,,,,Y
#carex-pensylvanica-pennsylvania-sedge--gallon,N64NXNNCCYWR45AZ3YTJXANP,Carex pensylvanica (Pennsylvania Sedge),,Gallon,,Carpen9,,Grass,Grass,,,,,visible,Physical good,,,,,,,,13.00,,N,,,,,,,0,,,,Y
#carex-plantaginea-broad-leafed-sedge--3-5-pot,PYDSMNO6EGB4YPH7WBNCBROD,Carex plantaginea (Broad leafed Sedge),,"3.5"" Pot",,Carpla2,"Herbaceous perennial sedge with broad plantain-like leaves and brown to purple blooms.

Size: Height: 0.5' - 3' ; 0.5' - 1'
Light: Shade (Part-Full)
Moisture: Moist,

-",Grass,Grass,,,,,visible,Physical good,,,,N,N,N,Y,8.00,,N,,N,,N,,,114,,,,Y
#carex-plantaginea-broad-leafed-sedge--4-5-pot,NPUPOXNNWX3V555FDTUVC76S,Carex plantaginea (Broad leafed Sedge),,"4.5"" Pot",,Carpla3,,Grass,Grass,,,,,visible,Physical good,,,,,,,,9.00,,N,,,,N,,,0,,,,Y
#carex-plantaginea-broad-leafed-sedge--gallon,WJXPAAUARSIIENKYVV4XHRJE,Carex plantaginea (Broad leafed Sedge),,Gallon,,Carpla9,,Grass,Grass,,,,,visible,Physical good,,,,,,,,13.00,,N,,,,N,,,0,,,,Y
#carex-radiata-eastern-star-sedge--3-5-pot,L6O3CK6PGCO3T7KOGWWCKP6I,Carex radiata (Eastern Star Sedge),,"3.5"" Pot",,Carrad2,"Evergreen clump growing sedge. Grass-like medium blades. Tolerates wet soil.

Size: Height: 0.5' - 2.5' ; Width: 2' -2'
Light: Shade (Full)
Moisture: Moist, Standing Water,

-

By Daderot - Own work, CC0, https://commons.wikimedia.org/w/index.php?curid=28311200",Grass,Grass,,,,,visible,Physical good,,,,N,N,N,Y,8.00,,N,,,,,,,116,,,,Y
#carex-radiata-eastern-star-sedge--4-5-pot,C45OE3CI6BXJ4ZWYQFFPX2EY,Carex radiata (Eastern Star Sedge),,"4.5"" Pot",,Carrad3,,Grass,Grass,,,,,visible,Physical good,,,,,,,,9.00,,N,,,,,,,0,,,,Y
#carex-radiata-eastern-star-sedge--gallon,3RVENVQILJ77IU372JFJGJNE,Carex radiata (Eastern Star Sedge),,Gallon,,Carrad9,,Grass,Grass,,,,,visible,Physical good,,,,,,,,13.00,,N,,,,,,,24,,,,Y
#carex-vulpinoidea-fox-sedge--3-5-pot,ZTVJLDHI26HMLQKICSJHLTJ4,Carex vulpinoidea (Fox Sedge),,"3.5"" Pot",,Carvul2,"Narrow grass-like leaves grow in clumps in wet soils. Seedheads spread out from the center of the clump, resembling a fox tail. Can spread quickly. Deer tolerant.

Size: Height: 1' - 3' ; Width: 1' -2'
Light: Shade (Part-Full)
Moisture: Standing Water,

-

Jay Sturner from USA [CC BY (https://creativecommons.org/licenses/by/2.0)]",Grass,Grass,,,,,hidden,Physical good,,,,N,N,N,Y,8.00,,N,,,,,,,0,,,,Y
#carex-vulpinoidea-fox-sedge--4-5-pot,FXFS4KIOWTRPEFJL6AAZ53HP,Carex vulpinoidea (Fox Sedge),,"4.5"" Pot",,Carvul3,,Grass,Grass,,,,,hidden,Physical good,,,,,,,,9.00,,N,,,,,,,0,,,,Y
#carex-vulpinoidea-fox-sedge--gallon,TXD6A34BJQRFJFB4NFFML72W,Carex vulpinoidea (Fox Sedge),,Gallon,,Carvul9,,Grass,Grass,,,,,hidden,Physical good,,,,,,,,13.00,,N,,,,,,,0,,,,Y
#carpinus-caroliniana-ironwood--gallon,HI5L4EWSDJLWKEQXZBISAWG5,Carpinus caroliniana (Ironwood),,Gallon,,Carcar9,"The smooth, gray trunk of this tree is extremely tough. An excellent understory tree, making its home in woods, valleys, ravine bottoms, and rocky slopes along streams.

Size: Height: 22' - 35' ; Width: 20' -35'
Light: Shade (Part-Full)
Moisture: Medium, Moist, 

-March 1st- May 1 2026: For sizes valued at $50 or above, a $25 discount can be applied courtesy of the Throwing Shade Virginia program. If you purchase online, this discount will be applied as a refund when you pick up your plants. (see https://rb.gy/lukcmf for details)

By Sherief Saleh - Own work, CC BY-SA 3.0, https://commons.wikimedia.org/w/index.php?curid=29353164, Agnieszka Kwiecie?, Nova, CC BY-SA 4.0 , via Wikimedia Commons
Tom Potterfield: https://www.flickr.com/photos/tgpotterfield/27039345680",Tree,Tree,,,,,visible,Physical good,,,,N,N,N,Y,25.00,,N,,N,,N,,,0,,,,Y
#carpinus-caroliniana-ironwood--true-gallon,3RPM7DTPTFMP7OHJUYKCVDMI,Carpinus caroliniana (Ironwood),,True Gallon,,Carcar12,,Tree,Tree,,,,,visible,Physical good,,,,,,,,30.00,,N,,,,N,,,0,,,,Y
#carpinus-caroliniana-ironwood--2-gallon,5NVVLC6Z77EEMSFUAWMF5UZ6,Carpinus caroliniana (Ironwood),,2 Gallon,,Carcar15,,Tree,Tree,,,,,visible,Physical good,,,,,,,,55.00,,N,,,,N,,,1,,,,Y
#carpinus-caroliniana-ironwood--3-gallon,VD64LA5M2ROWRGHK7DVLCZZP,Carpinus caroliniana (Ironwood),,3 Gallon,,Carcar18,,Tree,Tree,,,,,visible,Physical good,,,,,,,,70.00,,N,,,,N,,,2,,,,Y
#carpinus-caroliniana-ironwood--5-gallon,ENX32YQME2B7CIR3S7N4F4F3,Carpinus caroliniana (Ironwood),,5 Gallon,,Carcar21,,Tree,Tree,,,,,visible,Physical good,,,,,,,,85.00,,N,,,,N,,,0,,,,Y
#carya-ovata-shagbark-hickory--gallon,4JRKY3ALDWZC5JSKJAS2OGHX,Carya ovata (Shagbark Hickory),,Gallon,,Carova9,"This low maintenance, deciduous tree supports various pollinators and wildlife. Produces sweet, edible nuts which mature in Fall.

Size: Height: 70' - 90' ; Width: 50' -70'
Light: Sun (Part-Full)
Moisture: Medium, Moist, 

-

Plant Image Library from Boston, USA, CC BY-SA 2.0 , via Wikimedia Commons",,,,,,,visible,Physical good,,,,N,,N,Y,22.00,,N,,,,,,,0,,,,Y
#carya-ovata-shagbark-hickory--true-gallon,CRFTKZLCCRTMDAHEVNY7JKNV,Carya ovata (Shagbark Hickory),,True Gallon,,Carova12,,,,,,,,visible,Physical good,,,,,,,,25.00,,N,,,,,,,0,,,,Y
#carya-ovata-shagbark-hickory--2-gallon,FG2QXSHDFH2S2LF6FNVESQDG,Carya ovata (Shagbark Hickory),,2 Gallon,,Carova15,,,,,,,,visible,Physical good,,,,,,,,50.00,,N,,,,,,,13,,,,Y
#carya-ovata-shagbark-hickory--3-gallon,VVOWW2FDMRMAQSOBVABUZCCL,Carya ovata (Shagbark Hickory),,3 Gallon,,Carova18,,,,,,,,visible,Physical good,,,,,,,,60.00,,N,,,,,,,0,,,,Y
#carya-ovata-shagbark-hickory--5-gallon,N2BS34A63WH5W6NHYDTBDT6M,Carya ovata (Shagbark Hickory),,5 Gallon,,Carova21,,,,,,,,visible,Physical good,,,,,,,,70.00,,N,,,,,,,0,,,,Y
#castanea-dentata-american-chestnut--gallon,CNBW7K4CCJ6WL4NDATDOJODJ,Castanea dentata (American Chestnut),,Gallon,,Casden9,"Despite problems with blight, this tree can easily grow to 35', providing habitat and food for birds and insects. It also shoots out smaller trees that will establish even after the main tree suffers.

Size: Height: 50' - 75' ; Width: 50' -75'
Light: Sun (Full)
Moisture: Medium, 

-

Agnieszka Kwiecie?, Nova, CC BY-SA 4.0 , via Wikimedia Commons",Tree,Tree,,,,,visible,Physical good,,,,N,N,N,Y,40.00,,N,,N,,N,,,0,,,,Y
#castanea-dentata-american-chestnut--true-gallon,2JR5EZHBDQD3ACAIC2F6MITY,Castanea dentata (American Chestnut),,True Gallon,,Casden12,,Tree,Tree,,,,,visible,Physical good,,,,,,,,55.00,,N,,,,N,,,0,,,,Y
#castanea-dentata-american-chestnut--2-gallon,REVJBSU5T3MKCBOWZEBR2VUF,Castanea dentata (American Chestnut),,2 Gallon,,Casden15,,Tree,Tree,,,,,visible,Physical good,,,,,,,,70.00,,N,,,,N,,,1,,,,Y
#castanea-dentata-american-chestnut--3-gallon,CL2N6PFYCAKZ5XJXK7FE4UHP,Castanea dentata (American Chestnut),,3 Gallon,,Casden18,,Tree,Tree,,,,,visible,Physical good,,,,,,,,85.00,,N,,,,N,,,0,,,,Y
#castanea-dentata-american-chestnut--5-gallon,BOUMXNK3VTDOVZKMPZ6SHICV,Castanea dentata (American Chestnut),,5 Gallon,,Casden21,,Tree,Tree,,,,,visible,Physical good,,,,,,,,100.00,,N,,,,N,,,0,,,,Y
#castanea-pumila-allegheny-chinquapin--gallon,5JIMDGT4B42AHKK4ZYUQ2Z27,Castanea pumila (Allegheny Chinquapin),,Gallon,,Caspum9,"This smaller chestnut-tree provides excellent wildlife food and cover. Matures quickly.

Size: Height: 15' - 30' ; Width: 10' -20'
Light: Sun (Part-Full)
Moisture: Medium, 

-March 1st- May 1 2026: For sizes valued at $50 or above, a $25 discount can be applied courtesy of the Throwing Shade Virginia program. If you purchase online, this discount will be applied as a refund when you pick up your plants. (see https://rb.gy/lukcmf for details)

Michael Ellis [CC BY (https://creativecommons.org/licenses/by/4.0)], Krzysztof Ziarnek, Kenraiz, CC BY-SA 4.0 , via Wikimedia Commons",Tree,Tree,,,,,visible,Physical good,,,,N,N,N,Y,25.00,,N,,,,,,,0,,,,Y
#castanea-pumila-allegheny-chinquapin--true-gallon,I2XTSWBFCQYAVQBSBDMTOLLZ,Castanea pumila (Allegheny Chinquapin),,True Gallon,,Caspum12,,Tree,Tree,,,,,visible,Physical good,,,,,,,,30.00,,N,,,,,,,1,,,,Y
#castanea-pumila-allegheny-chinquapin--2-gallon,GZSRXWC7Y5GWBITAIQORRBQ6,Castanea pumila (Allegheny Chinquapin),,2 Gallon,,Caspum15,,Tree,Tree,,,,,visible,Physical good,,,,,,,,55.00,,N,,,,,,,3,,,,Y
#castanea-pumila-allegheny-chinquapin--3-gallon,RY7G7MJTFGI23X3HNUTFKRE2,Castanea pumila (Allegheny Chinquapin),,3 Gallon,,Caspum18,,Tree,Tree,,,,,visible,Physical good,,,,,,,,70.00,,N,,,,,,,0,,,,Y
#castanea-pumila-allegheny-chinquapin--5-gallon,HR23UO6V3HWTKVEU2DU7PKK5,Castanea pumila (Allegheny Chinquapin),,5 Gallon,,Caspum21,,Tree,Tree,,,,,visible,Physical good,,,,,,,,85.00,,N,,,,,,,0,,,,Y
#ceanothus-americanus-new-jersey-tea--4-5-pot,IQWGG53WVYR5RYLKYI6HSRXV,Ceanothus americanus (New Jersey Tea),,"4.5"" Pot",,Ceaame3,"Dense, compact shrub with cylindrical groups of small white flowers that bloom in early spring. Dried leaves used as a caffeine-free tea. Can grown in rocky, dry soil. Drought resistant.

Size: Height: 3' - 4' ; Width: 3' -5'
Light: Sun (Part-Full)
Moisture: Dry, Medium, 

-March 1st- May 1 2026: For sizes valued at $50 or above, a $25 discount can be applied courtesy of the Throwing Shade Virginia program. If you purchase online, this discount will be applied as a refund when you pick up your plants. (see https://rb.gy/lukcmf for details)

User:JohnOyston, CC BY-SA 1.0 , via Wikimedia Commons, Francis Groeters, CC BY-SA 4.0 , via Wikimedia Commons
Mtneva, CC BY-SA 4.0 , via Wikimedia Commons
H. Zell, CC BY-SA 3.0 , via Wikimedia Commons",Flower,Flower,,,,,visible,Physical good,,,,N,N,N,Y,20.00,,N,,N,,,,,0,,,,Y
#ceanothus-americanus-new-jersey-tea--gallon,Q5AUF2P47CEY7SWXYSWMLWD3,Ceanothus americanus (New Jersey Tea),,Gallon,,Ceaame9,,Flower,Flower,,,,,visible,Physical good,,,,,,,,30.00,,N,,,,,,,119,,,,Y
#ceanothus-americanus-new-jersey-tea--true-gallon,5UZMUASMNVRGEJFR2VR4SLGY,Ceanothus americanus (New Jersey Tea),,True Gallon,,Ceaame12,,Flower,Flower,,,,,visible,Physical good,,,,,,,,35.00,,N,,,,,,,18,,,,Y
#cephalanthus-occidentalis-buttonbush--gallon,FT35M7NFCOVZ7LZ4CAOGJ4HC,Cephalanthus occidentalis (Buttonbush),,Gallon,,Cepocc9,"Flood tolerant, even to standing water. Small, fragrant white flowers in early to mid-summer, and attract bees and butterflies. Hard spherical fruits emerge in late summer and persist through winter. 

Size: Height: 5' - 12' ; Width: 4' -8'
Light: Sun (Part-Full)
Moisture: Moist, Standing Water,

-March 1st- May 1 2026: For sizes valued at $50 or above, a $25 discount can be applied courtesy of the Throwing Shade Virginia program. If you purchase online, this discount will be applied as a refund when you pick up your plants. (see https://rb.gy/lukcmf for details)

Jim Evans [CC BY-SA (https://creativecommons.org/licenses/by-sa/4.0)], Agnieszka Kwiecie?, Nova, CC BY-SA 4.0 , via Wikimedia Commons",Shrub,Shrub,,,,,visible,Physical good,,,,N,N,N,Y,22.00,,N,,N,,,,,0,,,,Y
#cephalanthus-occidentalis-buttonbush--true-gallon,AAUHERHXHCTTLRFMK5FKB6PG,Cephalanthus occidentalis (Buttonbush),,True Gallon,,Cepocc12,,Shrub,Shrub,,,,,visible,Physical good,,,,,,,,25.00,,N,,,,,,,0,,,,Y
#cephalanthus-occidentalis-buttonbush--2-gallon,XVN5QZRWNQTZSZ7XIMGA7C2K,Cephalanthus occidentalis (Buttonbush),,2 Gallon,,Cepocc15,,Shrub,Shrub,,,,,visible,Physical good,,,,,,,,37.00,,N,,,,,,,1,,,,Y
#cephalanthus-occidentalis-buttonbush--3-gallon,AHIFWDB6FOFUONX7NKT36OQ3,Cephalanthus occidentalis (Buttonbush),,3 Gallon,,Cepocc18,,Shrub,Shrub,,,,,visible,Physical good,,,,,,,,50.00,,N,,,,,,,2,,,,Y
#cephalanthus-occidentalis-buttonbush--5-gallon,K443VZ5LWZURONY2UZANLELM,Cephalanthus occidentalis (Buttonbush),,5 Gallon,,Cepocc21,,Shrub,Shrub,,,,,visible,Physical good,,,,,,,,60.00,,N,,,,,,,5,,,,Y
#cercis-canadensis-eastern-redbud--gallon,F4VG4QF46QAVG2ACAEYXJR4J,Cercis canadensis (Eastern Redbud),,Gallon,,Cercan9,"Pea-like, rose-purple flowers bloom in early spring before the foliage emerges. Flowers give way to flattened seed pods that mature to brown in the summer and can feed wildlife through the winter. Attracts butterflies. Deer, clay soil resistant.

Size: Height: 20' - 30' ; Width: 25' -35'
Light: Shade (Part-Full)
Moisture: Dry, Medium, 

-March 1st- May 1 2026: For sizes valued at $50 or above, a $25 discount can be applied courtesy of the Throwing Shade Virginia program. If you purchase online, this discount will be applied as a refund when you pick up your plants. (see https://rb.gy/lukcmf for details)

Famartin, CC BY-SA 4.0 , via Wikimedia Commons",Tree,Tree,,,,,hidden,Physical good,,,,N,N,N,Y,22.00,,N,,N,,N,,,0,,,,Y
#cercis-canadensis-eastern-redbud--true-gallon,BZU6QEXNBYBSBTHMSBWJEP5L,Cercis canadensis (Eastern Redbud),,True Gallon,,Cercan12,,Tree,Tree,,,,,hidden,Physical good,,,,,,,,25.00,,N,,,,N,,,0,,,,Y
#cercis-canadensis-eastern-redbud--2-gallon,WAOGVJXC3UVZBIUJVULWX3KG,Cercis canadensis (Eastern Redbud),,2 Gallon,,Cercan15,,Tree,Tree,,,,,hidden,Physical good,,,,,,,,50.00,,N,,,,N,,,0,,,,Y
#cercis-canadensis-eastern-redbud--3-gallon,QSRBINEHCXVY2BNSKQIGB6BK,Cercis canadensis (Eastern Redbud),,3 Gallon,,Cercan18,,Tree,Tree,,,,,hidden,Physical good,,,,,,,,60.00,,N,,,,N,,,0,,,,Y
#cercis-canadensis-eastern-redbud--5-gallon,TB2USKEWE4KOPCIKI6JYRYRD,Cercis canadensis (Eastern Redbud),,5 Gallon,,Cercan21,,Tree,Tree,,,,,hidden,Physical good,,,,,,,,70.00,,N,,,,N,,,0,,,,Y
#chamaecrista-fasciculata-partridge-pea--4-5-pot,SATIBLFV57PQCXN74LNL7JHK,Chamaecrista fasciculata (Partridge Pea),,"4.5"" Pot",,Chafas3,"Showy, 1"" yellow flowers bloom in late summer in small clusters. Flowers will close when touched. Seed pods mature from green to brown and are eaten by birds. Drought tolerant.

Size: Height: 1' - 3' ; Width: 1' -3'
Light: Sun (Full)
Moisture: Dry, Medium,

-

Fritzflohrreynolds [CC BY-SA (https://creativecommons.org/licenses/by-sa/3.0)]",Flower,Flower,,,,,hidden,Physical good,,,,N,N,N,Y,6.00,,N,,,,,,,0,,,,Y
#chamaecrista-fasciculata-partridge-pea--gallon,KFLD2MWRND62VGHUFEWG4FEH,Chamaecrista fasciculata (Partridge Pea),,Gallon,,Chafas9,,Flower,Flower,,,,,hidden,Physical good,,,,,,,,13.00,,N,,,,,,,0,,,,Y
#chamaecrista-fasciculata-partridge-pea--true-gallon,S7ZKQXC7IM2X4DI3VBBJUK5G,Chamaecrista fasciculata (Partridge Pea),,True Gallon,,Chafas12,,Flower,Flower,,,,,hidden,Physical good,,,,,,,,15.00,,N,,,,,,,0,,,,Y
#chasmanthium-latifolium-river-oats--3-5-pot,J7K7OKEYT4FLJRQZ3QIYTJYH,Chasmanthium latifolium (River Oats),,"3.5"" Pot",,Chalat2,"Shade tolerant, aggressive spreading grass. Characterized by striking flat, drooping seed heads that flutter in the breeze and turn bronze late summer. 

Size: Height: 2' - 5' ; Width: 1' -2.5'
Light: Shade (Part-Full)
Moisture: Dry, Moist, 

-

Krzysztof Ziarnek, Kenraiz, CC BY-SA 4.0 , via Wikimedia Commons",Grass,Grass,,,,,visible,Physical good,,,,N,N,N,Y,8.00,,N,,,,,,,110,,,,Y
#chasmanthium-latifolium-river-oats--4-5-pot,LFSEY3QB3EZXEM3534QYYKEH,Chasmanthium latifolium (River Oats),,"4.5"" Pot",,Chalat3,,Grass,Grass,,,,,visible,Physical good,,,,,,,,9.00,,N,,,,,,,0,,,,Y
#chasmanthium-latifolium-river-oats--gallon,GRXFOIOCDZ5ZIRU4VEIKBP5N,Chasmanthium latifolium (River Oats),,Gallon,,Chalat9,,Grass,Grass,,,,,visible,Physical good,,,,,,,,13.00,,N,,,,,,,0,,,,Y
#chelone-glabra-white-turtlehead--4-5-pot,VO2ALT3H25S67M4OELHI7JL6,Chelone glabra (White Turtlehead),,"4.5"" Pot",,Chegla3,"Clump forming perennial that blooms late summer to fall. White two-lipped flowers with a tinge of pink on spike like terminal racemes. Lance-shaped dark green leaves. Attracts pollinators and hummingbirds.

Size: Height: 2' - 3' ; Width: 1.5' -2.5'
Light: Sun (Part-Full)
Moisture: Medium, Moist,

-

Fritzflohrreynolds, CC BY-SA 3.0 , via Wikimedia Commons
Superior National Forest, CC BY 2.0 , via Wikimedia Commons",Flower,Flower,,,,,visible,Physical good,,,,N,N,N,Y,12.00,,N,,,,N,,,0,,,,Y
#chelone-glabra-white-turtlehead--gallon,VA4MZOVWBA3HO2DMGOG73DRU,Chelone glabra (White Turtlehead),,Gallon,,Chegla9,,Flower,Flower,,,,,visible,Physical good,,,,,,,,17.00,,N,,,,N,,,16,,,,Y
#chelone-glabra-white-turtlehead--true-gallon,GUWKPFUI2ELPDDSGA4ZNPDBA,Chelone glabra (White Turtlehead),,True Gallon,,Chegla12,,Flower,Flower,,,,,visible,Physical good,,,,,,,,19.00,,N,,,,N,,,0,,,,Y
#chionanthus-virginicus-fringe-tree--gallon,W6W7T6C4PFXFOOPGYAMK2B4O,Chionanthus virginicus (Fringe Tree),,Gallon,,Chivir9,"Fragrant, drooping, fringe-like clusters of flowers bloom in spring and female plants give rise to dark, bluish fruits that feed wildlife. Tolerates clay.

Size: Height: 12' - 20' ; Width: 12' -20'
Light: Shade (Part-Full)
Moisture: Medium, Moist, 

-March 1st- May 1 2026: For sizes valued at $50 or above, a $25 discount can be applied courtesy of the Throwing Shade Virginia program. If you purchase online, this discount will be applied as a refund when you pick up your plants. (see https://rb.gy/lukcmf for details)

Krzysztof Ziarnek, Kenraiz, CC BY-SA 4.0 , via Wikimedia Commons",Tree,Tree,,,,,visible,Physical good,,,,N,N,N,Y,22.00,,N,,N,,N,,,21,,,,Y
#chionanthus-virginicus-fringe-tree--true-gallon,3YT7RGYO25R4UUQBWKZWTFNE,Chionanthus virginicus (Fringe Tree),,True Gallon,,Chivir12,,Tree,Tree,,,,,visible,Physical good,,,,,,,,25.00,,N,,,,N,,,5,,,,Y
#chionanthus-virginicus-fringe-tree--2-gallon,D7RS2M57JNMJEWKMPL2XHVN6,Chionanthus virginicus (Fringe Tree),,2 Gallon,,Chivir15,,Tree,Tree,,,,,visible,Physical good,,,,,,,,50.00,,N,,,,N,,,0,,,,Y
#chionanthus-virginicus-fringe-tree--3-gallon,TNHJA6744IIZRYHIYB277SP6,Chionanthus virginicus (Fringe Tree),,3 Gallon,,Chivir18,,Tree,Tree,,,,,visible,Physical good,,,,,,,,60.00,,N,,,,N,,,0,,,,Y
#chionanthus-virginicus-fringe-tree--5-gallon,H3HWNTKLC7YX6FXZPKYDPTUK,Chionanthus virginicus (Fringe Tree),,5 Gallon,,Chivir21,,Tree,Tree,,,,,visible,Physical good,,,,,,,,70.00,,N,,,,N,,,0,,,,Y
#chrysopsis-mariana-maryland-golden-aster--4-5-pot,IIUU3E4DMQI44ZNHLP23IRFE,Chrysopsis mariana (Maryland Golden Aster),,"4.5"" Pot",,Chrmar3,"Short lived perennial aster that readily reseeds itself.  Produces long blooming bright yellow daisy-like flowers.  Drought resistant. Attracts butterflies and bees.

Size: Height: 1' - 2' ; Width: 1' - 2'
Light: Sun (Part-Full)
Moisture: Medium, 

-

Fritzflohrreynolds, CC BY-SA 3.0 , via Wikimedia Commons,  Masebrock, Public domain, via Wikimedia Commons",Flower,Flower,,,,,visible,Physical good,,,,N,N,N,Y,12.00,,N,,N,,N,,,75,,,,Y
#chrysopsis-mariana-maryland-golden-aster--gallon,A5XTMCL7JEKANRPY67457Y2B,Chrysopsis mariana (Maryland Golden Aster),,Gallon,,Chrmar9,,Flower,Flower,,,,,visible,Physical good,,,,,,,,17.00,,N,,,,N,,,0,,,,Y
#chrysopsis-mariana-maryland-golden-aster--true-gallon,U7SLAR7C6RS23QQOPTHG4C73,Chrysopsis mariana (Maryland Golden Aster),,True Gallon,,Chrmar12,,Flower,Flower,,,,,visible,Physical good,,,,,,,,19.00,,N,,,,N,,,0,,,,Y
#clematis-occidentalis-var-occidentalis-purple-clematis--4-5-pot,DT4P6XEEK5BLI53N7NUXCZBA,Clematis occidentalis var. occidentalis (Purple Clematis),,"4.5"" Pot",,Cleocc3,"Trailing vine that blooms lavender purple to pinkish grey showy flowers.

Size: Height: 3' - 6' ; Width: 1' - 2'
Light: Sun (Part-Full)
Moisture: Dry, Medium, 

-

Thayne Tuason, CC BY-SA 4.0 , via Wikimedia Commons,  Thayne Tuason, CC BY-SA 4.0 , via Wikimedia Commons, U.S. Fish and Wildlife Service - Midwest Region, Public domain, via Wikimedia Commons",Vine,Vine,,,,,hidden,Physical good,,,,N,N,N,Y,15.00,,N,,N,,N,,,0,,,,Y
#clematis-occidentalis-var-occidentalis-purple-clematis--gallon,XN2L3FUXAC3DOGH53YRX457M,Clematis occidentalis var. occidentalis (Purple Clematis),,Gallon,,Cleocc9,,Vine,Vine,,,,,hidden,Physical good,,,,,,,,22.00,,N,,,,N,,,0,,,,Y
#clematis-occidentalis-var-occidentalis-purple-clematis--2-gallon,4WGJ4IUQVOI6EGZOODYMCF5G,Clematis occidentalis var. occidentalis (Purple Clematis),,2 Gallon,,Cleocc15,,Vine,Vine,,,,,hidden,Physical good,,,,,,,,37.00,,N,,,,N,,,0,,,,Y
#clematis-virginiana-virgin-s-bower--4-5-pot,ENUXFGO2KJOESX4LOSUB6AVJ,Clematis virginiana (Virgin's Bower),,"4.5"" Pot",,Clevir3,"This vine blooms can grow to 20' tall with support; without it will spread as a ground cover. White flowers in spires are fragrant and bloom in fall which give way to plumes of seed heads. Can spread aggressively.

Size: Height: 15' - 20' ; Width: 3' -6'
Light: Sun (Part-Full)
Moisture: Dry, Moist,

-

R. A. Nonenmacher, CC BY-SA 4.0 , via Wikimedia Commons, Cbaile19, CC0, via Wikimedia Commons",Vine,Vine,,,,,visible,Physical good,,,,N,N,N,Y,15.00,,N,,N,,N,,,0,,,,Y
#clematis-virginiana-virgin-s-bower--gallon,MUZJP56KMDRPCNJYFZKNF3YR,Clematis virginiana (Virgin's Bower),,Gallon,,Clevir9,,Vine,Vine,,,,,visible,Physical good,,,,,,,,22.00,,N,,,,N,,,9,,,,Y
#clematis-virginiana-virgin-s-bower--2-gallon,R53X5W2JONT3GGIHBHLPXNZE,Clematis virginiana (Virgin's Bower),,2 Gallon,,Clevir15,,Vine,Vine,,,,,visible,Physical good,,,,,,,,37.00,,N,,,,N,,,6,,,,Y
#clethra-alnifolia-sweet-pepperbush--gallon,OHKOPNWE6WDTU7WLPKYFOQF5,Clethra alnifolia (Sweet Pepperbush),,Gallon,,Clealn9,"Native to marshes, this shrub does well in full shade, wet soils, and clays. Large, upright spears of flowers emerge in summer, attracting butterflies.

Size: Height: 3' - 8' ; Width: 4' -6'
Light: Sun (Part-Full)
Moisture: Medium, 

-March 1st- May 1 2026: For sizes valued at $50 or above, a $25 discount can be applied courtesy of the Throwing Shade Virginia program. If you purchase online, this discount will be applied as a refund when you pick up your plants. (see https://rb.gy/lukcmf for details)

KENPEI, CC BY-SA 3.0 , via Wikimedia Commons",Shrub,Shrub,,,,,visible,Physical good,,,,N,N,N,Y,22.00,,N,,N,,N,,,0,,,,Y
#clethra-alnifolia-sweet-pepperbush--true-gallon,754NL7GDM3R2YCDBT25TP6U3,Clethra alnifolia (Sweet Pepperbush),,True Gallon,,Clealn12,,Shrub,Shrub,,,,,visible,Physical good,,,,,,,,25.00,,N,,,,N,,,0,,,,Y
#clethra-alnifolia-sweet-pepperbush--2-gallon,DE2VB7LWEQ4DRSZQNGMRFVIF,Clethra alnifolia (Sweet Pepperbush),,2 Gallon,,Clealn15,,Shrub,Shrub,,,,,visible,Physical good,,,,,,,,37.00,,N,,,,N,,,29,,,,Y
#clethra-alnifolia-sweet-pepperbush--3-gallon,Q3Z7LWXW47BOE5WYTQ6DB2LY,Clethra alnifolia (Sweet Pepperbush),,3 Gallon,,Clealn18,,Shrub,Shrub,,,,,visible,Physical good,,,,,,,,50.00,,N,,,,N,,,0,,,,Y
#clethra-alnifolia-sweet-pepperbush--5-gallon,DFRU6KXEKD75XATOICRXPJNP,Clethra alnifolia (Sweet Pepperbush),,5 Gallon,,Clealn21,,Shrub,Shrub,,,,,visible,Physical good,,,,,,,,60.00,,N,,,,N,,,0,,,,Y
#conoclinium-coelestinum-mistflower--4-5-pot,XC4XBGAMYQC7M36TZZAMO3HN,Conoclinium coelestinum (Mistflower),,"4.5"" Pot",,Concoe3,"Can spread aggressively by rhizomes. Purplish stems with showy, fluffy, tubular, blue-purple flowers in late summer to early fall. Attracts butterflies.

Size: Height: 1.5' - 4' ; Width: 1.5' -3'
Light: Sun (Part-Full)
Moisture: Dry, Moist,

-

Kingdon [Public domain], Cbaile19, CC0, via Wikimedia Commons",Flower,Flower,,,,,visible,Physical good,,,,N,N,N,Y,12.00,,N,,N,,,,,163,,,,Y
#conoclinium-coelestinum-mistflower--gallon,WQFQJSXXYAXBJKQ4OMO62JO5,Conoclinium coelestinum (Mistflower),,Gallon,,Concoe9,,Flower,Flower,,,,,visible,Physical good,,,,,,,,17.00,,N,,,,,,,17,,,,Y
#conoclinium-coelestinum-mistflower--true-gallon,3XH6EXS5MUOAK6DACRKR6CRU,Conoclinium coelestinum (Mistflower),,True Gallon,,Concoe12,,Flower,Flower,,,,,visible,Physical good,,,,,,,,19.00,,N,,,,,,,0,,,,Y
#coreopsis-lanceolata-lanceleaf-coreopsis--4-5-pot,TNZYFVXIABECTYA5RFKK4XF4,Coreopsis lanceolata (Lanceleaf Coreopsis),,"4.5"" Pot",,Corlan3,"Showy yellow flowers in this drought tolerant, easy to grow plant. Spreads quickly to fill a space.

Size: Height: 1' - 3' ; Width: 1' -2'
Light: Sun (Part-Full)
Moisture: Dry, Medium, 

-

Forest & Kim Starr, CC BY 3.0 US , via Wikimedia Commons",Flower,Flower,,,,,visible,Physical good,,,,N,N,N,Y,12.00,,N,,,,N,,,0,,,,Y
#coreopsis-lanceolata-lanceleaf-coreopsis--gallon,TT2ZOZ3OS2ALQK4QAFIF555P,Coreopsis lanceolata (Lanceleaf Coreopsis),,Gallon,,Corlan9,,Flower,Flower,,,,,visible,Physical good,,,,,,,,17.00,,N,,,,N,,,95,,,,Y
#coreopsis-lanceolata-lanceleaf-coreopsis--true-gallon,TBPU67IUMHXHCX2YI7QUJTRL,Coreopsis lanceolata (Lanceleaf Coreopsis),,True Gallon,,Corlan12,,Flower,Flower,,,,,visible,Physical good,,,,,,,,19.00,,N,,,,N,,,0,,,,Y
#coreopsis-tripteris-tall-coreopsis--4-5-pot,5ZJYXBVFJCEBUSGPXSLXZPCU,Coreopsis tripteris (Tall Coreopsis),,"4.5"" Pot",,Cortri3,"Tall, upright, multi-branching plant with 2"" yellow flowers that bloom in late summer and fall attract butterflies and make excellent cuttings! Deer Tolerant and Drought Tolerant.

Size: Height: 2' - 8' ; Width: 2' -8'
Light: Sun (Full)
Moisture: Dry, Medium,

-

Frank Mayfield from Chicago area, USA [CC BY-SA (https://creativecommons.org/licenses/by-sa/2.0)]",Flower,Flower,,,,,visible,Physical good,,,,N,N,N,Y,12.00,,N,,,,N,,,0,,,,Y
#coreopsis-tripteris-tall-coreopsis--gallon,SIWQ6A6LTNQKFEEQIJJUDNVM,Coreopsis tripteris (Tall Coreopsis),,Gallon,,Cortri9,,Flower,Flower,,,,,visible,Physical good,,,,,,,,17.00,,N,,,,N,,,72,,,,Y
#coreopsis-tripteris-tall-coreopsis--true-gallon,QUYB6Q5TGFIC4NRQEYUK6YUN,Coreopsis tripteris (Tall Coreopsis),,True Gallon,,Cortri12,,Flower,Flower,,,,,visible,Physical good,,,,,,,,19.00,,N,,,,N,,,49,,,,Y
#coreopsis-verticillata-threadleaf-coreopsis--4-5-pot,PQM37256DVI4VXUM2ZKIHMVX,Coreopsis verticillata (Threadleaf Coreopsis),,"4.5"" Pot",,Corver3,"Thrives in poor, rocky, dry soils! Bright yellow flowers bloom in summer. Deer and Drought Resistant.

Size: Height: 2' - 3' ; Width: 1' -2'
Light: Sun (Full)
Moisture: Dry, Medium, 

-

User:Qwertzy2 [CC BY-SA (http://creativecommons.org/licenses/by-sa/3.0/)], Photo by David J. Stang, CC BY-SA 4.0 , via Wikimedia Commons",Flower,Flower,,,,,visible,Physical good,,,,N,N,N,Y,12.00,,N,,N,,,,,14,,,,Y
#coreopsis-verticillata-threadleaf-coreopsis--gallon,4ROIC7TV6QK5IOCXPQLKHVBM,Coreopsis verticillata (Threadleaf Coreopsis),,Gallon,,Corver9,,Flower,Flower,,,,,visible,Physical good,,,,,,,,17.00,,N,,,,,,,0,,,,Y
#coreopsis-verticillata-threadleaf-coreopsis--true-gallon,RAJ7O62U7FTCVPFPTCFEMHRQ,Coreopsis verticillata (Threadleaf Coreopsis),,True Gallon,,Corver12,,Flower,Flower,,,,,visible,Physical good,,,,,,,,19.00,,N,,,,,,,0,,,,Y
#cornus-alternifolia-pagoda-dogwood--gallon,GUFE6G3Z43TRRGM2ROKZTEXF,Cornus alternifolia (Pagoda Dogwood),,Gallon,,Coralt9,"Striking horizontal layers of branches. Clusters of white flowers adorn this shrub in late spring that produce dark blue fruits in late summer to feed wildlife.

Size: Height: 15' - 25' ; Width: 20' -32'
Light: Shade (Part-Full)
Moisture: Medium, 

-March 1st- May 1 2026: For sizes valued at $50 or above, a $25 discount can be applied courtesy of the Throwing Shade Virginia program. If you purchase online, this discount will be applied as a refund when you pick up your plants. (see https://rb.gy/lukcmf for details)

Jaknouse, CC BY-SA 3.0 , via Wikimedia Commons, Ryan Hodnett, CC BY-SA 4.0 , via Wikimedia Commons
Cody Hough, CC BY-SA 3.0 , via Wikimedia Commons
peganum from Small Dole, England, CC BY-SA 2.0 , via Wikimedia Commons",Tree,Tree,,,,,hidden,Physical good,,,,N,N,N,Y,25.00,,N,,,,,,,0,,,,Y
#cornus-alternifolia-pagoda-dogwood--true-gallon,BEFYSSORKN6NJOG54HAWKCPB,Cornus alternifolia (Pagoda Dogwood),,True Gallon,,Coralt12,,Tree,Tree,,,,,hidden,Physical good,,,,,,,,30.00,,N,,,,,,,0,,,,Y
#cornus-alternifolia-pagoda-dogwood--2-gallon,7BZU443ZXUN7D6LOEPDAM7RG,Cornus alternifolia (Pagoda Dogwood),,2 Gallon,,Coralt15,,Tree,Tree,,,,,hidden,Physical good,,,,,,,,55.00,,N,,,,,,,0,,,,Y
#cornus-alternifolia-pagoda-dogwood--3-gallon,M6NKQ6HUG4N4EAFWUC3ECVVH,Cornus alternifolia (Pagoda Dogwood),,3 Gallon,,Coralt18,,Tree,Tree,,,,,hidden,Physical good,,,,,,,,70.00,,N,,,,,,,0,,,,Y
#cornus-alternifolia-pagoda-dogwood--5-gallon,EGGS2DU6VRVR4XETSLRHGZXS,Cornus alternifolia (Pagoda Dogwood),,5 Gallon,,Coralt21,,Tree,Tree,,,,,hidden,Physical good,,,,,,,,85.00,,N,,,,,,,0,,,,Y
#cornus-amomum-silky-dogwood--gallon,JDWWNJ2GWQPOQT7NVD3P6SWD,Cornus amomum (Silky Dogwood),,Gallon,,Coramo9,"This shrub gets its name from the silky hairs under its leaves. Yellowish flowers bloom in late spring and give way to berries that turn blue. Deer, wet soil tolerant.

Size: Height: 5' - 8' ; Width: 6' -12'
Light: Shade (Part-Full)
Moisture: Medium, Moist,

-March 1st- May 1 2026: For sizes valued at $50 or above, a $25 discount can be applied courtesy of the Throwing Shade Virginia program. If you purchase online, this discount will be applied as a refund when you pick up your plants. (see https://rb.gy/lukcmf for details)",Shrub,Shrub,,,,,visible,Physical good,,,,N,N,N,Y,22.00,,N,,,,N,,,0,,,,Y
#cornus-amomum-silky-dogwood--true-gallon,UUWZFT2NVVGQDKMSJMA4TGVV,Cornus amomum (Silky Dogwood),,True Gallon,,Coramo12,,Shrub,Shrub,,,,,visible,Physical good,,,,,,,,25.00,,N,,,,N,,,0,,,,Y
#cornus-amomum-silky-dogwood--2-gallon,2TU2FIQQ7QOO7QP6MEMRMKXZ,Cornus amomum (Silky Dogwood),,2 Gallon,,Coramo15,,Shrub,Shrub,,,,,visible,Physical good,,,,,,,,37.00,,N,,,,N,,,16,,,,Y
#cornus-amomum-silky-dogwood--3-gallon,5LG5U4DSFZIX4RAM2O7VCZRG,Cornus amomum (Silky Dogwood),,3 Gallon,,Coramo18,,Shrub,Shrub,,,,,visible,Physical good,,,,,,,,50.00,,N,,,,N,,,10,,,,Y
#cornus-amomum-silky-dogwood--5-gallon,GDJ5LJNZTO6UT3RIER5R5XUE,Cornus amomum (Silky Dogwood),,5 Gallon,,Coramo21,,Shrub,Shrub,,,,,visible,Physical good,,,,,,,,60.00,,N,,,,N,,,25,,,,Y
#cornus-florida-flowering-dogwood--gallon,LM4MBCGEBGNREHQSSRNFOU5M,Cornus florida (Flowering Dogwood),,Gallon,,Corflo9,"Virginia’s state tree known for gorgeous white blooms in the spring and bright red leaves in the fall!

Size: Height: 15' - 30' ; Width: 15' -30'
Light: Shade (Part-Full)
Moisture: Medium, 

-March 1st- May 1 2026: For sizes valued at $50 or above, a $25 discount can be applied courtesy of the Throwing Shade Virginia program. If you purchase online, this discount will be applied as a refund when you pick up your plants. (see https://rb.gy/lukcmf for details)

Famartin, CC BY-SA 4.0 , via Wikimedia Commons",Tree,Tree,,,,,visible,Physical good,,,,N,N,N,Y,25.00,,N,,N,,N,,,0,,,,Y
#cornus-florida-flowering-dogwood--true-gallon,CY2BF2LPZEMJWP6LM7PD627J,Cornus florida (Flowering Dogwood),,True Gallon,,Corflo12,,Tree,Tree,,,,,visible,Physical good,,,,,,,,30.00,,N,,,,N,,,2,,,,Y
#cornus-florida-flowering-dogwood--2-gallon,L2IBESN3MTUPQYIUG5JF25GE,Cornus florida (Flowering Dogwood),,2 Gallon,,Corflo15,,Tree,Tree,,,,,visible,Physical good,,,,,,,,55.00,,N,,,,N,,,0,,,,Y
#cornus-florida-flowering-dogwood--3-gallon,3TXUIMK2AT52HWDBQS5JJM2C,Cornus florida (Flowering Dogwood),,3 Gallon,,Corflo18,,Tree,Tree,,,,,visible,Physical good,,,,,,,,70.00,,N,,,,N,,,0,,,,Y
#cornus-florida-flowering-dogwood--5-gallon,ZBJ2UUEXXGH6FWAAUJUBYHKX,Cornus florida (Flowering Dogwood),,5 Gallon,,Corflo21,,Tree,Tree,,,,,visible,Physical good,,,,,,,,85.00,,N,,,,N,,,0,,,,Y
#cornus-racemosa-grey-dogwood--gallon,IUDNK3I6XEWKEABZ2C5G3225,Cornus racemosa (Grey Dogwood),,Gallon,,Corrac9,"Though deer may forage on the leaves of this shrub, butterflies and birds (including Eastern Bluebirds) enjoy the fruits and white blooms. 

Size: Height: 10' - 15' ; Width: 10' -15'
Light: Shade (Part-Full)
Moisture: Medium, 

-March 1st- May 1 2026: For sizes valued at $50 or above, a $25 discount can be applied courtesy of the Throwing Shade Virginia program. If you purchase online, this discount will be applied as a refund when you pick up your plants. (see https://rb.gy/lukcmf for details)

Frank Mayfield (gmayfield10), CC BY-SA 2.0 , via Wikimedia Commons",Shrub,Shrub,,,,,visible,Physical good,,,,N,N,N,Y,22.00,,N,,,,,,,0,,,,Y
#cornus-racemosa-grey-dogwood--true-gallon,4FGIWY7SBWTFIKOKQIE4MDJF,Cornus racemosa (Grey Dogwood),,True Gallon,,Corrac12,,Shrub,Shrub,,,,,visible,Physical good,,,,,,,,25.00,,N,,,,,,,15,,,,Y
#cornus-racemosa-grey-dogwood--2-gallon,3WZK3QRCXLLAF24543SRBPCR,Cornus racemosa (Grey Dogwood),,2 Gallon,,Corrac15,,Shrub,Shrub,,,,,visible,Physical good,,,,,,,,37.00,,N,,,,,,,8,,,,Y
#cornus-racemosa-grey-dogwood--3-gallon,CQWAV5NUCSR3KOBY6HO24HC7,Cornus racemosa (Grey Dogwood),,3 Gallon,,Corrac18,,Shrub,Shrub,,,,,visible,Physical good,,,,,,,,50.00,,N,,,,,,,9,,,,Y
#cornus-racemosa-grey-dogwood--5-gallon,E7Z7VUDVOH65M6OYQIBAB5WG,Cornus racemosa (Grey Dogwood),,5 Gallon,,Corrac21,,Shrub,Shrub,,,,,visible,Physical good,,,,,,,,60.00,,N,,,,,,,0,,,,Y
#corydalis-sempervirens-pale-corydalis--4-5-pot,VUMB5PDD5VZXP5NV7TO3EUSR,Corydalis sempervirens (Pale Corydalis),,"4.5"" Pot",,Corsem3,"Distinct, pale, multi-lobed leaves distinguish the growth of this perennial until early summer, when it shoots up stems of delicate, 1/2 inch pink-and-yellow flowers. Biennial but will self-seed to colonize.

Size: Height: 2' - 3' ; Width: 1' -2'
Light: Sun (Part-Full)
Moisture: Dry, Medium, 

-

Laval University, CC BY-SA 4.0 , via Wikimedia Commons",Flower,Flower,,,,,hidden,Physical good,,,,N,N,N,Y,6.00,,N,,,,,,,0,,,,Y
#corydalis-sempervirens-pale-corydalis--gallon,ABGQEBFA7B2Q7UCNHDQTTYMM,Corydalis sempervirens (Pale Corydalis),,Gallon,,Corsem9,,Flower,Flower,,,,,hidden,Physical good,,,,,,,,13.00,,N,,,,,,,0,,,,Y
#corydalis-sempervirens-pale-corydalis--true-gallon,RDJ5UCZLU4JBWPMVRO725Y27,Corydalis sempervirens (Pale Corydalis),,True Gallon,,Corsem12,,Flower,Flower,,,,,hidden,Physical good,,,,,,,,15.00,,N,,,,,,,0,,,,Y
#corylus-americana-hazelnut--gallon,EI2PWJDKSVQ53ELJYKQTYZLJ,Corylus americana (Hazelnut),,Gallon,,Corame9,"2-3"" long flowers emerge in spring; female flowers create small edible nuts in July. Tolerates clay.

Size: Height: 10' - 16' ; Width: 8' -13'
Light: Sun (Part-Full)
Moisture: Medium, Moist, 

-March 1st- May 1 2026: For sizes valued at $50 or above, a $25 discount can be applied courtesy of the Throwing Shade Virginia program. If you purchase online, this discount will be applied as a refund when you pick up your plants. (see https://rb.gy/lukcmf for details)

Krzysztof Ziarnek, Kenraiz, CC BY-SA 4.0 , via Wikimedia Commons",Tree,Tree,,,,,hidden,Physical good,,,,N,N,N,Y,22.00,,N,,,,,,,0,,,,Y
#corylus-americana-hazelnut--true-gallon,LHVDMO7YCVPPRFQ74TOKLKTY,Corylus americana (Hazelnut),,True Gallon,,Corame12,,Tree,Tree,,,,,hidden,Physical good,,,,,,,,25.00,,N,,,,,,,0,,,,Y
#corylus-americana-hazelnut--2-gallon,MZBUFMIHRWV6HSD4XO2AC4UC,Corylus americana (Hazelnut),,2 Gallon,,Corame15,,Tree,Tree,,,,,hidden,Physical good,,,,,,,,50.00,,N,,,,,,,0,,,,Y
#corylus-americana-hazelnut--3-gallon,CS76CHLOUTIAQJKIW7ACYWSG,Corylus americana (Hazelnut),,3 Gallon,,Corame18,,Tree,Tree,,,,,hidden,Physical good,,,,,,,,60.00,,N,,,,,,,0,,,,Y
#corylus-americana-hazelnut--5-gallon,YHRPFG2IWFOFYCP7ZE7QPQ7B,Corylus americana (Hazelnut),,5 Gallon,,Corame21,,Tree,Tree,,,,,hidden,Physical good,,,,,,,,70.00,,N,,,,,,,0,,,,Y
#cow-pots-20-count--supply,TZIKDWIBBXJPLRTVRPRSXORG,Cow Pots (20 Count),,Supply,,CowPot95,"Size:
Light:
Moisture:

-",,,,,,,hidden,Physical good,,,,Y,,N,Y,5.00,,N,,,,,,,25,,,,Y
#crataegus-phaenopyrum-washington-hawthorn--gallon,73AH3HLZZE7WC5QZWIPB4R6Q,Crataegus phaenopyrum (Washington Hawthorn),,Gallon,,Crapha9,"Blooms attract pollinators in the spring and berries feed wildlife through the summer

Size: Height: 12' - 36' ; Width: 25' -25'
Light: Sun (Full)
Moisture: Medium, Moist,

-March 1st- May 1 2026: For sizes valued at $50 or above, a $25 discount can be applied courtesy of the Throwing Shade Virginia program. If you purchase online, this discount will be applied as a refund when you pick up your plants. (see https://rb.gy/lukcmf for details)",Tree,Tree,,,,,visible,Physical good,,,,N,N,N,Y,25.00,,N,,,,,,,0,,,,Y
#crataegus-phaenopyrum-washington-hawthorn--true-gallon,FAN32WVB5DMZTIXNA646ZEZB,Crataegus phaenopyrum (Washington Hawthorn),,True Gallon,,Crapha12,,Tree,Tree,,,,,visible,Physical good,,,,,,,,30.00,,N,,,,,,,0,,,,Y
#crataegus-phaenopyrum-washington-hawthorn--2-gallon,WRVTLE5EJGLTCDYADDQJBNH7,Crataegus phaenopyrum (Washington Hawthorn),,2 Gallon,,Crapha15,,Tree,Tree,,,,,visible,Physical good,,,,,,,,55.00,,N,,,,,,,70,,,,Y
#crataegus-phaenopyrum-washington-hawthorn--3-gallon,Q564AIF4XLUGOJCKLU7QVAM5,Crataegus phaenopyrum (Washington Hawthorn),,3 Gallon,,Crapha18,,Tree,Tree,,,,,visible,Physical good,,,,,,,,70.00,,N,,,,,,,15,,,,Y
#crataegus-phaenopyrum-washington-hawthorn--5-gallon,LFXDX4BIE3NWDI4EY6SFRCGQ,Crataegus phaenopyrum (Washington Hawthorn),,5 Gallon,,Crapha21,,Tree,Tree,,,,,visible,Physical good,,,,,,,,85.00,,N,,,,,,,0,,,,Y
#danthonia-spicata-poverty-oat-grass--3-5-pot,5NPJ2VHOAVGRNCPPM2DW5TX2,Danthonia spicata (Poverty Oat Grass),,"3.5"" Pot",,Danspi2,"Short bunchgrass perennial with rosettes of curly leaves.  Flowering stems can be up to two feet high but base of rosett stay close to the ground.  Can grow in dry, rocky and sandy soils. 

Size: Height: 1' - 2' ; Width: 0.5' -1'
Light: Sun (Part-Full)
Moisture: Dry, Medium, 

-

Rob Routledge, Sault College, Bugwood.org, CC BY 3.0 US , via Wikimedia Commons,  Rob Routledge, Sault College, Bugwood.org, CC BY 3.0 US , via Wikimedia Commons,",Grass,Grass,,,,,visible,Physical good,,,,N,N,N,Y,8.00,,N,,,,,,,116,,,,Y
#danthonia-spicata-poverty-oat-grass--4-5-pot,M72IWGDUJ2C5EPK6HSKCJWR3,Danthonia spicata (Poverty Oat Grass),,"4.5"" Pot",,Danspi3,,Grass,Grass,,,,,visible,Physical good,,,,,,,,9.00,,N,,,,,,,0,,,,Y
#danthonia-spicata-poverty-oat-grass--gallon,N7ESP4RJR4SX5YGSPGC6G4BJ,Danthonia spicata (Poverty Oat Grass),,Gallon,,Danspi9,,Grass,Grass,,,,,visible,Physical good,,,,,,,,13.00,,N,,,,,,,0,,,,Y
#delivery-fee-local-30min--service,DJDMHUBZYFWBWGCKSXSTQ6ND,Delivery Fee Local (<30min),,Service,,DelLoc99,"Size:
Light:
Moisture:

-",,,,,,,hidden,Other,,,,N,,N,N,150.00,,N,,,,,,,0,,,,N
#delivery-fee-nova-60min--service,PMKVGL4WM7QLPUO2V7INDSGN,Delivery Fee Nova (>60min),,Service,,DelNov99,"Size:
Light:
Moisture:

-",,,,,,,hidden,Other,,,,N,,N,N,250.00,,N,,,,,,,0,,,,N
#delivery-fee-region-30min--service,M4IKCV5N7YK53K2BSOJ7C7CE,Delivery Fee Region (>30min),,Service,,DelReg99,"Size:
Light:
Moisture:

-",,,,,,,hidden,Other,,,,N,,N,N,200.00,,N,,,,,,,0,,,,N
#delphinium-exaltatum-tall-larkspur--4-5-pot,2ZR5GQ56JD5KYCQAT5WZMXTR,Delphinium exaltatum (Tall Larkspur),,"4.5"" Pot",,Delexa3,"Tall spikes of 1"" blue flowers bloom in summer, attracting butterflies. Grows taller and blooms later than many other larkspurs. Remove spent flowers to encourage new blooms. Deer tolerant.

Size: Height: 4' - 6' ; Width: 1' -2'
Light: Sun (Full)
Moisture: Medium, 

-

Doppelbrau, CC BY-SA 4.0 , via Wikimedia Commons, Photo by David J. Stang, CC BY-SA 4.0 , via Wikimedia Commons",Flower,Flower,,,,,visible,Physical good,,,,N,N,N,Y,12.00,,N,,,,N,,,6,,,,Y
#delphinium-exaltatum-tall-larkspur--gallon,CE2JV7PVDMZNFWGX6NMLCUGW,Delphinium exaltatum (Tall Larkspur),,Gallon,,Delexa9,,Flower,Flower,,,,,visible,Physical good,,,,,,,,17.00,,N,,,,N,,,0,,,,Y
#delphinium-exaltatum-tall-larkspur--true-gallon,RZXFX75GHRJOJ7T36KVM7ASK,Delphinium exaltatum (Tall Larkspur),,True Gallon,,Delexa12,,Flower,Flower,,,,,visible,Physical good,,,,,,,,19.00,,N,,,,N,,,0,,,,Y
#dennstaedtia-punctilobula-hay-scented-fern--4-5-pot,ALZODMAYG4QVARPBMRVKTZEA,Dennstaedtia punctilobula (Hay Scented Fern),,"4.5"" Pot",,Denpun3,"Crushed leaves release a hay-like scent, giving this fern its name. Fronds turn yellow in the fall. Tolerates dry or poor soils well once established.

Size: Height: 1' - 2' ; Width: 2' -3'
Light: Shade (Part-Full)
Moisture: Medium, Moist,

-

Photo by David J. Stang [CC BY-SA (https://creativecommons.org/licenses/by-sa/4.0)]",Fern,Fern,,,,,hidden,Physical good,,,,N,N,N,Y,13.00,,N,,,,N,,,0,,,,Y
#dennstaedtia-punctilobula-hay-scented-fern--gallon,IARSCCBHZC646LDSSQNKEGSW,Dennstaedtia punctilobula (Hay Scented Fern),,Gallon,,Denpun9,,Fern,Fern,,,,,hidden,Physical good,,,,,,,,19.00,,N,,,,N,,,0,,,,Y
#design-consultation-service,OLX5M2YO4B4AMPHRIAUQ5JSU,Design Consultation,,Service,,DesCon99,"Size:
Light:
Moisture:

-",,,,,,,hidden,Other,,,,N,,N,N,125.00,,N,,,,,,,0,,,,N
#design-deposit-service,66V2UZVH5U646YPIZZ4N2JIS,Design Deposit,,Service,,DesDep99,"Size:
Light:
Moisture:

-",,,,,,,hidden,Other,,,,N,,N,N,500.00,,N,,,,,,,0,,,,N
#design-services-service,4E3HQKN4P3BMXQGX7VBZD6RH,Design Services,,Service,,DesSer99,"Size:
Light:
Moisture:

-",,,,,,,hidden,Other,,,,N,,N,N,variable,,N,,,,,,,0,,,,N
#dicentra-cucullaria-dutchmans-breeches--4-5-pot,P24NMOOMFDJVVFKIVZPSG5SA,Dicentra cucullaria (Dutchmans breeches),,"4.5"" Pot",,Diccuc3,"In Spring basal fern-like leaves appear with a leafless arching stem of fragrant white pantaloon-shaped flowers. Adds early interest to the garden.  Plant goes dormant by summer.

Size: Height: 0.5' - 0.5' ; Width: 0.5' -1'
Light: Shade (Part-Full)
Moisture: Medium, 

-

Cbaile19, CC0, via Wikimedia Commons,  Doug McGrady from Warwick, RI, USA, CC BY 2.0 , via Wikimedia Commons, Cbaile19, CC0, via Wikimedia Commons",Flower,Flower,,,,,hidden,Physical good,,,,N,N,N,Y,15.00,,N,,N,,N,,,0,,,,Y
#dicentra-cucullaria-dutchmans-breeches--gallon,QOZR54ORQV6HKN6Q3SIA2UM3,Dicentra cucullaria (Dutchmans breeches),,Gallon,,Diccuc9,,Flower,Flower,,,,,hidden,Physical good,,,,,,,,21.00,,N,,,,N,,,0,,,,Y
#dicentra-cucullaria-dutchmans-breeches--true-gallon,M6EBTGOSM6JHJLMDR4R6OLON,Dicentra cucullaria (Dutchmans breeches),,True Gallon,,Diccuc12,,Flower,Flower,,,,,hidden,Physical good,,,,,,,,23.00,,N,,,,N,,,0,,,,Y
#diospyros-virginiana-persimmon--gallon,WKLW342LTHK2X7AQZJM34S2U,Diospyros virginiana (Persimmon),,Gallon,,Diovir9,"Tall tree with a rounded crown with dark gray bark broken into rectangular blocks. Male and female trees flower in late spring. Fruits mature in fall. Female trees need a male pollinator to fruit. Drought tolerant.

Size: Height: 35' - 60' ; Width: 25' -25'
Light: Shade (Part-Full)
Moisture: Medium, Moist, 

-March 1st- May 1 2026: For sizes valued at $50 or above, a $25 discount can be applied courtesy of the Throwing Shade Virginia program. If you purchase online, this discount will be applied as a refund when you pick up your plants. (see https://rb.gy/lukcmf for details)

Puddin Tain, CC BY-SA 2.0 , via Wikimedia Commons, Katja Schulz from Washington, D. C., USA, CC BY 2.0 , via Wikimedia Commons
Photo by David J. Stang, CC BY-SA 4.0 , via Wikimedia Commons",Tree,Tree,,,,,visible,Physical good,,,,N,N,N,Y,22.00,,N,,,,,,,0,,,,Y
#diospyros-virginiana-persimmon--true-gallon,5VYPURUVOIHSIJMM6SDCEZOM,Diospyros virginiana (Persimmon),,True Gallon,,Diovir12,,Tree,Tree,,,,,visible,Physical good,,,,,,,,25.00,,N,,,,,,,3,,,,Y
#diospyros-virginiana-persimmon--2-gallon,HWTRNK2VGU4V6WRSAVU455ZS,Diospyros virginiana (Persimmon),,2 Gallon,,Diovir15,,Tree,Tree,,,,,visible,Physical good,,,,,,,,50.00,,N,,,,,,,1,,,,Y
#diospyros-virginiana-persimmon--3-gallon,QPWSNASFVUWHY3LNYMMEFEV3,Diospyros virginiana (Persimmon),,3 Gallon,,Diovir18,,Tree,Tree,,,,,visible,Physical good,,,,,,,,60.00,,N,,,,,,,0,,,,Y
#diospyros-virginiana-persimmon--5-gallon,NGAHJRDCZGEPAVGTTHFNBAVP,Diospyros virginiana (Persimmon),,5 Gallon,,Diovir21,,Tree,Tree,,,,,visible,Physical good,,,,,,,,70.00,,N,,,,,,,0,,,,Y
#dodecatheon-amethystinum-amethyst-shooting-star--4-5-pot,LAUIUTRYK6XXIPYG4DKI6IJF,Dodecatheon amethystinum (Amethyst Shooting Star),,"4.5"" Pot",,Dodame3,"Fom April to May this spectacular flower produce fragrant purple to pink colored blossoms.   Rare to find in the wild.  Naturally found in very limited native range including a small area of the Appalachians.    Fruit is an erect, oval to cylindric capsule and mature in late summer.  

Size: Height: 0.5' - 2.5' ; Width: 0.5' -'
Light: Sun (Part-Full)
Moisture: Medium, 

-

wackybadger, CC BY-SA 2.0 , via Wikimedia Commons",Flower,Flower,,,,,hidden,Physical good,,,,N,N,N,Y,15.00,,N,,,,N,,,0,,,,Y
#dodecatheon-amethystinum-amethyst-shooting-star--gallon,VUBJEBCRLNO72GMJ75QW4SPE,Dodecatheon amethystinum (Amethyst Shooting Star),,Gallon,,Dodame9,,Flower,Flower,,,,,hidden,Physical good,,,,,,,,21.00,,N,,,,N,,,0,,,,Y
#dodecatheon-amethystinum-amethyst-shooting-star--true-gallon,7W4FDOV3ESXNSPAVNXCX5MJN,Dodecatheon amethystinum (Amethyst Shooting Star),,True Gallon,,Dodame12,,Flower,Flower,,,,,hidden,Physical good,,,,,,,,23.00,,N,,,,N,,,0,,,,Y
#dodecatheon-meadia-midland-shooting-star--4-5-pot,AMJOL32QXA6ZGCYC5JU7DZUH,Dodecatheon meadia (Midland Shooting Star),,"4.5"" Pot",,Dodmea3,"Herbaceous perennial that forms basal rosettes.  In spring a tall red or green stem rises above the basal rosette and blooms unique pink or white flowers that resemble the shape of a shooting star.

Size: Height: 1' - 2' ; Width: 0.5' - 1'
Light: Sun (Part-Full)
Moisture: Medium, 

-

Björn S..., CC BY-SA 2.0 , via Wikimedia Commons, H. Zell, CC BY-SA 3.0 , via Wikimedia Commons",Flower,Flower,,,,,hidden,Physical good,,,,N,N,N,Y,15.00,,N,,N,,N,,,0,,,,Y
#dodecatheon-meadia-midland-shooting-star--gallon,HAUL7WJTU3FXLCTZZCHMNQ2Z,Dodecatheon meadia (Midland Shooting Star),,Gallon,,Dodmea9,,Flower,Flower,,,,,hidden,Physical good,,,,,,,,21.00,,N,,,,N,,,0,,,,Y
#dodecatheon-meadia-midland-shooting-star--true-gallon,3WNXQQAVNTNSQLBAG2MMFTPB,Dodecatheon meadia (Midland Shooting Star),,True Gallon,,Dodmea12,,Flower,Flower,,,,,hidden,Physical good,,,,,,,,23.00,,N,,,,N,,,0,,,,Y
#dryopteris-felix-mas-male-fern--4-5-pot,EELTN2F4ZQ64WOIFS4SZN6YI,Dryopteris felix-mas (Male Fern),,"4.5"" Pot",,Dryfel3,"Large arching deciduous male fern. Erect stout rhizomes and medium green blades. Pinnate-pinnatifid with 20-30 pair of long-pointed pinnae per blade. Leaflet divided into short, rounded, sub-leaflets.

Size: Height: 1' - 3' ; Width: 2' -3'
Light: Shade (Part-Full)
Moisture: Medium, Moist, 

-

Agnieszka Kwiecie?, Nova, CC BY-SA 4.0 , via Wikimedia Commons",Fern,Fern,,,,,hidden,Physical good,,,,N,N,N,Y,13.00,,N,,,,,,,0,,,,Y
#dryopteris-felix-mas-male-fern--gallon,CPQ3OH6W5WAOPMWDUSMZCAXT,Dryopteris felix-mas (Male Fern),,Gallon,,Dryfel9,,Fern,Fern,,,,,hidden,Physical good,,,,,,,,19.00,,N,,,,,,,0,,,,Y
#dryopteris-marginalis-marginal-woodfern--4-5-pot,QETRA7T656BP4CKDY4N7JGIH,Dryopteris marginalis (Marginal Woodfern),,"4.5"" Pot",,Drymar3,"Evergreen, perennial fern. ""Marginal"" references the location of the sori on the underside of the pinnae. Grows in a broad, erect crown that is densely covered with light brown scales. Produces a large, single crown and does not spread.

Size: Height: 1' - 3' ; Width: 2' -3'
Light: Shade (Part-Full)
Moisture: Medium, Moist, 

-

Krzysztof Ziarnek, Kenraiz, CC BY-SA 4.0 , via Wikimedia Commons, Kelvinsong, CC BY 3.0 , via Wikimedia, Photo by David J. Stang, CC BY-SA 4.0 , via Wikimedia Commons Commons, Laval University, CC BY-SA 4.0 , via Wikimedia Commons",Fern,Fern,,,,,visible,Physical good,,,,N,N,N,Y,13.00,,N,,N,,N,,,44,,,,Y
#dryopteris-marginalis-marginal-woodfern--gallon,T7NP55WZBCKKZ3N3NUGYUY7K,Dryopteris marginalis (Marginal Woodfern),,Gallon,,Drymar9,,Fern,Fern,,,,,visible,Physical good,,,,,,,,19.00,,N,,,,N,,,3,,,,Y
#ecological-consultation-service,DRQUPQFDSKT7GXSMNH7W4HPC,Ecological Consultation,,Service,,EcoCon99,"Size:
Light:
Moisture:

-",,,,,,,hidden,Other,,,,N,,N,N,150.00,,N,,,,,,,0,,,,N
#ecological-consultation-write-up-service,TD3NF2SLCEMVX47HH5EOA6HS,Ecological Consultation Write Up,,Service,,EcoWri99,"Size:
Light:
Moisture:

-",,,,,,,hidden,Other,,,,N,,N,N,400.00,,N,,,,,,,0,,,,N
#elymus-hystrix-bottlebrush-grass--3-5-pot,JJB4F7AEM5AKPOU6P5OBOVQE,Elymus hystrix (Bottlebrush Grass),,"3.5"" Pot",,Elyhys2,"Loose upright tufts of narrow-bladed grass. Greenish flower heads, resembling bottle brushes, rise in the summer. Can tolerate drought and clay tolerant.

Size: Height: 2' - 3' ; Width: 1' -1'
Light: Shade (Full)
Moisture: Medium, Moist, 

-

wackybadger, CC BY-SA 2.0 , via Wikimedia Commons",Grass,Grass,,,,,visible,Physical good,,,,N,N,N,Y,8.00,,N,,N,,,,,134,,,,Y
#elymus-hystrix-bottlebrush-grass--4-5-pot,33QWMJVCN6NKQIXX2GMX5XML,Elymus hystrix (Bottlebrush Grass),,"4.5"" Pot",,Elyhys3,,Grass,Grass,,,,,visible,Physical good,,,,,,,,9.00,,N,,,,,,,0,,,,Y
#elymus-hystrix-bottlebrush-grass--gallon,FSAB32IJXGM3EG5MCVCIQE6Y,Elymus hystrix (Bottlebrush Grass),,Gallon,,Elyhys9,,Grass,Grass,,,,,visible,Physical good,,,,,,,,13.00,,N,,,,,,,0,,,,Y
#elymus-virginicus-wild-rye--3-5-pot,UCQBSFN66HUZBUGGY6NIIJJ5,Elymus virginicus (Wild Rye),,"3.5"" Pot",,Elyvir2,"A shorter bunchgrass that tolerates drought, deer, and erosion. Does will in a wide variety of soils too!

Size: Height: 2' - 5' ; Width: 1' -2'
Light: Sun (Part-Full)
Moisture: Medium, 

-

Matt Lavin from Bozeman, Montana, USA, CC BY-SA 2.0 , via Wikimedia Commons",Grass,Grass,,,,,visible,Physical good,,,,N,N,N,Y,8.00,,N,,,,,,,162,,,,Y
#elymus-virginicus-wild-rye--4-5-pot,7LF4IFOAGAJDEU5KOOCCDMZY,Elymus virginicus (Wild Rye),,"4.5"" Pot",,Elyvir3,,Grass,Grass,,,,,visible,Physical good,,,,,,,,9.00,,N,,,,,,,0,,,,Y
#elymus-virginicus-wild-rye--gallon,KBG4FZ6HNR2YIPUD3RCBA4XX,Elymus virginicus (Wild Rye),,Gallon,,Elyvir9,,Grass,Grass,,,,,visible,Physical good,,,,,,,,13.00,,N,,,,,,,0,,,,Y
#eragrostis-spectabilis-purple-lovegrass--3-5-pot,IBV6GPXAPK67DBDHGJ3LDTUJ,Eragrostis spectabilis (Purple Lovegrass),,"3.5"" Pot",,Eraspe2,"Hardy, native perennial with seed heads that turn purple mid-summer, giving color to the landscape.

Size: Height: 1' - 2' ; Width: 0.5' -1'
Light: Sun (Full)
Moisture: Dry, Medium, 

-

Photo by David J. Stang, CC BY-SA 4.0 , via Wikimedia Commons",Grass,Grass,,,,,visible,Physical good,,,,N,N,N,Y,8.00,,N,,,,,,,275,,,,Y
#eragrostis-spectabilis-purple-lovegrass--4-5-pot,EXXHWMFXTRC4XUSZZJDITYFH,Eragrostis spectabilis (Purple Lovegrass),,"4.5"" Pot",,Eraspe3,,Grass,Grass,,,,,visible,Physical good,,,,,,,,9.00,,N,,,,,,,0,,,,Y
#eragrostis-spectabilis-purple-lovegrass--gallon,DJFPIQISNK3KTSVAVE4LWUO2,Eragrostis spectabilis (Purple Lovegrass),,Gallon,,Eraspe9,,Grass,Grass,,,,,visible,Physical good,,,,,,,,13.00,,N,,,,,,,0,,,,Y
#erigeron-pulchellus-robin-s-plantain--4-5-pot,WIZEUE6NHFXFSZYFSNU5MZBK,Erigeron pulchellus (Robin's Plantain),,"4.5"" Pot",,Eripul3,"White, aster-like flowers bloom in late spring on sparsley-leaved stems. Tolerates drought and clay soil. Attracts butterflies.

Size: Height: 1' - 2' ; Width: 1' -2'
Light: Sun (Part-Full)
Moisture: Dry, Medium, 

-

Salicyna [CC BY-SA (https://creativecommons.org/licenses/by-sa/4.0)], Fritzflohrreynolds, CC BY-SA 3.0 , via Wikimedia Commons",Flower,Flower,,,,,visible,Physical good,,,,N,N,N,Y,12.00,,N,,,,N,,,298,,,,Y
#erigeron-pulchellus-robin-s-plantain--gallon,ELSRPSKOBNOLQ63H6PYXI25O,Erigeron pulchellus (Robin's Plantain),,Gallon,,Eripul9,,Flower,Flower,,,,,visible,Physical good,,,,,,,,17.00,,N,,,,N,,,0,,,,Y
#erigeron-pulchellus-robin-s-plantain--true-gallon,RGZBBLURBMWESXTG5RC4AWKN,Erigeron pulchellus (Robin's Plantain),,True Gallon,,Eripul12,,Flower,Flower,,,,,visible,Physical good,,,,,,,,19.00,,N,,,,N,,,0,,,,Y
#eryngium-yuccifolium-rattlesnake-master--4-5-pot,DKWZQMMVUCX5ZIAGVOCRS6JW,Eryngium yuccifolium (Rattlesnake Master),,"4.5"" Pot",,Eryyuc3,"Long, sword-like leaves with domed flower clusters. Whitish flower heads appear in summer, Drought, clay, rocky-soil tolerant.

Size: Height: 4' - 5' ; Width: 2' -3'
Light: Sun (Full)
Moisture: Dry, Medium, 

-

Sesamehoneytart [CC BY-SA (https://creativecommons.org/licenses/by-sa/3.0)], Crazytwoknobs, CC BY 3.0 , via Wikimedia Commons",Flower,Flower,,,,,visible,Physical good,,,,N,N,N,Y,12.00,,N,,N,,N,,,162,,,,Y
#eryngium-yuccifolium-rattlesnake-master--gallon,N2PHVO3YOJF5FIFKXEIIZXIT,Eryngium yuccifolium (Rattlesnake Master),,Gallon,,Eryyuc9,,Flower,Flower,,,,,visible,Physical good,,,,,,,,17.00,,N,,,,N,,,3,,,,Y
#eryngium-yuccifolium-rattlesnake-master--true-gallon,PKW52QVYHI4LDRPR76ELQAUN,Eryngium yuccifolium (Rattlesnake Master),,True Gallon,,Eryyuc12,,Flower,Flower,,,,,visible,Physical good,,,,,,,,19.00,,N,,,,N,,,0,,,,Y
#erythronium-americanum-yellow-trout-lily--4-5-pot,NUSR3N7FVGWGI2KOP7DZPITX,Erythronium americanum (Yellow Trout Lily),,"4.5"" Pot",,Eryame3,"Spring ephemeral.  Blooms a single beautiful, delicate yellow flower on a stalk. At least two leaves at its base. Forms colonies. Can take 4 to 5 years to bloom. Support Miner Bees.

Size: Height: 0.5' - 0.5' ; Width: 0.5' -0.5'
Light: Shade (Part-Full)
Moisture: Medium, 

-

Doug McGrady from Warwick, RI, USA, CC BY 2.0 , via Wikimedia Commons,   Cephas, CC BY-SA 4.0 , via , Fritzflohrreynolds, CC BY-SA 3.0 , via Wikimedia CommonsWikimedia Commons",Flower,Flower,,,,,hidden,Physical good,,,,N,N,N,Y,15.00,,N,,N,,N,,,0,,,,Y
#erythronium-americanum-yellow-trout-lily--gallon,QYSYVWJHAGC5RWXUXEYJ6SPL,Erythronium americanum (Yellow Trout Lily),,Gallon,,Eryame9,,Flower,Flower,,,,,hidden,Physical good,,,,,,,,21.00,,N,,,,N,,,0,,,,Y
#erythronium-americanum-yellow-trout-lily--true-gallon,7U56SARGP7HF6YJBDYIPNJCQ,Erythronium americanum (Yellow Trout Lily),,True Gallon,,Eryame12,,Flower,Flower,,,,,hidden,Physical good,,,,,,,,23.00,,N,,,,N,,,0,,,,Y
#eubotrys-racemosa-swamp-doghobble--gallon,SVYFCZPS3H2HGV4QJSJR364R,Eubotrys racemosa (Swamp Doghobble),,Gallon,,Eubrac9,"deciduous shrub with shiny green and red stems. White bell-shaped flowers on 3-4' racemes in spring that give way to light brown fruits and red leaves in fall.

Size: Height: 4' - 6' ; Width: 4' -6'
Light: Shade (Part-Full)
Moisture: Medium, 

-

Famartin, CC BY-SA 4.0 , via Wikimedia Commons",Shrub,Shrub,,,,,hidden,Physical good,,,,N,N,N,Y,22.00,,N,,,,,,,0,,,,Y
#eubotrys-racemosa-swamp-doghobble--true-gallon,I7O7BUDIO27XMRIRGVNXAQVA,Eubotrys racemosa (Swamp Doghobble),,True Gallon,,Eubrac12,,Shrub,Shrub,,,,,hidden,Physical good,,,,,,,,25.00,,N,,,,,,,0,,,,Y
#eubotrys-racemosa-swamp-doghobble--2-gallon,VSMVTLZXS5EXMOPPNFUX6RWG,Eubotrys racemosa (Swamp Doghobble),,2 Gallon,,Eubrac15,,Shrub,Shrub,,,,,hidden,Physical good,,,,,,,,37.00,,N,,,,,,,0,,,,Y
#eubotrys-racemosa-swamp-doghobble--3-gallon,EDSR2EO3BZUH4ZUN7JWBCYN4,Eubotrys racemosa (Swamp Doghobble),,3 Gallon,,Eubrac18,,Shrub,Shrub,,,,,hidden,Physical good,,,,,,,,50.00,,N,,,,,,,0,,,,Y
#eubotrys-racemosa-swamp-doghobble--5-gallon,FJ2NFFAEYTNSF6SG46ZB5FO3,Eubotrys racemosa (Swamp Doghobble),,5 Gallon,,Eubrac21,,Shrub,Shrub,,,,,hidden,Physical good,,,,,,,,60.00,,N,,,,,,,0,,,,Y
#euonymus-americanus-strawberry-bush--gallon,ZVPSSMTV4UOIRXFDLAZFI44V,Euonymus americanus (Strawberry Bush),,Gallon,,Euoame9,"Spacious, airy, deciduous shrub. Bright red berries emerge in fall to feed birds and wildlife. Ripe fruits also give the plant the name ""bursting hearts"".

Size: Height: 4' - 6' ; Width: 4' -6'
Light: Shade (Part-Full)
Moisture: Medium, Moist, 

-March 1st- May 1 2026: For sizes valued at $50 or above, a $25 discount can be applied courtesy of the Throwing Shade Virginia program. If you purchase online, this discount will be applied as a refund when you pick up your plants. (see https://rb.gy/lukcmf for details)

Arlington National Cemetery [Public domain], James H. Miller & Ted Bodner, Southern Weed Science Society, Bugwood.org, CC BY 3.0 , via Wikimedia Commons",Shrub,Shrub,,,,,visible,Physical good,,,,N,N,N,Y,25.00,,N,,N,,,,,0,,,,Y
#euonymus-americanus-strawberry-bush--true-gallon,6R4BQ6JCI4UGOZELRTKHJNA5,Euonymus americanus (Strawberry Bush),,True Gallon,,Euoame12,,Shrub,Shrub,,,,,visible,Physical good,,,,,,,,30.00,,N,,,,,,,7,,,,Y
#euonymus-americanus-strawberry-bush--2-gallon,3U44XGGNDTLWKYJKIUQZAZEK,Euonymus americanus (Strawberry Bush),,2 Gallon,,Euoame15,,Shrub,Shrub,,,,,visible,Physical good,,,,,,,,50.00,,N,,,,,,,0,,,,Y
#euonymus-americanus-strawberry-bush--3-gallon,76NDR6KG2FH4SVFUKKSKJZ3Z,Euonymus americanus (Strawberry Bush),,3 Gallon,,Euoame18,,Shrub,Shrub,,,,,visible,Physical good,,,,,,,,60.00,,N,,,,,,,0,,,,Y
#euonymus-americanus-strawberry-bush--5-gallon,BU4OPQU2H2WDCBVOBT52RUYI,Euonymus americanus (Strawberry Bush),,5 Gallon,,Euoame21,,Shrub,Shrub,,,,,visible,Physical good,,,,,,,,70.00,,N,,,,,,,2,,,,Y
#eupatorium-hyssopifolium-hyssop-leaved-boneset--4-5-pot,IIXFGE6HGQYGJAEJLSMEZEUV,Eupatorium hyssopifolium (Hyssop-Leaved Boneset),,"4.5"" Pot",,Euphys3,"Dense white flower clusters emerge in the summer. Does well in dry meadows and gravelly soil. Attracts butterflies and native bees.

Size: Height: 2' - 4' ; Width: 1' -2'
Light: Sun (Part-Full)
Moisture: Dry, Medium,

-

By Choess - Own work, CC BY-SA 3.0, https://commons.wikimedia.org/w/index.php?curid=11455131",Flower,Flower,,,,,visible,Physical good,,,,N,N,N,Y,12.00,,N,,N,,N,,,7,,,,Y
#eupatorium-hyssopifolium-hyssop-leaved-boneset--gallon,LDJWXWVI3EM5PJJQFYQRAGGN,Eupatorium hyssopifolium (Hyssop-Leaved Boneset),,Gallon,,Euphys9,,Flower,Flower,,,,,visible,Physical good,,,,,,,,17.00,,N,,,,N,,,53,,,,Y
#eupatorium-hyssopifolium-hyssop-leaved-boneset--true-gallon,DIDVTIK5ZSVITUO664P7ULYZ,Eupatorium hyssopifolium (Hyssop-Leaved Boneset),,True Gallon,,Euphys12,,Flower,Flower,,,,,visible,Physical good,,,,,,,,19.00,,N,,,,N,,,0,,,,Y
#eupatorium-perfoliatum-common-boneset--4-5-pot,FGSCA4WXZNX363OA6A4VWO2T,Eupatorium perfoliatum (Common Boneset),,"4.5"" Pot",,Eupper3,"White flowers with grassy leaves, and a vigorous spreader. Ideal for rain gardens. 

Size: Height: 4' - 6' ; Width: 3' -4'
Light: Sun (Full)
Moisture: Moist, 

-

I, SB Johnny, CC BY-SA 3.0 , via Wikimedia Commons, H. Zell, CC BY-SA 3.0 , via Wikimedia Commons",Flower,Flower,,,,,visible,Physical good,,,,N,N,N,Y,12.00,,N,,,,,,,0,,,,Y
#eupatorium-perfoliatum-common-boneset--gallon,VEF2OM5B62NJDTBA7C4QMGUW,Eupatorium perfoliatum (Common Boneset),,Gallon,,Eupper9,,Flower,Flower,,,,,visible,Physical good,,,,,,,,17.00,,N,,,,,,,66,,,,Y
#eupatorium-perfoliatum-common-boneset--true-gallon,K4GBTHC6RWSZM6NJ2UOZDFHL,Eupatorium perfoliatum (Common Boneset),,True Gallon,,Eupper12,,Flower,Flower,,,,,visible,Physical good,,,,,,,,19.00,,N,,,,,,,1,,,,Y
#eupatorium-purpureum-sweet-joe-pye-weed--4-5-pot,3IHJZCDJHYDH3XBHTMNWEQI5,Eupatorium purpureum (Sweet Joe Pye Weed),,"4.5"" Pot",,Euppur3,"Large plants with purple blossoms can be showy additions to a garden. Attracts butterflies, birds, and pollinators. Deer resistant. 

Size: Height: 5' - 7' ; Width: 2' -4'
Light: Sun (Part-Full)
Moisture: Medium, Moist, 

-

Tatters ? from Brisbane, Australia, CC BY-SA 2.0 , via Wikimedia Commons",Flower,Flower,,,,,visible,Physical good,,,,N,N,N,Y,12.00,,N,,,,,,,82,,,,Y
#eupatorium-purpureum-sweet-joe-pye-weed--gallon,3ZTOI7FDCGJQS7NZ3BH7QKIR,Eupatorium purpureum (Sweet Joe Pye Weed),,Gallon,,Euppur9,,Flower,Flower,,,,,visible,Physical good,,,,,,,,17.00,,N,,,,,,,24,,,,Y
#eupatorium-purpureum-sweet-joe-pye-weed--true-gallon,5WLRRWSCPQJNPJ5TRF557MTE,Eupatorium purpureum (Sweet Joe Pye Weed),,True Gallon,,Euppur12,,Flower,Flower,,,,,visible,Physical good,,,,,,,,19.00,,N,,,,,,,0,,,,Y
#eupatorium-serotinum-late-boneset--4-5-pot,P242YGAPBAZCNLVXPBLDUV5P,Eupatorium serotinum (Late Boneset),,"4.5"" Pot",,Eupser3,"Clusters of small white flowers attract pollinators in late summer and fall that attract a variety of pollinators. Can form colonies through rhizomes.

Size: Height: 3' - 6' ; Width: 3' -4'
Light: Sun (Full)
Moisture: Medium, 

-

Fritzflohrreynolds, CC BY-SA 3.0 , via Wikimedia Commons, Melissa McMasters from Memphis, TN, United States, CC BY 2.0 , via Wikimedia Commons",Flower,Flower,,,,,hidden,Physical good,,,,N,N,N,Y,12.00,,N,,,,,,,0,,,,Y
#eupatorium-serotinum-late-boneset--gallon,RNW75DU7FUP3B5BNJ375A6TV,Eupatorium serotinum (Late Boneset),,Gallon,,Eupser9,,Flower,Flower,,,,,hidden,Physical good,,,,,,,,17.00,,N,,,,,,,0,,,,Y
#eupatorium-serotinum-late-boneset--true-gallon,CBDNGBYF4EE4AWDUOHGZ7QT4,Eupatorium serotinum (Late Boneset),,True Gallon,,Eupser12,,Flower,Flower,,,,,hidden,Physical good,,,,,,,,19.00,,N,,,,,,,0,,,,Y
#eurybia-macrophylla-big-leaved-aster--4-5-pot,6DDDQP5R4PJ7QFONNMX2IWOG,Eurybia macrophylla (Big Leaved Aster),,"4.5"" Pot",,Eurmac3,"Large, 4-8 leaves give this plant its name, and is often used for its foliage rather than its flowering, especially if grown in shade. Pale blue flowers with yellow centers bloom in late summer, especially in partial shade.

Size: Height: 2' - 4' ; Width: 2' -4'
Light: Shade (Part-Full)
Moisture: Medium, 

-

By wackybadger - https://www.flickr.com/photos/wackybadger/6170898173/, CC BY-SA 2.0, https://commons.wikimedia.org/w/index.php?curid=17350819, Krzysztof Ziarnek, Kenraiz, CC BY-SA 4.0 , via Wikimedia Commons
By User:BotBln - Own work: User:BotBln, CC BY-SA 3.0, https://commons.wikimedia.org/w/index.php?curid=16453405",Flower,Flower,,,,,visible,Physical good,,,,N,N,N,Y,12.00,,N,,,,N,,,199,,,,Y
#eurybia-macrophylla-big-leaved-aster--gallon,ZY4NIZ5N4ZYQDMIJR6M4CSFL,Eurybia macrophylla (Big Leaved Aster),,Gallon,,Eurmac9,,Flower,Flower,,,,,visible,Physical good,,,,,,,,17.00,,N,,,,N,,,37,,,,Y
#eurybia-macrophylla-big-leaved-aster--true-gallon,YK2TK5YV4IJPEFUNR6A54RJH,Eurybia macrophylla (Big Leaved Aster),,True Gallon,,Eurmac12,,Flower,Flower,,,,,visible,Physical good,,,,,,,,19.00,,N,,,,N,,,0,,,,Y
#eurybia-spectabilis-showy-aster--4-5-pot,B2YS4PJVTYNJVZTSBLXK2HJC,Eurybia spectabilis (Showy Aster),,"4.5"" Pot",,Eurspe3,"Flowers, up to 2"" wide, bloom for a long time in late summer and fall. Attracts butterflies and bees. Can form small colonies from underground rhizomes.

Size: Height: 1' - 2' ; Width: 2' -2'
Light: Sun (Part-Full)
Moisture: Dry, Medium,

-",Flower,Flower,,,,,hidden,Physical good,,,,N,N,N,Y,12.00,,N,,,,,,,0,,,,Y
#eurybia-spectabilis-showy-aster--gallon,DQ3ON2ZRYLAQ4FFARYPATP37,Eurybia spectabilis (Showy Aster),,Gallon,,Eurspe9,,Flower,Flower,,,,,hidden,Physical good,,,,,,,,17.00,,N,,,,,,,0,,,,Y
#eurybia-spectabilis-showy-aster--true-gallon,SMJFF76BT23PB5MF7H742GOT,Eurybia spectabilis (Showy Aster),,True Gallon,,Eurspe12,,Flower,Flower,,,,,hidden,Physical good,,,,,,,,19.00,,N,,,,,,,0,,,,Y
#euthamia-graminifolia-grass-leaved-goldenrod--4-5-pot,JWVNSDNX5KGLEEFEW3X37AS4,Euthamia graminifolia (Grass leaved Goldenrod),,"4.5"" Pot",,Eutgra3,"A goldenrod with grass-like leaves and soft yellow flowers.  Flowers have a long bloom season from late summer to early winter and are favored by our native bees. Spreads by rhizomes to form attractive clumps.

Size: Height: 2' - 4' ; Width: 1.5' -2.5'
Light: Sun (Part-Full)
Moisture: Medium, 

-

Cephas, CC BY-SA 4.0 , via Wikimedia Commons,  Joshua Mayer from Madison, WI, USA, CC BY-SA 2.0 , via Wikimedia Commons",Flower,Flower,,,,,visible,Physical good,,,,N,N,N,Y,12.00,,N,,,,N,,,0,,,,Y
#euthamia-graminifolia-grass-leaved-goldenrod--gallon,NL547S33JPYQC453LLI4D2U2,Euthamia graminifolia (Grass leaved Goldenrod),,Gallon,,Eutgra9,,Flower,Flower,,,,,visible,Physical good,,,,,,,,17.00,,N,,,,N,,,78,,,,Y
#euthamia-graminifolia-grass-leaved-goldenrod--true-gallon,NC7JGA3VVK4KTCSU2CMVUKQQ,Euthamia graminifolia (Grass leaved Goldenrod),,True Gallon,,Eutgra12,,Flower,Flower,,,,,visible,Physical good,,,,,,,,19.00,,N,,,,N,,,0,,,,Y
#eutrochium-fistulosum-hollow-joe-pye-weed--4-5-pot,X3BV4N3AE3SYXYK4CE6GXHL4,Eutrochium fistulosum (Hollow Joe Pye Weed),,"4.5"" Pot",,Eutfis3,"Erect, clump-forming flower with a long bloom.  Large, fragrant,pink rounded clusters of flowers.  Great planting for attracting bees and butterflies! 

Size: Height: 4' - 7' ; Width: 2' -4'
Light: Sun (Part-Full)
Moisture: Medium, Moist, 

-

Cbaile19, CC0, via Wikimedia Commons,  Cbaile19, CC0, via Wikimedia Commons,  Ryan Hodnett, CC BY-SA 4.0 , via Wikimedia Commons,   Doug McGrady from Warwick, RI, USA, CC BY 2.0 , via Wikimedia Commons",Flower,Flower,,,,,visible,Physical good,,,,N,N,N,Y,12.00,,N,,N,,N,,,182,,,,Y
#eutrochium-fistulosum-hollow-joe-pye-weed--gallon,NEJRY6V2O7ER3M22D6L7BENE,Eutrochium fistulosum (Hollow Joe Pye Weed),,Gallon,,Eutfis9,,Flower,Flower,,,,,visible,Physical good,,,,,,,,17.00,,N,,,,N,,,86,,,,Y
#eutrochium-fistulosum-hollow-joe-pye-weed--true-gallon,OPXJCCZHEKDTGRXX6YHZSBQI,Eutrochium fistulosum (Hollow Joe Pye Weed),,True Gallon,,Eutfis12,,Flower,Flower,,,,,visible,Physical good,,,,,,,,19.00,,N,,,,N,,,0,,,,Y
#eutrochium-maculatum-joe-pye-weed--4-5-pot,FQMHLIHFJEN7VUWC4U237ZLO,Eutrochium maculatum (Joe Pye Weed),,"4.5"" Pot",,Eutmac3,"Tall herbaceous perennial that bloom dusky pink flowers. Fragrant and showy.  Can form small colonies that can be divided in spring.  Drought and deer resistant. Attracts butterflies.

Size: Height: 4' - 7' ; Width: 3' - 4'
Light: Sun (Part-Full)
Moisture: Medium, Moist, 

-

Marc Ryckaert, CC BY 3.0 , via Wikimedia Commons,  Krzysztof Ziarnek, Kenraiz, CC BY-SA 4.0 , via Wikimedia, Cephas, CC BY-SA 4.0 , via Wikimedia Commons Commons",Flower,Flower,,,,,visible,Physical good,,,,N,N,N,Y,12.00,,N,,N,,N,,,0,,,,Y
#eutrochium-maculatum-joe-pye-weed--gallon,2LNZXCRYK5QOTFH2V7JP5HBT,Eutrochium maculatum (Joe Pye Weed),,Gallon,,Eutmac9,,Flower,Flower,,,,,visible,Physical good,,,,,,,,17.00,,N,,,,N,,,0,,,,Y
#eutrochium-maculatum-joe-pye-weed--true-gallon,JQUBBPOFMHSYBVCJVLQMDKO7,Eutrochium maculatum (Joe Pye Weed),,True Gallon,,Eutmac12,,Flower,Flower,,,,,visible,Physical good,,,,,,,,19.00,,N,,,,N,,,0,,,,Y
#fagus-grandifolia-american-beech--gallon,RPCKB6WQODAZN22UJHIRTCPG,Fagus grandifolia (American Beech),,Gallon,,Faggra9,"An excellent shade tree that needs well-drained soils, the American Beech can form colonies through its root structure. It has distinctive grey, smooth bark with leaves that turn golden in fall. Beechnuts are edible. Deer tolerant.

Size: Height: 50' - 80' ; Width: 40' -80'
Light: Sun (Part-Full)
Moisture: Medium, 

-March 1st- May 1 2026: For sizes valued at $50 or above, a $25 discount can be applied courtesy of the Throwing Shade Virginia program. If you purchase online, this discount will be applied as a refund when you pick up your plants. (see https://rb.gy/lukcmf for details)

By Bruce Marlin - Own work http://www.cirrusimage.com/trees.htm, CC BY-SA 2.5, https://commons.wikimedia.org/w/index.php?curid=2348471,  Laval University, CC BY-SA 4.0 , via Wikimedia Commons
By © Derek Ramsey / derekramsey.com, CC BY-SA 4.0, https://commons.wikimedia.org/w/index.php?curid=47846489",Tree,Tree,,,,,hidden,Physical good,,,,N,N,N,Y,22.00,,N,,N,,N,,,0,,,,Y
#fagus-grandifolia-american-beech--true-gallon,UCH36WA2WHZE6BWD7UCNPPKS,Fagus grandifolia (American Beech),,True Gallon,,Faggra12,,Tree,Tree,,,,,hidden,Physical good,,,,,,,,25.00,,N,,,,N,,,8,,,,Y
#fagus-grandifolia-american-beech--2-gallon,426ERLYLZUPTMNBALZ3VZWYL,Fagus grandifolia (American Beech),,2 Gallon,,Faggra15,,Tree,Tree,,,,,hidden,Physical good,,,,,,,,50.00,,N,,,,N,,,0,,,,Y
#fagus-grandifolia-american-beech--3-gallon,XLVLEYF2TWQ5LSRIWKPBBC2C,Fagus grandifolia (American Beech),,3 Gallon,,Faggra18,,Tree,Tree,,,,,hidden,Physical good,,,,,,,,60.00,,N,,,,N,,,0,,,,Y
#fagus-grandifolia-american-beech--5-gallon,KSWXE7CV35CPIQ2EW6Z6POOH,Fagus grandifolia (American Beech),,5 Gallon,,Faggra21,,Tree,Tree,,,,,hidden,Physical good,,,,,,,,70.00,,N,,,,N,,,0,,,,Y
#filipendula-rubra-queen-of-the-prairie--4-5-pot,SG5GASNYBTWDM5JMGL6NIQUJ,Filipendula rubra (Queen of the prairie),,"4.5"" Pot",,Filrub3,"Very tall, upright, clump-forming perennial, wide panicles of tiny, fragrant, pale pink flowers in early to mid summer. Bright green fragrant leaves.Valued for both its leaves and its flowers.

Size: Height: 6' - 8' ; Width: 3' -2'
Light: Sun (Part-Full)
Moisture: Medium, Moist, 

-

Uleli, CC BY 3.0 , via Wikimedia Commons, Bernard Spragg. NZ from Christchurch, New Zealand, CC0, via Wikimedia Commons",Flower,Flower,,,,,visible,Physical good,,,,N,N,N,Y,12.00,,N,,N,,,,,49,,,,Y
#filipendula-rubra-queen-of-the-prairie--gallon,4JXQPNQ6HZFYCTHL23ODIGWT,Filipendula rubra (Queen of the prairie),,Gallon,,Filrub9,,Flower,Flower,,,,,visible,Physical good,,,,,,,,17.00,,N,,,,,,,0,,,,Y
#filipendula-rubra-queen-of-the-prairie--true-gallon,5D5TC7IETAHJ3XP4WWTLFFZR,Filipendula rubra (Queen of the prairie),,True Gallon,,Filrub12,,Flower,Flower,,,,,visible,Physical good,,,,,,,,19.00,,N,,,,,,,0,,,,Y
#fragaria-virginiana-wild-strawberry--4-5-pot,UPKV5QGIELRUTYBOLPUQMWPS,Fragaria virginiana (Wild Strawberry),,"4.5"" Pot",,Fravir3,"Herbaceous, flowering, perennial.  Spread by runners making it a great option for ground cover. Produce large colonies over time. White flowers in spring make way for bright red edible fruits. Most productive in color temperatures of spring and fall.  

Size: Height: 0.5' - 1' ; Width: 1' -2'
Light: Sun (Part-Full)
Moisture: Dry, Medium, 

-

Walter Siegmund, CC BY-SA 3.0 , via Wikimedia Commons,  Laval University, CC BY-SA 4.0 , via Wikimedia Commons,  James St. John, CC BY 2.0 , via Wikimedia Commons",Flower,Flower,,,,,visible,Physical good,,,,N,N,N,Y,9.00,,N,,N,,N,,,0,,,,Y
#fragaria-virginiana-wild-strawberry--gallon,BDWFUYP6JBV76TT3QAKOQ6YY,Fragaria virginiana (Wild Strawberry),,Gallon,,Fravir9,,Flower,Flower,,,,,visible,Physical good,,,,,,,,15.00,,N,,,,N,,,0,,,,Y
#fragaria-virginiana-wild-strawberry--true-gallon,EHVB5MPWDWMRSAOLWLA3HSS6,Fragaria virginiana (Wild Strawberry),,True Gallon,,Fravir12,,Flower,Flower,,,,,visible,Physical good,,,,,,,,17.00,,N,,,,N,,,0,,,,Y
#franklinia-alatamaha-franklin-tree--gallon,XMT34TWM7SZ5PNZHQTKSSHFY,Franklinia alatamaha (Franklin Tree),,Gallon,,Fraala9,"Camellia-like, cup-shaped, 5-petaled, sweetly-fragrant, white flowers (to 3 diameter) bloom in late summer. Leaves turn quality shades of orange, red and purple in autumn. Sole species in genus. Found by W. Bartram in 1765 along Georgia's Altamaha River. All Franklinia growing today allegedly descend from those propagated and distributed by the Bartrams, who are often credited with having saved the tree from extinction. Note on Nativity: This is a North American Native plant with original range in GEORGIA, USA. We carry it because it is special.

Size: Height: 10' - 20' ; Width: 6' -15'
Light: Shade (Part-Full)
Moisture: Medium, Moist, 

-

Plant Image Library from Boston, USA, CC BY-SA 2.0 , via Wikimedia Commons",Tree,Tree,,,,,visible,Physical good,,,,N,N,N,Y,40.00,,N,,N,,N,,,0,,,,Y
#franklinia-alatamaha-franklin-tree--true-gallon,NJCTAYL7G4LU5AV6NTUXSLHE,Franklinia alatamaha (Franklin Tree),,True Gallon,,Fraala12,,Tree,Tree,,,,,visible,Physical good,,,,,,,,55.00,,N,,,,N,,,0,,,,Y
#franklinia-alatamaha-franklin-tree--2-gallon,PE2EPOEOXX4BSHNC5MY3C5ZR,Franklinia alatamaha (Franklin Tree),,2 Gallon,,Fraala15,,Tree,Tree,,,,,visible,Physical good,,,,,,,,70.00,,N,,,,N,,,0,,,,Y
#franklinia-alatamaha-franklin-tree--3-gallon,JO65BIN2T3OVJCPVWZ6MCTFH,Franklinia alatamaha (Franklin Tree),,3 Gallon,,Fraala18,,Tree,Tree,,,,,visible,Physical good,,,,,,,,85.00,,N,,,,N,,,0,,,,Y
#franklinia-alatamaha-franklin-tree--5-gallon,FBICBARDTS7VJFIJPB4KKFKB,Franklinia alatamaha (Franklin Tree),,5 Gallon,,Fraala21,,Tree,Tree,,,,,visible,Physical good,,,,,,,,100.00,,N,,,,N,,,0,,,,Y
#gaylussacia-baccata-black-huckleberry--gallon,MKX5G73WVPQEI2PEZDAUUNOM,Gaylussacia baccata (Black Huckleberry),,Gallon,,Gaybac9,"Small, red flowers bloom in late spring on yellowish-green stems and leaves. Berries follow the flowers and turn to blue-black. Leaves turn red in the autumn. Can tolerate moist soil.

Size: Height: 1' - 3' ; Width: 2' -4'
Light: Shade (Part-Full)
Moisture: Medium, 

-March 1st- May 1 2026: For sizes valued at $50 or above, a $25 discount can be applied courtesy of the Throwing Shade Virginia program. If you purchase online, this discount will be applied as a refund when you pick up your plants. (see https://rb.gy/lukcmf for details)

By Fritzflohrreynolds - Own work, CC BY-SA 3.0, https://commons.wikimedia.org/w/index.php?curid=31347342
By Rob Routledge, Sault College, Bugwood.org - http://www.forestryimages.org/search/action.cfm?q=Gaylussacia%20baccata, CC BY 3.0, https://commons.wikimedia.org/w/index.php?curid=31003854
By Steven G. Johnson - Own work, CC BY-SA 3.0, https://commons.wikimedia.org/w/index.php?curid=10995045,    DouglasGoldman, CC BY-SA 4.0 , via Wikimedia Commons",Shrub,Shrub,,,,,hidden,Physical good,,,,N,N,N,Y,22.00,,N,,,,,,,0,,,,Y
#gaylussacia-baccata-black-huckleberry--true-gallon,65YHWCFXRHB342RO3QCHI2VO,Gaylussacia baccata (Black Huckleberry),,True Gallon,,Gaybac12,,Shrub,Shrub,,,,,hidden,Physical good,,,,,,,,25.00,,N,,,,,,,0,,,,Y
#gaylussacia-baccata-black-huckleberry--2-gallon,A7RFGCNZ2P6RKQGEEOQU6ART,Gaylussacia baccata (Black Huckleberry),,2 Gallon,,Gaybac15,,Shrub,Shrub,,,,,hidden,Physical good,,,,,,,,37.00,,N,,,,,,,0,,,,Y
#gaylussacia-baccata-black-huckleberry--3-gallon,TRNIMGFJO37HKOXE5JTU3LXB,Gaylussacia baccata (Black Huckleberry),,3 Gallon,,Gaybac18,,Shrub,Shrub,,,,,hidden,Physical good,,,,,,,,50.00,,N,,,,,,,0,,,,Y
#gaylussacia-baccata-black-huckleberry--5-gallon,7V4GX4724NDUKGEDHJD53FVM,Gaylussacia baccata (Black Huckleberry),,5 Gallon,,Gaybac21,,Shrub,Shrub,,,,,hidden,Physical good,,,,,,,,60.00,,N,,,,,,,0,,,,Y
#gentianella-quinquefolia-stiff-gentian--4-5-pot,RADGHDBWL3E4GLLUBGYRT2XM,Gentianella quinquefolia (Stiff Gentian),,"4.5"" Pot",,Genqui3,"Biennial wildflower that in its second year produces purple funnel-shaped flowers.  Attracts native bees.

Size: Height: ' - 2' ; Width: ' -'
Light: Sun (Part-Full)
Moisture: Medium, 

-

Alex Abair, CC BY 4.0 , via Wikimedia Commons,  Masebrock, Public domain, via Wikimedia Commons,  Joshua Mayer from Madison, WI, USA, CC BY-SA 2.0 , via Wikimedia Commons",Flower,Flower,,,,,visible,Physical good,,,,N,N,N,Y,12.00,,N,,N,,N,,,0,,,,Y
#gentianella-quinquefolia-stiff-gentian--gallon,WSFY6SK4BE7E5YW2BCRIDHEY,Gentianella quinquefolia (Stiff Gentian),,Gallon,,Genqui9,,Flower,Flower,,,,,visible,Physical good,,,,,,,,17.00,,N,,,,N,,,0,,,,Y
#gentianella-quinquefolia-stiff-gentian--true-gallon,ERNRVPXSJ6VI4PJPWJFIBJMD,Gentianella quinquefolia (Stiff Gentian),,True Gallon,,Genqui12,,Flower,Flower,,,,,visible,Physical good,,,,,,,,19.00,,N,,,,N,,,0,,,,Y
#geranium-maculatum-wild-geranium--4-5-pot,CRKNWLX4S3E7RYKGDBKSS54I,Geranium maculatum (Wild Geranium),,"4.5"" Pot",,Germac3,"Bright saucer-shaped purple flowers bloom in spring. Can naturalize and spread in optimal growing conditions, so can be used as a ground cover.

Size: Height: 1' - 2' ; Width: 1' -2'
Light: Shade (Part-Full)
Moisture: Medium, 

-

Eric in SF, CC BY-SA 3.0 , via Wikimedia Commons
By H. Zell - Own work, CC BY-SA 3.0, https://commons.wikimedia.org/w/index.php?curid=10241148",Flower,Flower,,,,,visible,Physical good,,,,N,N,N,Y,12.00,,N,,N,,,,,110,,,,Y
#geranium-maculatum-wild-geranium--gallon,AGEQS5UH33KJ66NSEVVY4YSR,Geranium maculatum (Wild Geranium),,Gallon,,Germac9,,Flower,Flower,,,,,visible,Physical good,,,,,,,,17.00,,N,,,,,,,0,,,,Y
#geranium-maculatum-wild-geranium--true-gallon,HG4PS5KT7MDZDQ6VTRQBPROT,Geranium maculatum (Wild Geranium),,True Gallon,,Germac12,,Flower,Flower,,,,,visible,Physical good,,,,,,,,19.00,,N,,,,,,,0,,,,Y
#gift-certificate-card,I5E4S3D22N633CIS5642XGN6,Gift Certificate,,Card,,GifCer96,"Size: Height: ' - ' ; Width: ' -'
Light:
Moisture:

-",,,,,,,visible,Physical good,,,,Y,,N,Y,25.00,,N,,,,,,,100,,,,Y
#goodyera-pubescens-downy-rattlesnake-plantain--4-5-pot,I345DW3SO3H4ZGWUIDF6OAET,Goodyera pubescens (Downy Rattlesnake Plantain),,"4.5"" Pot",,Goopub3,"Evergreen herbaceous perennial in the orchid family. Leaf markings resemble the skin of rattlesnakes.  Flower stalks are covered with down. Blooms racemes of white flowers.  May take several years before blooming. Pollinated by bees.

Size: Height: 0.5' - 1.5' ; Width: 1' -1'
Light: Shade (Part-Full)
Moisture: Moist, 

-

Jason Hollinger, CC BY 2.0 , via Wikimedia Commons,   NC Orchid from North Carolina, USA, CC BY 2.0 , via Wikimedia Commons,   Joshua Mayer from Madison, WI, USA, CC BY-SA 2.0 , via Wikimedia Commons",Flower,Flower,,,,,visible,Physical good,,,,N,N,N,Y,15.00,,N,,N,,,,,0,,,,Y
#goodyera-pubescens-downy-rattlesnake-plantain--gallon,4UMDXUNHX47P3SSGT3OF4UMU,Goodyera pubescens (Downy Rattlesnake Plantain),,Gallon,,Goopub9,,Flower,Flower,,,,,visible,Physical good,,,,,,,,21.00,,N,,,,,,,0,,,,Y
#goodyera-pubescens-downy-rattlesnake-plantain--true-gallon,DYWS7VIJTL355QOYZI74TZPH,Goodyera pubescens (Downy Rattlesnake Plantain),,True Gallon,,Goopub12,,Flower,Flower,,,,,visible,Physical good,,,,,,,,23.00,,N,,,,,,,0,,,,Y
#gymnocladus-dioicus-kentucky-coffeetree--gallon,TSDG6WCIGHNRND7CVHYDRV5F,Gymnocladus dioicus (Kentucky Coffeetree),,Gallon,,Gymdio9,"Deciduous tree in the Fabaceae family.  Crown grows in an oval, open, to irregular habit.   Large pinnately compound leaves that emerge in the late spring as pinkish-bronze and then mature to a bluish-green. Greenish-white flowers appear in late spring to early summer. Leaves turn yellow and female trees boast clusters of large purplish-brown  seed pods in fall.  

Size: Height: 60' - 80' ; Width: 40' -55'
Light: Sun (Full)
Moisture: Medium, 

-

Bostonian13, CC BY-SA 3.0 , via Wikimedia Commons,  Leonora (Ellie) Enking from East Preston, United Kingdom, CC BY-SA 2.0 , via Wikimedia Commons, ??????? ???????? / Dim?tar N?ydenov, CC BY-SA 4.0 , via Wikimedia Commons,",Tree,Tree,,,,,visible,Physical good,,,,N,N,N,Y,22.00,,N,,,,,,,0,,,,Y
#gymnocladus-dioicus-kentucky-coffeetree--true-gallon,LSJQYFDCQ5PUHGA572PF7PR3,Gymnocladus dioicus (Kentucky Coffeetree),,True Gallon,,Gymdio12,,Tree,Tree,,,,,visible,Physical good,,,,,,,,25.00,,N,,,,,,,2,,,,Y
#gymnocladus-dioicus-kentucky-coffeetree--2-gallon,UMK4ETKZ7D36CTQPVBIFZF6G,Gymnocladus dioicus (Kentucky Coffeetree),,2 Gallon,,Gymdio15,,Tree,Tree,,,,,visible,Physical good,,,,,,,,50.00,,N,,,,,,,5,,,,Y
#gymnocladus-dioicus-kentucky-coffeetree--3-gallon,ZH2KUS6ZBDKJALJTHTNJG6MB,Gymnocladus dioicus (Kentucky Coffeetree),,3 Gallon,,Gymdio18,,Tree,Tree,,,,,visible,Physical good,,,,,,,,60.00,,N,,,,,,,0,,,,Y
#gymnocladus-dioicus-kentucky-coffeetree--5-gallon,XFHY2TRRUPP2IHESFCC7UFBC,Gymnocladus dioicus (Kentucky Coffeetree),,5 Gallon,,Gymdio21,,Tree,Tree,,,,,visible,Physical good,,,,,,,,70.00,,N,,,,,,,0,,,,Y
#hamamelis-virginiana-witch-hazel--gallon,PCYUK3S2LNHLZT7LDRPRKKJA,Hamamelis virginiana (Witch Hazel),,Gallon,,Hamvir9,"Fall-blooming shrub makes yellow flowers and seed-pod fruits that grow through winter and open the following year. Deer and clay tolerant.

Size: Height: 15' - 20' ; Width: 15' -20'
Light: Shade (Part-Full)
Moisture: Dry, Medium,

-March 1st- May 1 2026: For sizes valued at $50 or above, a $25 discount can be applied courtesy of the Throwing Shade Virginia program. If you purchase online, this discount will be applied as a refund when you pick up your plants. (see https://rb.gy/lukcmf for details)",Shrub,Shrub,,,,,visible,Physical good,,,,N,N,N,Y,22.00,,N,,N,,N,,,0,,,,Y
#hamamelis-virginiana-witch-hazel--true-gallon,DKQX74DNHKTS5YH2DMUKE2UA,Hamamelis virginiana (Witch Hazel),,True Gallon,,Hamvir12,,Shrub,Shrub,,,,,visible,Physical good,,,,,,,,25.00,,N,,,,N,,,0,,,,Y
#hamamelis-virginiana-witch-hazel--2-gallon,LEZKZQ34FRJI4G7DJQUWYPOY,Hamamelis virginiana (Witch Hazel),,2 Gallon,,Hamvir15,,Shrub,Shrub,,,,,visible,Physical good,,,,,,,,37.00,,N,,,,N,,,4,,,,Y
#hamamelis-virginiana-witch-hazel--3-gallon,RUI33RUUAR2YYKRJ3WTVY6YH,Hamamelis virginiana (Witch Hazel),,3 Gallon,,Hamvir18,,Shrub,Shrub,,,,,visible,Physical good,,,,,,,,50.00,,N,,,,N,,,1,,,,Y
#hamamelis-virginiana-witch-hazel--5-gallon,5R6AWDTNJQVM26B4IQHQZZJ7,Hamamelis virginiana (Witch Hazel),,5 Gallon,,Hamvir21,,Shrub,Shrub,,,,,visible,Physical good,,,,,,,,60.00,,N,,,,N,,,0,,,,Y
#hanging-basket-16--supply,7WJUYC23B4LLFI5IZMO2AA2X,"Hanging Basket (16"")",,Supply,,HanBas95,"Size:
Light:
Moisture:

-",,,,,,,hidden,Physical good,,,,Y,,N,Y,10.00,,N,,,,,,,0,,,,Y
#helenium-autumnale-autumn-helenium--4-5-pot,34UBHX3KPC4UHDMRXDHTMAAR,Helenium autumnale (Autumn Helenium),,"4.5"" Pot",,Helaut3,"Upright perennial that loves watery landscape. 2"" yellow flowers with wedge-shaped petals bloom in late summer. Deer Resistant. Tolerates Clay.

Size: Height: 3' - 5' ; Width: 2' -3'
Light: Sun (Full)
Moisture: Moist, Standing Water,

-",Flower,Flower,,,,,visible,Physical good,,,,N,N,N,Y,12.00,,N,,N,,N,,,95,,,,Y
#helenium-autumnale-autumn-helenium--gallon,4SIPR5737M5DCROOJKCQMSV2,Helenium autumnale (Autumn Helenium),,Gallon,,Helaut9,,Flower,Flower,,,,,visible,Physical good,,,,,,,,17.00,,N,,,,N,,,17,,,,Y
#helenium-autumnale-autumn-helenium--true-gallon,CAEG55DU2XJ2CKJPJU2BF3VR,Helenium autumnale (Autumn Helenium),,True Gallon,,Helaut12,,Flower,Flower,,,,,visible,Physical good,,,,,,,,19.00,,N,,,,N,,,0,,,,Y
#helianthus-angustifolius-narrow-leaf-sunflower--4-5-pot,J5OAI6OUM3GN7VMFEIE2YG3P,Helianthus angustifolius (Narrow-Leaf Sunflower),,"4.5"" Pot",,Helang3,"Big (2-3'), numerous yellow flowerheads bloom in Fall and continue to frost, where seeds feed wildlife. Great cut flowers! Attracts butterflies and birds. Deer resistant.

Size: Height: 5' - 7' ; Width: 4' -6'
Light: Shade (Part-Full)
Moisture: Medium, Moist,

-",Flower,Flower,,,,,visible,Physical good,,,,N,N,N,Y,12.00,,N,,,,N,,,0,,,,Y
#helianthus-angustifolius-narrow-leaf-sunflower--gallon,IRXKEVC3C3H4HMMDMRNJ2UK3,Helianthus angustifolius (Narrow-Leaf Sunflower),,Gallon,,Helang9,,Flower,Flower,,,,,visible,Physical good,,,,,,,,17.00,,N,,,,N,,,71,,,,Y
#helianthus-angustifolius-narrow-leaf-sunflower--true-gallon,74KCBMA35WDMQUVKD4NJH6H6,Helianthus angustifolius (Narrow-Leaf Sunflower),,True Gallon,,Helang12,,Flower,Flower,,,,,visible,Physical good,,,,,,,,19.00,,N,,,,N,,,0,,,,Y
#heliopsis-helianthoides-false-oxeye-sunflower--4-5-pot,HBOOH5JMZIBTJ2WQ4KPV4ZTV,Heliopsis helianthoides (False Oxeye Sunflower),,"4.5"" Pot",,Helhel3,"This small sunflower relative provides pollinators with cheery yellow blooms in late summer. 

Size: Height: 3' - 5' ; Width: 1' -3'
Light: Shade (Part-Full)
Moisture: Dry, Medium, 

-

Stefan.lefnaer, CC BY-SA 4.0 , via Wikimedia Commons",Flower,Flower,,,,,visible,Physical good,,,,N,N,N,Y,12.00,,N,,,,N,,,0,,,,Y
#heliopsis-helianthoides-false-oxeye-sunflower--gallon,WBQFOBL6MSZMK2GAPV3SWMMJ,Heliopsis helianthoides (False Oxeye Sunflower),,Gallon,,Helhel9,,Flower,Flower,,,,,visible,Physical good,,,,,,,,17.00,,N,,,,N,,,114,,,,Y
#heliopsis-helianthoides-false-oxeye-sunflower--true-gallon,TFF5MLCESAHO7FAIY6MF2KZ4,Heliopsis helianthoides (False Oxeye Sunflower),,True Gallon,,Helhel12,,Flower,Flower,,,,,visible,Physical good,,,,,,,,19.00,,N,,,,N,,,0,,,,Y
#hepatica-nobilis-acuta-sharp-lobed-hepatica--4-5-pot,NV6RJWV3SNUOGEXGLIRQGL5U,Hepatica nobilis acuta (Sharp lobed hepatica),,"4.5"" Pot",,Hepnobacu3,"Pink, white or purple blossoms in early spring.  Fuzzy stems.  Leaves grow from ground level and appear after the flowers have bloomed. Evergreen until following spring.

Size: Height: 0.5' - 1' ; Width: 0.5' -1'
Light: Shade (Part-Full)
Moisture: Moist, 

-

Robert Flogaus-Faust, CC BY 4.0 , via Wikimedia Commons",Flower,Flower,,,,,hidden,Physical good,,,,N,N,N,Y,15.00,,N,,N,,,,,0,,,,Y
#hepatica-nobilis-acuta-sharp-lobed-hepatica--gallon,HIXVW2CUUKQBPKCRBO3TE2BL,Hepatica nobilis acuta (Sharp lobed hepatica),,Gallon,,Hepnobacu9,,Flower,Flower,,,,,hidden,Physical good,,,,,,,,21.00,,N,,,,,,,0,,,,Y
#hepatica-nobilis-acuta-sharp-lobed-hepatica--true-gallon,QR4TL3JZAHHFTMNT3FPZTH5B,Hepatica nobilis acuta (Sharp lobed hepatica),,True Gallon,,Hepnobacu12,,Flower,Flower,,,,,hidden,Physical good,,,,,,,,23.00,,N,,,,,,,0,,,,Y
#heuchera-americana-american-alum-root--4-5-pot,JBJSDTLL2WFM25M2OTEOB5P3,Heuchera americana (American Alum Root),,"4.5"" Pot",,Heuame3,"Small, mounding herbaceous perennial.  Known for their colorful leaves that can be green or variegated in shades of purple, bronze or cream. Bell shaped flowers emerge in the spring on leafless stalks above the foliage. 

Size: Height: 1' - 3' ; Width: 1' -1.5'
Light: Shade (Part-Full)
Moisture: Medium, 

-

Raul654, CC BY-SA 3.0 , via Wikimedia Commons,  Salvor Gissurardottir, Public domain, via Wikimedia Commons,  Doug McGrady from Warwick, RI, USA, CC BY 2.0 , via Wikimedia Commons,",Flower,Flower,,,,,visible,Physical good,,,,N,N,N,Y,12.00,,N,,,,N,,,138,,,,Y
#heuchera-americana-american-alum-root--gallon,AQRMOPVHFBA7HIGAM3CQFG47,Heuchera americana (American Alum Root),,Gallon,,Heuame9,,Flower,Flower,,,,,visible,Physical good,,,,,,,,17.00,,N,,,,N,,,0,,,,Y
#heuchera-americana-american-alum-root--true-gallon,E5P6TJ5QTB3A2VCSOLPX7HVQ,Heuchera americana (American Alum Root),,True Gallon,,Heuame12,,Flower,Flower,,,,,visible,Physical good,,,,,,,,19.00,,N,,,,N,,,0,,,,Y
#heuchera-villosa-hairy-alumroot--4-5-pot,GKTL4D4TMS5UEVEYC5WGK5YY,Heuchera villosa (Hairy Alumroot),,"4.5"" Pot",,Heuvil3,"Hairy, three-lobed green leaves with a velvety texture and hairy, brown flowering stems. Late summer blooms of whitish flowers.

Size: Height: 1' - 3' ; Width: 1' -2'
Light: Shade (Part-Full)
Moisture: Medium,

-

FD Richards https://www.flickr.com/photos/50697352@N00/21449831956
By Krzysztof Ziarnek, Kenraiz - Own work, CC BY-SA 4.0, https://commons.wikimedia.org/w/index.php?curid=53104610
By Krzysztof Ziarnek, Kenraiz - Own work, CC BY-SA 4.0, https://commons.wikimedia.org/w/index.php?curid=55531552",Flower,Flower,,,,,visible,Physical good,,,,N,N,N,Y,12.00,,N,,,,N,,,12,,,,Y
#heuchera-villosa-hairy-alumroot--gallon,LKKRWA4UC3Z4RBZ7HVQ574RW,Heuchera villosa (Hairy Alumroot),,Gallon,,Heuvil9,,Flower,Flower,,,,,visible,Physical good,,,,,,,,17.00,,N,,,,N,,,19,,,,Y
#heuchera-villosa-hairy-alumroot--true-gallon,ZVN5LJW3UMW3MF7IYFIWDSFB,Heuchera villosa (Hairy Alumroot),,True Gallon,,Heuvil12,,Flower,Flower,,,,,visible,Physical good,,,,,,,,19.00,,N,,,,N,,,0,,,,Y
#hexastylis-arifolia-little-brown-jug--4-5-pot,K3ZURF3N5RK3RGHETWSBK2DM,Hexastylis arifolia (Little Brown Jug),,"4.5"" Pot",,Hexari3,"Clump forming. Evergreen perennial. When exposed to cold weather green leaves may turn a purple hue. Named after its brownish-red jug shaped flowers that bloom from March to June. Likes shade but does best in dappled shade.

Size: Height: 2' - 6' ; Width: 1' -2'
Light: Shade (Full)
Moisture: Medium, 

-

Photo by David J. Stang, CC BY-SA 4.0 , via Wikimedia Commons, sonnia hill, CC BY 2.0 , via Wikimedia Commons",Flower,Flower,,,,,hidden,Physical good,,,,N,N,N,Y,15.00,,N,,,,,,,0,,,,Y
#hexastylis-arifolia-little-brown-jug--gallon,4HR2IGWWY2GGAG77PTVPA6ZM,Hexastylis arifolia (Little Brown Jug),,Gallon,,Hexari9,,Flower,Flower,,,,,hidden,Physical good,,,,,,,,21.00,,N,,,,,,,0,,,,Y
#hexastylis-arifolia-little-brown-jug--true-gallon,XEVDKLWXRXVZ5XYMFNDEM24X,Hexastylis arifolia (Little Brown Jug),,True Gallon,,Hexari12,,Flower,Flower,,,,,hidden,Physical good,,,,,,,,23.00,,N,,,,,,,0,,,,Y
#hibiscus-laevis-halberdleaf-rose-mallow--4-5-pot,LQNQK5H4CEQAD6LTKP2PWEWE,Hibiscus laevis (Halberdleaf Rose-mallow),,"4.5"" Pot",,Hiblae3,"Large 4-6"" diameter white flowers emerge in July. Attracts butterflies

Size: Height: 3' - 7' ; Width: 2' -4'
Light: Sun (Full)
Moisture: Moist, Standing Water,

-

Eric Hunt, CC BY-SA 4.0 , via Wikimedia Commons",Flower,Flower,,,,,visible,Physical good,,,,N,N,N,Y,12.00,,N,,N,,N,,,0,,,,Y
#hibiscus-laevis-halberdleaf-rose-mallow--gallon,MZUDP5QTNOTURRLYOFMTYXAM,Hibiscus laevis (Halberdleaf Rose-mallow),,Gallon,,Hiblae9,,Flower,Flower,,,,,visible,Physical good,,,,,,,,17.00,,N,,,,N,,,41,,,,Y
#hibiscus-laevis-halberdleaf-rose-mallow--true-gallon,6UN24UTLMB653IUEUSZLRWPC,Hibiscus laevis (Halberdleaf Rose-mallow),,True Gallon,,Hiblae12,,Flower,Flower,,,,,visible,Physical good,,,,,,,,19.00,,N,,,,N,,,0,,,,Y
#hibiscus-moscheutos-swamp-rose-mallow--4-5-pot,TC6LR4IG75M4ITRSNRZTIWDC,Hibiscus moscheutos (Swamp Rose Mallow),,"4.5"" Pot",,Hibmos3,"Large 4-6"" diameter white flowers emerge from July to December. Attracts butterflies

Size: Height: 3' - 7' ; Width: 2' -4'
Light: Sun (Full)
Moisture: Moist, Standing Water,

-",Flower,Flower,,,,,hidden,Physical good,,,,N,N,N,Y,12.00,,N,,N,,,,,0,,,,Y
#hibiscus-moscheutos-swamp-rose-mallow--gallon,62EZX43PUR42IXSVODBCSK5I,Hibiscus moscheutos (Swamp Rose Mallow),,Gallon,,Hibmos9,,Flower,Flower,,,,,hidden,Physical good,,,,,,,,17.00,,N,,,,,,,0,,,,Y
#hibiscus-moscheutos-swamp-rose-mallow--true-gallon,HYCTGA36F2QHXHGOOXI5YUCZ,Hibiscus moscheutos (Swamp Rose Mallow),,True Gallon,,Hibmos12,,Flower,Flower,,,,,hidden,Physical good,,,,,,,,19.00,,N,,,,,,,0,,,,Y
#hydrangea-arborescens-smooth-hydrangea--gallon,TPKRHLFMYG24XCQHNQSDV4RT,Hydrangea arborescens (Smooth Hydrangea),,Gallon,,Hydarb9,"Rounded, deciduous shrub that is a popular planting in native gardens.  Produces large clusters of blooms on new shoots.  Attracts butterflies, moths and songbirds. 

Size: Height: 3' - 5' ; Width: 3' - 5'
Light: Sun (Part-Full)
Moisture: Medium, Moist, 

-March 1st- May 1 2026: For sizes valued at $50 or above, a $25 discount can be applied courtesy of the Throwing Shade Virginia program. If you purchase online, this discount will be applied as a refund when you pick up your plants. (see https://rb.gy/lukcmf for details)

Jacob Malcom, CC BY-SA 4.0 , via Wikimedia Commons,  Kor!An (?????? ??????), CC BY-SA 3.0 , via Wikimedia Commons,  DouglasGoldman, CC BY-SA 4.0 , via Wikimedia Commons",Shrub,Shrub,,,,,hidden,Physical good,,,,N,N,N,Y,22.00,,N,,N,,N,,,0,,,,Y
#hydrangea-arborescens-smooth-hydrangea--true-gallon,Z5C5BTBDE4GZYUQ2DTDBU2RS,Hydrangea arborescens (Smooth Hydrangea),,True Gallon,,Hydarb12,,Shrub,Shrub,,,,,hidden,Physical good,,,,,,,,25.00,,N,,,,N,,,0,,,,Y
#hydrangea-arborescens-smooth-hydrangea--2-gallon,WCWIKYD7HCJMNRRNQTCH3AOB,Hydrangea arborescens (Smooth Hydrangea),,2 Gallon,,Hydarb15,,Shrub,Shrub,,,,,hidden,Physical good,,,,,,,,37.00,,N,,,,N,,,0,,,,Y
#hydrangea-arborescens-smooth-hydrangea--3-gallon,JOX25FEQ2WJIERWIYBQSHHAB,Hydrangea arborescens (Smooth Hydrangea),,3 Gallon,,Hydarb18,,Shrub,Shrub,,,,,hidden,Physical good,,,,,,,,50.00,,N,,,,N,,,0,,,,Y
#hydrangea-arborescens-smooth-hydrangea--5-gallon,RKOCSSKRGHCNNM3F2ZNEFQ2S,Hydrangea arborescens (Smooth Hydrangea),,5 Gallon,,Hydarb21,,Shrub,Shrub,,,,,hidden,Physical good,,,,,,,,60.00,,N,,,,N,,,0,,,,Y
#hypercium-hypercoides-st-andrew-s-cross--4-5-pot,KXUISCWGZDHZAXHWFQHUIQBA,Hypercium hypercoides (St Andrew's Cross),,"4.5"" Pot",,Hyphyp3,"This perennial sub-shrub likes acidic soils. Bright, yellow, four-petaled flowers form a cross and bloom in summer. Drought Tolerant

Size: Height: 1' - 3' ; Width: 3' -3'
Light: Shade (Part-Full)
Moisture: Medium,

-

Peter Friedman",Flower,Flower,,,,,hidden,Physical good,,,,N,N,N,Y,12.00,,N,,,,,,,0,,,,Y
#hypercium-hypercoides-st-andrew-s-cross--gallon,XFIUWTI2MJLULFPOOIHPNXX6,Hypercium hypercoides (St Andrew's Cross),,Gallon,,Hyphyp9,,Flower,Flower,,,,,hidden,Physical good,,,,,,,,17.00,,N,,,,,,,0,,,,Y
#hypercium-hypercoides-st-andrew-s-cross--true-gallon,5GTMYRKX5LJEXRUNJPD6NHCJ,Hypercium hypercoides (St Andrew's Cross),,True Gallon,,Hyphyp12,,Flower,Flower,,,,,hidden,Physical good,,,,,,,,19.00,,N,,,,,,,0,,,,Y
#hypericum-prolificum-shrubby-st-john-s-wort--gallon,RE5CIRLKQFYOLUQY42XDAPL3,Hypericum prolificum (Shrubby St. John's Wort),,Gallon,,Hyppro9,"Compact, rounded shrub with bright yellow flowers in summer. Works well as a hedge and to stabilize banks. Tolerates rocky, sandy soils and some drought.

Size: Height: 1' - 5' ; Width: 1' -4'
Light: Sun (Part-Full)
Moisture: Dry, Moist,

-March 1st- May 1 2026: For sizes valued at $50 or above, a $25 discount can be applied courtesy of the Throwing Shade Virginia program. If you purchase online, this discount will be applied as a refund when you pick up your plants. (see https://rb.gy/lukcmf for details)

Eric Hunt, CC BY-SA 4.0 , via Wikimedia Commons",Shrub,Shrub,,,,,visible,Physical good,,,,N,N,N,Y,22.00,,N,,,,,,,0,,,,Y
#hypericum-prolificum-shrubby-st-john-s-wort--true-gallon,FZZYB7ULC4TNGM2WTCH35VBP,Hypericum prolificum (Shrubby St. John's Wort),,True Gallon,,Hyppro12,,Shrub,Shrub,,,,,visible,Physical good,,,,,,,,25.00,,N,,,,,,,8,,,,Y
#hypericum-prolificum-shrubby-st-john-s-wort--2-gallon,CCWBB332RRIJ6MKXWCYKAMD7,Hypericum prolificum (Shrubby St. John's Wort),,2 Gallon,,Hyppro15,,Shrub,Shrub,,,,,visible,Physical good,,,,,,,,37.00,,N,,,,,,,0,,,,Y
#hypericum-prolificum-shrubby-st-john-s-wort--3-gallon,AA2TTKLRO6W7PXLYWHBSGHEY,Hypericum prolificum (Shrubby St. John's Wort),,3 Gallon,,Hyppro18,,Shrub,Shrub,,,,,visible,Physical good,,,,,,,,50.00,,N,,,,,,,0,,,,Y
#hypericum-prolificum-shrubby-st-john-s-wort--5-gallon,M6XHSNBZM55VMTPYCLIXRA7L,Hypericum prolificum (Shrubby St. John's Wort),,5 Gallon,,Hyppro21,,Shrub,Shrub,,,,,visible,Physical good,,,,,,,,60.00,,N,,,,,,,0,,,,Y
#ilex-glabra-inkberry--gallon,H4PQP3CDKF2IT6LEGQF2LH73,Ilex glabra (Inkberry),,Gallon,,Ilegla9,"Evergreen shrub in the Holly family and are attractive in the winter. Female flowers give small berries that birds feast on in winter. Male/Female plants need each other to pollinate. Deer tolerant

Size: Height: 5' - 8' ; Width: 5' -8'
Light: Sun (Part-Full)
Moisture: Medium, Moist,

-March 1st- May 1 2026: For sizes valued at $50 or above, a $25 discount can be applied courtesy of the Throwing Shade Virginia program. If you purchase online, this discount will be applied as a refund when you pick up your plants. (see https://rb.gy/lukcmf for details)

Evelyn Simak / Ilex glabra (Inkberry)","Shrub, Shrub_MF",Shrub,,,,,visible,Physical good,,,,N,N,N,Y,22.00,,N,,N,,N,,,0,,,,Y
#ilex-glabra-inkberry--gallon-female,MSBBPJDS665NR4ODOBBGYFBL,Ilex glabra (Inkberry),,Gallon Female,,Ilegla10,,"Shrub, Shrub_MF",Shrub,,,,,visible,Physical good,,,,,,,,25.00,,N,,,,N,,,0,,,,Y
#ilex-glabra-inkberry--gallon-male,LUNECU6HNGGO44EEYYL635OV,Ilex glabra (Inkberry),,Gallon Male,,Ilegla11,,"Shrub, Shrub_MF",Shrub,,,,,visible,Physical good,,,,,,,,25.00,,N,,,,N,,,0,,,,Y
#ilex-glabra-inkberry--true-gallon,GM7KCOSH2KQJDQNBWHEOF3QI,Ilex glabra (Inkberry),,True Gallon,,Ilegla12,,"Shrub, Shrub_MF",Shrub,,,,,visible,Physical good,,,,,,,,25.00,,N,,,,N,,,0,,,,Y
#ilex-glabra-inkberry--true-gallon-female,5W5ZUQ6E23L7NKPYPU3A7ZRA,Ilex glabra (Inkberry),,True Gallon Female,,Ilegla13,,"Shrub, Shrub_MF",Shrub,,,,,visible,Physical good,,,,,,,,30.00,,N,,,,N,,,0,,,,Y
#ilex-glabra-inkberry--true-gallon-male,AFMQIB5NFEHMFE2DTEUC2THV,Ilex glabra (Inkberry),,True Gallon Male,,Ilegla14,,"Shrub, Shrub_MF",Shrub,,,,,visible,Physical good,,,,,,,,30.00,,N,,,,N,,,0,,,,Y
#ilex-glabra-inkberry--2-gallon,35XGV2FJCX2QRTY32ERQD3IE,Ilex glabra (Inkberry),,2 Gallon,,Ilegla15,,"Shrub, Shrub_MF",Shrub,,,,,visible,Physical good,,,,,,,,37.00,,N,,,,N,,,0,,,,Y
#ilex-glabra-inkberry--2-gallon-female,HYSMJFEXC43RBJKJAOYHNEYJ,Ilex glabra (Inkberry),,2 Gallon Female,,Ilegla16,,"Shrub, Shrub_MF",Shrub,,,,,visible,Physical good,,,,,,,,50.00,,N,,,,N,,,0,,,,Y
#ilex-glabra-inkberry--2-gallon-male,Z3JJLD3OSRK2A2K2RT2TJ36Z,Ilex glabra (Inkberry),,2 Gallon Male,,Ilegla17,,"Shrub, Shrub_MF",Shrub,,,,,visible,Physical good,,,,,,,,50.00,,N,,,,N,,,0,,,,Y
#ilex-glabra-inkberry--3-gallon,FXNV2HBG6AFI6LMIPUASNTHM,Ilex glabra (Inkberry),,3 Gallon,,Ilegla18,,"Shrub, Shrub_MF",Shrub,,,,,visible,Physical good,,,,,,,,50.00,,N,,,,N,,,2,,,,Y
#ilex-glabra-inkberry--3-gallon-female,JR76WQNOPLRBAKKH77RSVFPN,Ilex glabra (Inkberry),,3 Gallon Female,,Ilegla19,,"Shrub, Shrub_MF",Shrub,,,,,visible,Physical good,,,,,,,,60.00,,N,,,,N,,,3,,,,Y
#ilex-glabra-inkberry--3-gallon-male,UJF66BTNZW7IB2GJ4SMIXGBK,Ilex glabra (Inkberry),,3 Gallon Male,,Ilegla20,,"Shrub, Shrub_MF",Shrub,,,,,visible,Physical good,,,,,,,,60.00,,N,,,,N,,,4,,,,Y
#ilex-glabra-inkberry--5-gallon,MVANR7GN4VI2UISJ7ZRDV64Q,Ilex glabra (Inkberry),,5 Gallon,,Ilegla21,,"Shrub, Shrub_MF",Shrub,,,,,visible,Physical good,,,,,,,,60.00,,N,,,,N,,,0,,,,Y
#ilex-glabra-inkberry--5-gallon-female,EANY56F24DUXPHXM5IP7XDAS,Ilex glabra (Inkberry),,5 Gallon Female,,Ilegla22,,"Shrub, Shrub_MF",Shrub,,,,,visible,Physical good,,,,,,,,70.00,,N,,,,N,,,0,,,,Y
#ilex-glabra-inkberry--5-gallon-male,56QBHUUCPHFCJKSWTT2MLIAN,Ilex glabra (Inkberry),,5 Gallon Male,,Ilegla23,,"Shrub, Shrub_MF",Shrub,,,,,visible,Physical good,,,,,,,,70.00,,N,,,,N,,,0,,,,Y
#ilex-opaca-american-holly--gallon,NDPBVWRD246NCKFC6VFURU27,Ilex opaca (American Holly),,Gallon,,Ileopa9,"Evergreen tree with bright, shiny, pointed leaves and bright red fruits that ripen in the fall that birds feed on. Deer, clay tolerant.

Size: Height: 15' - 30' ; Width: 10' -20'
Light: Shade (Part-Full)
Moisture: Dry, Medium, 

-March 1st- May 1 2026: For sizes valued at $50 or above, a $25 discount can be applied courtesy of the Throwing Shade Virginia program. If you purchase online, this discount will be applied as a refund when you pick up your plants. (see https://rb.gy/lukcmf for details)

Francis Groeters, CC BY-SA 4.0 , via Wikimedia Commons",Tree,Tree,,,,,hidden,Physical good,,,,N,N,N,Y,25.00,,N,,,,,,,0,,,,Y
#ilex-opaca-american-holly--true-gallon,HQNYJ6TMMQXGYGQ22M6YCXL6,Ilex opaca (American Holly),,True Gallon,,Ileopa12,,Tree,Tree,,,,,hidden,Physical good,,,,,,,,30.00,,N,,,,,,,0,,,,Y
#ilex-opaca-american-holly--2-gallon,BVRQ3AD4JILHSBNEKPKMT4FK,Ilex opaca (American Holly),,2 Gallon,,Ileopa15,,Tree,Tree,,,,,hidden,Physical good,,,,,,,,55.00,,N,,,,,,,0,,,,Y
#ilex-opaca-american-holly--3-gallon,UCX26CKMV3VMXESF6J3HL34I,Ilex opaca (American Holly),,3 Gallon,,Ileopa18,,Tree,Tree,,,,,hidden,Physical good,,,,,,,,70.00,,N,,,,,,,0,,,,Y
#ilex-opaca-american-holly--5-gallon,H66W7JILQBEJ5BEN7Q46IJLA,Ilex opaca (American Holly),,5 Gallon,,Ileopa21,,Tree,Tree,,,,,hidden,Physical good,,,,,,,,85.00,,N,,,,,,,0,,,,Y
#ilex-verticillata-winterberry--gallon,JEDQ3PLWELZSO4ATU4WMDV73,Ilex verticillata (Winterberry),,Gallon,,Ilever9,"Small, greenish-white flowers emerge in the spring that give way to bright red berries in the summer and persist through the winter to provide food for wildlife. 

Size: Height: 3' - 15' ; Width: 3' -12'
Light: Sun (Part-Full)
Moisture: Medium, Moist, 

-March 1st- May 1 2026: For sizes valued at $50 or above, a $25 discount can be applied courtesy of the Throwing Shade Virginia program. If you purchase online, this discount will be applied as a refund when you pick up your plants. (see https://rb.gy/lukcmf for details)

Photo by David J. Stang, CC BY-SA 4.0 , via Wikimedia Commons","Shrub, Shrub_MF",Shrub,,,,,visible,Physical good,,,,N,N,N,Y,22.00,,N,,,,,,,0,,,,Y
#ilex-verticillata-winterberry--gallon-female,UHCECURZ4P2L5N4J6KOE3TZM,Ilex verticillata (Winterberry),,Gallon Female,,Ilever10,,"Shrub, Shrub_MF",Shrub,,,,,visible,Physical good,,,,,,,,25.00,,N,,,,,,,0,,,,Y
#ilex-verticillata-winterberry--gallon-male,HYPUINBFVZVZLQUPN6GJZJLK,Ilex verticillata (Winterberry),,Gallon Male,,Ilever11,,"Shrub, Shrub_MF",Shrub,,,,,visible,Physical good,,,,,,,,25.00,,N,,,,,,,0,,,,Y
#ilex-verticillata-winterberry--true-gallon,JJXGNE2TMWMICSBGKYP3B6YV,Ilex verticillata (Winterberry),,True Gallon,,Ilever12,,"Shrub, Shrub_MF",Shrub,,,,,visible,Physical good,,,,,,,,25.00,,N,,,,,,,1,,,,Y
#ilex-verticillata-winterberry--true-gallon-female,RNQ42RJTKQAREB3PDUIHHRSF,Ilex verticillata (Winterberry),,True Gallon Female,,Ilever13,,"Shrub, Shrub_MF",Shrub,,,,,visible,Physical good,,,,,,,,30.00,,N,,,,,,,0,,,,Y
#ilex-verticillata-winterberry--true-gallon-male,EV3BARDXAYGEFMQHISV5RDFC,Ilex verticillata (Winterberry),,True Gallon Male,,Ilever14,,"Shrub, Shrub_MF",Shrub,,,,,visible,Physical good,,,,,,,,30.00,,N,,,,,,,0,,,,Y
#ilex-verticillata-winterberry--2-gallon,ZWEQUY3OGZDMGPNMXHUPSVMR,Ilex verticillata (Winterberry),,2 Gallon,,Ilever15,,"Shrub, Shrub_MF",Shrub,,,,,visible,Physical good,,,,,,,,37.00,,N,,,,,,,8,,,,Y
#ilex-verticillata-winterberry--2-gallon-female,LUOUWTKSPVGMUHEOP4UL3IFD,Ilex verticillata (Winterberry),,2 Gallon Female,,Ilever16,,"Shrub, Shrub_MF",Shrub,,,,,visible,Physical good,,,,,,,,50.00,,N,,,,,,,0,,,,Y
#ilex-verticillata-winterberry--2-gallon-male,XCEJDZZJHMFBN6QNX2F7EB2X,Ilex verticillata (Winterberry),,2 Gallon Male,,Ilever17,,"Shrub, Shrub_MF",Shrub,,,,,visible,Physical good,,,,,,,,50.00,,N,,,,,,,1,,,,Y
#ilex-verticillata-winterberry--3-gallon,4723FN2L3XRINRHABN4NM2TO,Ilex verticillata (Winterberry),,3 Gallon,,Ilever18,,"Shrub, Shrub_MF",Shrub,,,,,visible,Physical good,,,,,,,,50.00,,N,,,,,,,0,,,,Y
#ilex-verticillata-winterberry--3-gallon-female,H7NAGTHXTDBDXNIN6NOVJQMP,Ilex verticillata (Winterberry),,3 Gallon Female,,Ilever19,,"Shrub, Shrub_MF",Shrub,,,,,visible,Physical good,,,,,,,,60.00,,N,,,,,,,0,,,,Y
#ilex-verticillata-winterberry--3-gallon-male,V4T2OZQGZ4YTZHBD4QWMP2K2,Ilex verticillata (Winterberry),,3 Gallon Male,,Ilever20,,"Shrub, Shrub_MF",Shrub,,,,,visible,Physical good,,,,,,,,60.00,,N,,,,,,,0,,,,Y
#ilex-verticillata-winterberry--5-gallon,URE6LGQVFMK4L7IDLXTPXE2D,Ilex verticillata (Winterberry),,5 Gallon,,Ilever21,,"Shrub, Shrub_MF",Shrub,,,,,visible,Physical good,,,,,,,,60.00,,N,,,,,,,7,,,,Y
#ilex-verticillata-winterberry--5-gallon-female,BVS3T2VWBCXQOXOI4RY6KR2K,Ilex verticillata (Winterberry),,5 Gallon Female,,Ilever22,,"Shrub, Shrub_MF",Shrub,,,,,visible,Physical good,,,,,,,,70.00,,N,,,,,,,0,,,,Y
#ilex-verticillata-winterberry--5-gallon-male,RGJCOLBICJ5WIEEPO4X5XLYC,Ilex verticillata (Winterberry),,5 Gallon Male,,Ilever23,,"Shrub, Shrub_MF",Shrub,,,,,visible,Physical good,,,,,,,,70.00,,N,,,,,,,6,,,,Y
#impatiens-capensis-jewelweed--4-5-pot,VHHK2T5A5SUWD7XOBFVKLP66,Impatiens capensis (Jewelweed),,"4.5"" Pot",,Impcap3,"These annuals can spread well through self seeding. Bright orange flowers attract hummingbirds and butterflies when they bloom through the summer. Great for boggy areas and rain gardens.

Size: Height: 2' - 5' ; Width: 1' -3'
Light: Shade (Part-Full)
Moisture: Moist, Standing Water,

-

Fritzflohrreynolds, CC BY-SA 3.0 , via Wikimedia Commons,  sonnia hill, CC BY 2.0 , via Wikimedia Commons",Flower,Flower,,,,,visible,Physical good,,,,N,N,N,Y,6.00,,N,,,,,,,22,,,,Y
#impatiens-capensis-jewelweed--gallon,2DEU6NM2ZGL7I4VIZVVJHTVQ,Impatiens capensis (Jewelweed),,Gallon,,Impcap9,,Flower,Flower,,,,,visible,Physical good,,,,,,,,13.00,,N,,,,,,,0,,,,Y
#impatiens-capensis-jewelweed--true-gallon,5IMUBU2ZRJ7JJQ3KGOW6QCFM,Impatiens capensis (Jewelweed),,True Gallon,,Impcap12,,Flower,Flower,,,,,visible,Physical good,,,,,,,,15.00,,N,,,,,,,0,,,,Y
#iris-cristata-dwarf-crested-iris--4-5-pot,UYOCBLOKRFTHNVZ5NBO7OS4T,Iris cristata (Dwarf Crested Iris),,"4.5"" Pot",,Iricri3,"Low growing, rapidly spreading perennial. Blooms in spring. Produce pale blue lilac flowers with three parallel golden crested ridges on sepals. Narrow sword-shaped yellowish-green leaves and short stalks.

Size: Height: 0.5' - 0.75' ; Width: 0.5' -1'
Light: Sun (Part-Full)
Moisture: Medium,

-

Ryan Somma, CC BY 2.0 , via Wikimedia Commons
Drew Avery, CC BY 2.0 , via Wikimedia Commons",Flower,Flower,,,,,visible,Physical good,,,,N,N,N,Y,12.00,,N,,N,,N,,,188,,,,Y
#iris-cristata-dwarf-crested-iris--gallon,NTA3CM7R6KGLJM32DCHH7IVY,Iris cristata (Dwarf Crested Iris),,Gallon,,Iricri9,,Flower,Flower,,,,,visible,Physical good,,,,,,,,17.00,,N,,,,N,,,0,,,,Y
#iris-cristata-dwarf-crested-iris--true-gallon,VUACK5TYU23FEPFM4LJ46DF7,Iris cristata (Dwarf Crested Iris),,True Gallon,,Iricri12,,Flower,Flower,,,,,visible,Physical good,,,,,,,,19.00,,N,,,,N,,,0,,,,Y
#iris-versicolor-blue-flag--4-5-pot,5ODU6OWGWUCSSXPA6AZAWKI3,Iris versicolor (Blue Flag),,"4.5"" Pot",,Iriver3,"Native iris with charismatic, purple flowers.

Size: Height: 2' - 3' ; Width: 2' -2.5'
Light: Sun (Part-Full)
Moisture: Moist, Standing Water,

-

No machine-readable author provided. Dlanglois assumed (based on copyright claims)., CC BY-SA 3.0 , via Wikimedia Commons",Flower,Flower,,,,,visible,Physical good,,,,N,N,N,Y,12.00,,N,,,,N,,,0,,,,Y
#iris-versicolor-blue-flag--gallon,PFZHVQQ6JSBQFPUWRRY7LCJ6,Iris versicolor (Blue Flag),,Gallon,,Iriver9,,Flower,Flower,,,,,visible,Physical good,,,,,,,,17.00,,N,,,,N,,,86,,,,Y
#iris-versicolor-blue-flag--true-gallon,7CSIHJETV3G3TOHVDP4VVD2A,Iris versicolor (Blue Flag),,True Gallon,,Iriver12,,Flower,Flower,,,,,visible,Physical good,,,,,,,,19.00,,N,,,,N,,,9,,,,Y
#itea-virginica-sweetspire--gallon,QBXP4ERLJRSCN4SK4QPEWHVG,Itea virginica (Sweetspire),,Gallon,,Itevir9,"An upright, rounded shrub with tiny white flowers in drooping cylinders in early spring. Prefers wet soils and can form colonies through suckering. Adaptable to shade and wet locations.

Size: Height: 3' - 4' ; Width: 4' -6'
Light: Sun (Part-Full)
Moisture: Medium, Moist, 

-March 1st- May 1 2026: For sizes valued at $50 or above, a $25 discount can be applied courtesy of the Throwing Shade Virginia program. If you purchase online, this discount will be applied as a refund when you pick up your plants. (see https://rb.gy/lukcmf for details)

Photo by David J. Stang, CC BY-SA 4.0 , via Wikimedia Commons, Famartin, CC BY-SA 4.0 , via Wikimedia Commons
I, SB Johnny, CC BY-SA 3.0 , via Wikimedia Commons",Shrub,Shrub,,,,,visible,Physical good,,,,N,N,N,Y,22.00,,N,,N,,N,,,0,,,,Y
#itea-virginica-sweetspire--true-gallon,LG5XH6MDWGF6R2SIJJLP6DON,Itea virginica (Sweetspire),,True Gallon,,Itevir12,,Shrub,Shrub,,,,,visible,Physical good,,,,,,,,25.00,,N,,,,N,,,25,,,,Y
#itea-virginica-sweetspire--2-gallon,OUUHBL2CI7CVLVWGDOPOZ3NR,Itea virginica (Sweetspire),,2 Gallon,,Itevir15,,Shrub,Shrub,,,,,visible,Physical good,,,,,,,,37.00,,N,,,,N,,,4,,,,Y
#itea-virginica-sweetspire--3-gallon,HZD347HOULTGKUJ2NAY53OSL,Itea virginica (Sweetspire),,3 Gallon,,Itevir18,,Shrub,Shrub,,,,,visible,Physical good,,,,,,,,50.00,,N,,,,N,,,0,,,,Y
#itea-virginica-sweetspire--5-gallon,6CI4LPCS7BDQBBD3FJVYPNIO,Itea virginica (Sweetspire),,5 Gallon,,Itevir21,,Shrub,Shrub,,,,,visible,Physical good,,,,,,,,60.00,,N,,,,N,,,0,,,,Y
#juglans-nigra-black-walnut--gallon,DHHAU2H25ASILP6PJAFZGXJM,Juglans nigra (Black Walnut),,Gallon,,Jugnig9,"Long trunks with sharply ridged, dark bark. Leaves emerge in spring and drop in fall, and are aromatic when crushed. Nuts mature in autumn, falling to the grown where the husks rot away.

Size: Height: 75' - 100' ; Width: 75' -100'
Light: Sun (Full)
Moisture: Medium, 

-March 1st- May 1 2026: For sizes valued at $50 or above, a $25 discount can be applied courtesy of the Throwing Shade Virginia program. If you purchase online, this discount will be applied as a refund when you pick up your plants. (see https://rb.gy/lukcmf for details)

NinjaRobotPirate, CC BY 4.0 , via Wikimedia Commons",Tree,Tree,,,,,visible,Physical good,,,,N,N,N,Y,22.00,,N,,,,,,,0,,,,Y
#juglans-nigra-black-walnut--true-gallon,CK3YYP774YMTE23FXET2MLT7,Juglans nigra (Black Walnut),,True Gallon,,Jugnig12,,Tree,Tree,,,,,visible,Physical good,,,,,,,,25.00,,N,,,,,,,0,,,,Y
#juglans-nigra-black-walnut--2-gallon,W7DT3D4CCHUMLJOEX4QXYGNO,Juglans nigra (Black Walnut),,2 Gallon,,Jugnig15,,Tree,Tree,,,,,visible,Physical good,,,,,,,,50.00,,N,,,,,,,2,,,,Y
#juglans-nigra-black-walnut--3-gallon,3LW2PVWUKA7TQZMIW6TFOB4X,Juglans nigra (Black Walnut),,3 Gallon,,Jugnig18,,Tree,Tree,,,,,visible,Physical good,,,,,,,,60.00,,N,,,,,,,0,,,,Y
#juglans-nigra-black-walnut--5-gallon,OMYRU6VJQ2E4V44XYOXNCXWG,Juglans nigra (Black Walnut),,5 Gallon,,Jugnig21,,Tree,Tree,,,,,visible,Physical good,,,,,,,,70.00,,N,,,,,,,0,,,,Y
#juniperus-virginiana-eastern-red-cedar--gallon,NMZXEK44UHT34ZN3HGOVABK2,Juniperus virginiana (Eastern Red Cedar),,Gallon,,Junvir9,"Tough tree that is tolerant of a wide variety of soils and growing conditions. Can grow in soils that few other plants can tolerate.  Most drought resistant of any conifer in eastern United States. Beautiful blue-green, overlapping, scale-like leaves.  Red-brown bark that peels off in long, narrow strips.  Light blue-green clusters of cones mature in late winter or early spring. 

Size: Height: 30' - 40' ; Width: 10' -20'
Light: Sun (Full)
Moisture: Very Dry, Moist, 

-March 1st- May 1 2026: For sizes valued at $50 or above, a $25 discount can be applied courtesy of the Throwing Shade Virginia program. If you purchase online, this discount will be applied as a refund when you pick up your plants. (see https://rb.gy/lukcmf for details)

Nicholas A. Tonelli from Northeast Pennsylvania, USA, CC BY 2.0 , via Wikimedia Commons, Photo (c)2007 Derek Ramsey (Ram-Man), GFDL 1.2 , via Wikimedia Commons",Tree,Tree,,,,,visible,Physical good,,,,N,N,N,Y,22.00,,N,,,,,,,0,,,,Y
#juniperus-virginiana-eastern-red-cedar--true-gallon,DEJBH2JBT3IZDYMNVIOZFFXD,Juniperus virginiana (Eastern Red Cedar),,True Gallon,,Junvir12,,Tree,Tree,,,,,visible,Physical good,,,,,,,,25.00,,N,,,,,,,8,,,,Y
#juniperus-virginiana-eastern-red-cedar--2-gallon,JEKDTV3U5VLE4I5IYC27P5WL,Juniperus virginiana (Eastern Red Cedar),,2 Gallon,,Junvir15,,Tree,Tree,,,,,visible,Physical good,,,,,,,,50.00,,N,,,,,,,4,,,,Y
#juniperus-virginiana-eastern-red-cedar--3-gallon,5MD5QFWQKJ26AA7IVGZVNXZN,Juniperus virginiana (Eastern Red Cedar),,3 Gallon,,Junvir18,,Tree,Tree,,,,,visible,Physical good,,,,,,,,60.00,,N,,,,,,,0,,,,Y
#juniperus-virginiana-eastern-red-cedar--5-gallon,YY2L4OKRKGJCCJRYBYYKMYXF,Juniperus virginiana (Eastern Red Cedar),,5 Gallon,,Junvir21,,Tree,Tree,,,,,visible,Physical good,,,,,,,,70.00,,N,,,,,,,0,,,,Y
#kalmia-angustifolia-sheep-laurel--gallon,ZLXU2NRMUZG3ISN4PIPEQGYY,Kalmia angustifolia (Sheep Laurel),,Gallon,,Kalang9,"Evergreen shrub with groups of round, pink flowers in summer. Can spread to form colonies. Does well at bog or water edges. Host for the Brown Elfin butterfly.

Size: Height: 1' - 3' ; Width: 4' -6'
Light: Shade (Part-Full)
Moisture: Medium,

-

Krzysztof Ziarnek, Kenraiz, CC BY-SA 4.0 , via Wikimedia Commons
Ryan Hodnett, CC BY-SA 4.0 , via Wikimedia Commons",Shrub,Shrub,,,,,hidden,Physical good,,,,N,N,N,Y,25.00,,N,,,,,,,0,,,,Y
#kalmia-angustifolia-sheep-laurel--true-gallon,DWVFEPVF7YMGDU2MBDHBEWI2,Kalmia angustifolia (Sheep Laurel),,True Gallon,,Kalang12,,Shrub,Shrub,,,,,hidden,Physical good,,,,,,,,30.00,,N,,,,,,,0,,,,Y
#kalmia-angustifolia-sheep-laurel--2-gallon,PP4PZCR525KEPKKEDKWAWOOX,Kalmia angustifolia (Sheep Laurel),,2 Gallon,,Kalang15,,Shrub,Shrub,,,,,hidden,Physical good,,,,,,,,50.00,,N,,,,,,,0,,,,Y
#kalmia-angustifolia-sheep-laurel--3-gallon,7YHZIKONCWTYKUGWGSKR3V7H,Kalmia angustifolia (Sheep Laurel),,3 Gallon,,Kalang18,,Shrub,Shrub,,,,,hidden,Physical good,,,,,,,,60.00,,N,,,,,,,0,,,,Y
#kalmia-angustifolia-sheep-laurel--5-gallon,NCZ3PL6NQ4C37GPEOTY5HJMP,Kalmia angustifolia (Sheep Laurel),,5 Gallon,,Kalang21,,Shrub,Shrub,,,,,hidden,Physical good,,,,,,,,70.00,,N,,,,,,,0,,,,Y
#kalmia-latifolia-mountain-laurel--gallon,BCV3U7TOZ6ZJN6SMB2W37XZU,Kalmia latifolia (Mountain Laurel),,Gallon,,Kallat9,"Broadleaf evergreen shrub with late-spring 1"" cup-shaped rose-to-purple flowers. Brown fruits emerge and last through the winter. Showy blooms make this an excellent focal point in a yard. Avoid clays.

Size: Height: 5' - 15' ; Width: 5' -15'
Light: Shade (Part-Full)
Moisture: Medium,

-March 1st- May 1 2026: For sizes valued at $50 or above, a $25 discount can be applied courtesy of the Throwing Shade Virginia program. If you purchase online, this discount will be applied as a refund when you pick up your plants. (see https://rb.gy/lukcmf for details)

A. Barra, CC BY 3.0 , via Wikimedia Commons,  HLWolfe, CC0, via Wikimedia Commons
Photo by David J. Stang, CC BY-SA 4.0 , via Wikimedia Commons",Shrub,Shrub,,,,,hidden,Physical good,,,,N,N,N,Y,25.00,,N,,,,,,,0,,,,Y
#kalmia-latifolia-mountain-laurel--true-gallon,GX4DX7FWIZXHB5GFNSX7QUWF,Kalmia latifolia (Mountain Laurel),,True Gallon,,Kallat12,,Shrub,Shrub,,,,,hidden,Physical good,,,,,,,,30.00,,N,,,,,,,0,,,,Y
#kalmia-latifolia-mountain-laurel--2-gallon,DJWYOXLC622BUZXCJ2EMO3VR,Kalmia latifolia (Mountain Laurel),,2 Gallon,,Kallat15,,Shrub,Shrub,,,,,hidden,Physical good,,,,,,,,50.00,,N,,,,,,,0,,,,Y
#kalmia-latifolia-mountain-laurel--3-gallon,IZCFETLLL2HKTX46E3TT4RWN,Kalmia latifolia (Mountain Laurel),,3 Gallon,,Kallat18,,Shrub,Shrub,,,,,hidden,Physical good,,,,,,,,60.00,,N,,,,,,,0,,,,Y
#kalmia-latifolia-mountain-laurel--5-gallon,2BDYLBLAZWJFNP2S5QRGORAN,Kalmia latifolia (Mountain Laurel),,5 Gallon,,Kallat21,,Shrub,Shrub,,,,,hidden,Physical good,,,,,,,,70.00,,N,,,,,,,0,,,,Y
#kosteletzkya-virginica-virginia-saltmarsh-mallow--4-5-pot,ULRB5BPMJCLDRXHZM6ZXDOEY,Kosteletzkya virginica (Virginia Saltmarsh Mallow),,"4.5"" Pot",,Kosvir3,"Small pink flowers in summer attract butterflies. This plant does well around water edges and in well-irrigated soil.

Size: Height: 3' - 4' ; Width: 2' -3'
Light: Sun (Full)
Moisture: Moist, Standing Water,

-

peganum from Henfield, England, CC BY-SA 2.0 , via Wikimedia Commons",Flower,Flower,,,,,hidden,Physical good,,,,N,N,N,Y,12.00,,N,,,,,,,0,,,,Y
#kosteletzkya-virginica-virginia-saltmarsh-mallow--gallon,IFAUKYC437NGEAV2R36ZHFXU,Kosteletzkya virginica (Virginia Saltmarsh Mallow),,Gallon,,Kosvir9,,Flower,Flower,,,,,hidden,Physical good,,,,,,,,17.00,,N,,,,,,,0,,,,Y
#kosteletzkya-virginica-virginia-saltmarsh-mallow--true-gallon,DEFITXL6HEQGFONWB6GZYU6H,Kosteletzkya virginica (Virginia Saltmarsh Mallow),,True Gallon,,Kosvir12,,Flower,Flower,,,,,hidden,Physical good,,,,,,,,19.00,,N,,,,,,,0,,,,Y
#lemp-retainer-service,PISQ6OEODX6KJZIKW6RJCL36,LEMP Retainer,,Service,,LemRet99,"Size:
Light:
Moisture:

-",,,,,,,hidden,Other,,,,N,,N,N,3000.00,,N,,,,,,,0,,,,N
#lemp-services-service,JXDDECFBB345S4BL43CF677K,LEMP Services,,Service,,LemSer99,"Size:
Light:
Moisture:

-",,,,,,,hidden,Other,,,,N,,N,N,150.00,,N,,,,,,,0,,,,N
#liatris-scariosa-eastern-blazing-star--4-5-pot,PD2TW57JQ7X745TBDANRKIPQ,Liatris scariosa (Eastern Blazing Star),,"4.5"" Pot",,Liasca3,"Tall perennial that likes moist soils. Spikes of deep purple flower clusters bloom in late summer and attract birds and butterflies to feed. Clay and Drought Tolerant.

Size: Height: 2' - 4' ; Width: 1' -2'
Light: Sun (Full)
Moisture: Dry, Medium,

-",Flower,Flower,,,,,hidden,Physical good,,,,N,N,N,Y,12.00,,N,,,,,,,0,,,,Y
#liatris-scariosa-eastern-blazing-star--gallon,IKFK7C53FJ2UT6I4MKILLAUC,Liatris scariosa (Eastern Blazing Star),,Gallon,,Liasca9,,Flower,Flower,,,,,hidden,Physical good,,,,,,,,17.00,,N,,,,,,,0,,,,Y
#liatris-scariosa-eastern-blazing-star--true-gallon,IQYDWRX42JOVQHJ2X7S4OSTX,Liatris scariosa (Eastern Blazing Star),,True Gallon,,Liasca12,,Flower,Flower,,,,,hidden,Physical good,,,,,,,,19.00,,N,,,,,,,0,,,,Y
#liatris-scariosa-var-nieuwlandii-northern-blazing-star--4-5-pot,X5U5VCU65YXEPA7HMNTID7UL,Liatris scariosa var. nieuwlandii (Northern Blazing Star),,"4.5"" Pot",,LiascV3,"Purple, 1"" flowers grow in columned bunches attract bees and butterflies in late summer. Loves sandy, rocky soils.

Size: Height: 2' - 5' ; Width: 1' -2'
Light: Sun (Full)
Moisture: Dry, Medium, 

-

Andrew C, CC BY 2.0 , via Wikimedia Commons; 
Ephramac, CC BY-SA 4.0 , via Wikimedia Commons; 
Krzysztof Ziarnek, Kenraiz, CC BY-SA 4.0 , via Wikimedia Commons",Flower,Flower,,,,,hidden,Physical good,,,,N,N,N,Y,12.00,,N,,,,,,,0,,,,Y
#liatris-scariosa-var-nieuwlandii-northern-blazing-star--gallon,VGB7IZZLZKYNTIGRSAADYAOA,Liatris scariosa var. nieuwlandii (Northern Blazing Star),,Gallon,,LiascV9,,Flower,Flower,,,,,hidden,Physical good,,,,,,,,17.00,,N,,,,,,,0,,,,Y
#liatris-scariosa-var-nieuwlandii-northern-blazing-star--true-gallon,BYDNW6TFHDMCJS3YQANR7UCV,Liatris scariosa var. nieuwlandii (Northern Blazing Star),,True Gallon,,LiascV12,,Flower,Flower,,,,,hidden,Physical good,,,,,,,,19.00,,N,,,,,,,0,,,,Y
#liatris-spicata-blazing-star--4-5-pot,TR6ZM6ZPEECENH3MW2XEKFCF,Liatris spicata (Blazing Star),,"4.5"" Pot",,Liaspi3,"Tall perennial that likes moist soils. Spikes of deep purple flower clusters bloom in late summer and attract birds and butterflies to feed. Clay and Drought Tolerant.

Size: Height: 2' - 4' ; Width: 1.5' -1.5'
Light: Sun (Full)
Moisture: Dry, Medium,

-",Flower,Flower,,,,,visible,Physical good,,,,N,N,N,Y,12.00,,N,,N,,,,,102,,,,Y
#liatris-spicata-blazing-star--gallon,WI2SDAGONFB626DOGBVN3QT7,Liatris spicata (Blazing Star),,Gallon,,Liaspi9,,Flower,Flower,,,,,visible,Physical good,,,,,,,,17.00,,N,,,,,,,0,,,,Y
#liatris-spicata-blazing-star--true-gallon,CGGBWKTRDPFXJZWHSSCFEGRA,Liatris spicata (Blazing Star),,True Gallon,,Liaspi12,,Flower,Flower,,,,,visible,Physical good,,,,,,,,19.00,,N,,,,,,,0,,,,Y
#lilium-superbum-turk-s-cap-lily--4-5-pot,ZB6ZLKYFQI6OT3VOJVCDL4FI,Lilium superbum (Turk's Cap Lily),,"4.5"" Pot",,Lilsup3,"This tall lily is noted for the spectacular, orange flowers that bloom in mid-summer, attracting butterflies.

Size: Height: 4' - 7' ; Width: 0.5' -1'
Light: Shade (Full)
Moisture: Moist,

-

By Uleli - Own work, CC BY-SA 3.0, https://commons.wikimedia.org/w/index.php?curid=15859116
By Plantlady - Own work, CC BY-SA 3.0, https://commons.wikimedia.org/w/index.php?curid=27510605",Flower,Flower,,,,,hidden,Physical good,,,,N,N,N,Y,15.00,,N,,,,,,,0,,,,Y
#lilium-superbum-turk-s-cap-lily--gallon,BULKK2RKK6XIM3TE4RJYW45Z,Lilium superbum (Turk's Cap Lily),,Gallon,,Lilsup9,,Flower,Flower,,,,,hidden,Physical good,,,,,,,,21.00,,N,,,,,,,0,,,,Y
#lilium-superbum-turk-s-cap-lily--true-gallon,OV4HB4IIFSFGLMH5FGPGEXJH,Lilium superbum (Turk's Cap Lily),,True Gallon,,Lilsup12,,Flower,Flower,,,,,hidden,Physical good,,,,,,,,23.00,,N,,,,,,,0,,,,Y
#lindera-benzoin-spicebush--gallon,AC2OGFOZH4GNEXEQXVMV65KA,Lindera benzoin (Spicebush),,Gallon,,Linben9,"Groups of greenish flowers bloom in spring. Needs male and female plants to pollinate berries. Spicebush swallowtail larvae feed on the leaves of this shrub. Clay and drought tolerant.

Size: Height: 6' - 12' ; Width: 6' -12'
Light: Shade (Part-Full)
Moisture: Dry, Medium, 

-March 1st- May 1 2026: For sizes valued at $50 or above, a $25 discount can be applied courtesy of the Throwing Shade Virginia program. If you purchase online, this discount will be applied as a refund when you pick up your plants. (see https://rb.gy/lukcmf for details)

R. A. Nonenmacher, CC BY-SA 4.0 , via Wikimedia Commons",Shrub,Shrub,,,,,visible,Physical good,,,,N,N,N,Y,22.00,,N,,,,N,,,0,,,,Y
#lindera-benzoin-spicebush--true-gallon,BS67UQLHFSIBPHCE7W5JFXIM,Lindera benzoin (Spicebush),,True Gallon,,Linben12,,Shrub,Shrub,,,,,visible,Physical good,,,,,,,,25.00,,N,,,,N,,,19,,,,Y
#lindera-benzoin-spicebush--2-gallon,KYIHTL2HMU5YZSMXWXQNFFRZ,Lindera benzoin (Spicebush),,2 Gallon,,Linben15,,Shrub,Shrub,,,,,visible,Physical good,,,,,,,,37.00,,N,,,,N,,,0,,,,Y
#lindera-benzoin-spicebush--3-gallon,GWSKBRKD3I52DKIK6TNVUHXQ,Lindera benzoin (Spicebush),,3 Gallon,,Linben18,,Shrub,Shrub,,,,,visible,Physical good,,,,,,,,50.00,,N,,,,N,,,0,,,,Y
#lindera-benzoin-spicebush--5-gallon,YSTQ5F54RNXUATOMEV7WONHT,Lindera benzoin (Spicebush),,5 Gallon,,Linben21,,Shrub,Shrub,,,,,visible,Physical good,,,,,,,,60.00,,N,,,,N,,,0,,,,Y
#liquidambar-styraciflua-sweet-gum--gallon,N6KUKONJ2VJJLFGP33PZWWGI,Liquidambar styraciflua (Sweet Gum),,Gallon,,Liqsty9,"Deciduous tree with red, purple, and yellow-orange leaves in Fall. Produces edible fruits which mature in Fall and Winter. Supports various moth species and birds. Tolerates clay.

Size: Height: 60' - 100' ; Width: 40' -60'
Light: Sun (Part-Full)
Moisture: Medium, Moist,

-

Luis Fernandez Garcia CC-BY-SA 4.0, https://commons.wikimedia.org/wiki/File:Liquidambar_styraciflua_20131017a.jpg",,,,,,,hidden,Physical good,,,,N,,N,Y,22.00,,N,,,,,,,0,,,,Y
#liquidambar-styraciflua-sweet-gum--true-gallon,7AQ7QKXT4JA27SKDSELL4GK7,Liquidambar styraciflua (Sweet Gum),,True Gallon,,Liqsty12,,,,,,,,hidden,Physical good,,,,,,,,25.00,,N,,,,,,,0,,,,Y
#liquidambar-styraciflua-sweet-gum--2-gallon,MRIT2G6U7STUWJBV7EJZYUEN,Liquidambar styraciflua (Sweet Gum),,2 Gallon,,Liqsty15,,,,,,,,hidden,Physical good,,,,,,,,50.00,,N,,,,,,,0,,,,Y
#liquidambar-styraciflua-sweet-gum--3-gallon,Q3FTM6JGKHAMBNYYJNWXPE2P,Liquidambar styraciflua (Sweet Gum),,3 Gallon,,Liqsty18,,,,,,,,hidden,Physical good,,,,,,,,60.00,,N,,,,,,,0,,,,Y
#liquidambar-styraciflua-sweet-gum--5-gallon,CYZ5Y6O34WH5PEA3OXGJX333,Liquidambar styraciflua (Sweet Gum),,5 Gallon,,Liqsty21,,,,,,,,hidden,Physical good,,,,,,,,70.00,,N,,,,,,,0,,,,Y
#liriodendron-tulipifera-tulip-tree--gallon,D7B6JTFFNDBBN3OM4DDUHVSS,Liriodendron tulipifera (Tulip Tree),,Gallon,,Lirtul9,"One of the largest trees in North America.  Mature trunks reach 4 to 6 feet in diameter and are column-like with an absence of lower branches.   Yellow-green and orange tulip-like flowers bloom in Spring. Yellow-gold leaves in fall.

Size: Height: 80' - 120' ; Width: 30' -60'
Light: Sun (Full)
Moisture: Medium, 

-March 1st- May 1 2026: For sizes valued at $50 or above, a $25 discount can be applied courtesy of the Throwing Shade Virginia program. If you purchase online, this discount will be applied as a refund when you pick up your plants. (see https://rb.gy/lukcmf for details)

Alex Lomas, CC BY 2.0 , via Wikimedia Commons, High Contrast, CC BY 3.0 DE , via Wikimedia Commons, Shenandoah  National Park from Virginia, Public domain, via Wikimedia Commons, Katja Schulz from Washington, D. C., USA, CC BY 2.0 , via Wikimedia Commons",Tree,Tree,,,,,visible,Physical good,,,,N,N,N,Y,22.00,,N,,,,,,,0,,,,Y
#liriodendron-tulipifera-tulip-tree--true-gallon,V5KEIUWZ53LSAKZVZKF4FO2H,Liriodendron tulipifera (Tulip Tree),,True Gallon,,Lirtul12,,Tree,Tree,,,,,visible,Physical good,,,,,,,,25.00,,N,,,,,,,0,,,,Y
#liriodendron-tulipifera-tulip-tree--2-gallon,UYUJV2HA5ZVN4JWWUFU7HU7I,Liriodendron tulipifera (Tulip Tree),,2 Gallon,,Lirtul15,,Tree,Tree,,,,,visible,Physical good,,,,,,,,50.00,,N,,,,,,,0,,,,Y
#liriodendron-tulipifera-tulip-tree--3-gallon,EYLINQ3GM6VJGCGQGNBPVRPM,Liriodendron tulipifera (Tulip Tree),,3 Gallon,,Lirtul18,,Tree,Tree,,,,,visible,Physical good,,,,,,,,60.00,,N,,,,,,,0,,,,Y
#liriodendron-tulipifera-tulip-tree--5-gallon,MSBKJSWWZ3FOCSSZRDY45ICT,Liriodendron tulipifera (Tulip Tree),,5 Gallon,,Lirtul21,,Tree,Tree,,,,,visible,Physical good,,,,,,,,70.00,,N,,,,,,,0,,,,Y
#lobelia-cardinalis-cardinal-flower--4-5-pot,5DFQ5DEZWV7YVT3LLS3LRBTB,Lobelia cardinalis (Cardinal Flower),,"4.5"" Pot",,Lobcar3,"This native, red flower is a favorite of hummingbirds and makes an excellent cut flower as well!

Size: Height: 1' - 4' ; Width: 1' -2'
Light: Sun (Part-Full)
Moisture: Medium, Moist,

-

Barnes, Dr. Thomas G., Public domain, via Wikimedia Commons",Flower,Flower,,,,,visible,Physical good,,,,N,N,N,Y,9.00,,N,,N,,N,,,170,,,,Y
#lobelia-cardinalis-cardinal-flower--gallon,XSNQRWY7IHTFNVRCHXFWVVS7,Lobelia cardinalis (Cardinal Flower),,Gallon,,Lobcar9,,Flower,Flower,,,,,visible,Physical good,,,,,,,,15.00,,N,,,,N,,,0,,,,Y
#lobelia-cardinalis-cardinal-flower--true-gallon,KISX5TV6PLSVCBE2KVNQYK2K,Lobelia cardinalis (Cardinal Flower),,True Gallon,,Lobcar12,,Flower,Flower,,,,,visible,Physical good,,,,,,,,17.00,,N,,,,N,,,0,,,,Y
#lobelia-inflata-indian-tobacco--4-5-pot,SGR76QC75TQMB43LKHZOWLL2,Lobelia inflata (Indian Tobacco),,"4.5"" Pot",,Lobinf3,"Not a true tobacco. Hairy stem with pointed leaves with white-purple flowers that attract small bees. Toxic to mammals, so deer resistant. An annual, but reseeds itself

Size: Height: 1' - 2' ; Width: 1' -2'
Light: Sun (Part-Full)
Moisture: Medium, Moist,

-

H. Zell [CC BY-SA (https://creativecommons.org/licenses/by-sa/3.0)]",Flower,Flower,,,,,hidden,Physical good,,,,N,N,N,Y,9.00,,N,,,,,,,0,,,,Y
#lobelia-inflata-indian-tobacco--gallon,EQ5JNTM2JWM5FPV7LSICQV4G,Lobelia inflata (Indian Tobacco),,Gallon,,Lobinf9,,Flower,Flower,,,,,hidden,Physical good,,,,,,,,15.00,,N,,,,,,,0,,,,Y
#lobelia-inflata-indian-tobacco--true-gallon,TW3YJ2DHQIJM6XDXYIHSMDGK,Lobelia inflata (Indian Tobacco),,True Gallon,,Lobinf12,,Flower,Flower,,,,,hidden,Physical good,,,,,,,,17.00,,N,,,,,,,0,,,,Y
#lobelia-siphilitica-blue-lobelia--4-5-pot,5F55E3M2QRHKQCKKGLMWVWPF,Lobelia siphilitica (Blue Lobelia),,"4.5"" Pot",,Lobsip3,"This showy blue flower creates late summer blooms that attract birds, butterflies, and is of special value to bumblebees.

Size: Height: 1' - 5' ; Width: 1' -1.5'
Light: Shade (Part-Full)
Moisture: Moist, 

-

Cephas, CC BY-SA 4.0 , via Wikimedia Commons",Flower,Flower,,,,,visible,Physical good,,,,N,N,N,Y,12.00,,N,,,,N,,,98,,,,Y
#lobelia-siphilitica-blue-lobelia--gallon,WU6PHT6Z3GXGAZCCJIVK5TWC,Lobelia siphilitica (Blue Lobelia),,Gallon,,Lobsip9,,Flower,Flower,,,,,visible,Physical good,,,,,,,,17.00,,N,,,,N,,,9,,,,Y
#lobelia-siphilitica-blue-lobelia--true-gallon,BOO3HYCTLPR5Y6BJYOTHE6A2,Lobelia siphilitica (Blue Lobelia),,True Gallon,,Lobsip12,,Flower,Flower,,,,,visible,Physical good,,,,,,,,19.00,,N,,,,N,,,0,,,,Y
#lobelia-spicata-pale-spiked-lobelia--4-5-pot,DQP67TL7HKUWGQIFSTAQKQ4C,Lobelia spicata (Pale Spiked Lobelia),,"4.5"" Pot",,Lobspi3,"Erect annual that readily reseeds. The flower is a spike-like cluster of small pale purplish-blue to bluish-white flowers. Capsule like fruits emerge in late fall. Ideal for a meadow planting.

Size: Height: 1' - 3' ; Width: 1' -2'
Light: Sun (Full)
Moisture: Medium, 

-

Joshua Mayer from Madison, WI, USA, CC BY-SA 2.0 , via Wikimedia Commons",Flower,Flower,,,,,hidden,Physical good,,,,N,N,N,Y,12.00,,N,,N,,,,,0,,,,Y
#lobelia-spicata-pale-spiked-lobelia--gallon,I2LYVNVJ535DSVFGECMH3L4B,Lobelia spicata (Pale Spiked Lobelia),,Gallon,,Lobspi9,,Flower,Flower,,,,,hidden,Physical good,,,,,,,,17.00,,N,,,,,,,0,,,,Y
#lobelia-spicata-pale-spiked-lobelia--true-gallon,NG2ZS6M3JP3VG3DIBLR3ZXDC,Lobelia spicata (Pale Spiked Lobelia),,True Gallon,,Lobspi12,,Flower,Flower,,,,,hidden,Physical good,,,,,,,,19.00,,N,,,,,,,0,,,,Y
#lonicera-sempervirens-coral-honeysuckle--4-5-pot,PGZN57QBYPWOPGP4XOCQFTS5,Lonicera sempervirens (Coral Honeysuckle),,"4.5"" Pot",,Lonsem3,"This vine creates beautiful red, cone-shaped flowers tipped with orange bloom in spring in small clusters that attract hummingbirds and butterflies. Tolerates clay soil.

Size: Height: 8' - 15' ; Width: 3' -6'
Light: Sun (Part-Full)
Moisture: Medium, 

-

Eric Hunt, CC BY-SA 4.0 , via Wikimedia Commons",Vine,Vine,,,,,hidden,Physical good,,,,N,N,N,Y,15.00,,N,,N,,N,,,0,,,,Y
#lonicera-sempervirens-coral-honeysuckle--gallon,5ZJQBHMJOJJTYOINSOS3JAEE,Lonicera sempervirens (Coral Honeysuckle),,Gallon,,Lonsem9,,Vine,Vine,,,,,hidden,Physical good,,,,,,,,22.00,,N,,,,N,,,0,,,,Y
#lonicera-sempervirens-coral-honeysuckle--2-gallon,7ZWJMWSKQDCB3AY6G2ZLHVF6,Lonicera sempervirens (Coral Honeysuckle),,2 Gallon,,Lonsem15,,Vine,Vine,,,,,hidden,Physical good,,,,,,,,37.00,,N,,,,N,,,0,,,,Y
#ludwigia-alternifolia-seedbox--4-5-pot,GCEYZ3G7DQIX2DO7LWWZBLX4,Ludwigia alternifolia (Seedbox),,"4.5"" Pot",,Ludalt3,"This yellow-flowering native blooms in summer, and loves marshes and wet meadows. Distinct square, seedpods give this plant its name.

Size: Height: 2' - 3' ; Width: 1' -2'
Light: Shade (Part-Full)
Moisture: Moist, Standing Water,

-

By Fritzflohrreynolds - Own work, CC BY-SA 3.0, https://commons.wikimedia.org/w/index.php?curid=31404456
Anita Gould https://www.flickr.com/photos/anitagould/135945901/in/faves-carol_simmons/",Flower,Flower,,,,,visible,Physical good,,,,N,N,N,Y,12.00,,N,,,,,,,62,,,,Y
#ludwigia-alternifolia-seedbox--gallon,VH3ZVVKMQKH744633RDMFC7K,Ludwigia alternifolia (Seedbox),,Gallon,,Ludalt9,,Flower,Flower,,,,,visible,Physical good,,,,,,,,17.00,,N,,,,,,,55,,,,Y
#ludwigia-alternifolia-seedbox--true-gallon,SLLPEPOMFIQLCIWX4ORL7SOF,Ludwigia alternifolia (Seedbox),,True Gallon,,Ludalt12,,Flower,Flower,,,,,visible,Physical good,,,,,,,,19.00,,N,,,,,,,0,,,,Y
#lupinus-perennis-wild-lupine--4-5-pot,OWTNNQ57TKFL6M2BCXVSJZN5,Lupinus perennis (Wild Lupine),,"4.5"" Pot",,Lupper3,"Pea-like blue and purple flowers. Important food source for the caterpillar of several species of threatened butterflies.

Size: Height: 1' - 2' ; Width: 0.5' -1'
Light: Sun (Part-Full)
Moisture: Dry, Medium, 

-

By cassi saari - Own work, CC BY-SA 4.0, https://commons.wikimedia.org/w/index.php?curid=72995600By Steven Katovich, USDA Forest Service, Bugwood.org http://www.forestryimages.org/browse/subthumb.cfm?sub=5961#?sub=5961&aut=1552, CC, DouglasGoldman, CC BY-SA 4.0 , via Wikimedia Commons
By 3.0, https://commons.wikimedia.org/w/index.php?curid=42011671By Richard Carter, Valdosta State University, Bugwood.org - http://www.forestryimages.org/browse/subthumb.cfm?sub=5961#?sub=5961&aut=11916, CC BY 3.0, https://commons.wikimedia.org/w/index.php?curid=42011984",Flower,Flower,,,,,hidden,Physical good,,,,N,N,N,Y,13.00,,N,,,,,,,0,,,,Y
#lupinus-perennis-wild-lupine--gallon,UUVSMZOXXN2CTROF4Q73OUTS,Lupinus perennis (Wild Lupine),,Gallon,,Lupper9,,Flower,Flower,,,,,hidden,Physical good,,,,,,,,19.00,,N,,,,,,,0,,,,Y
#lupinus-perennis-wild-lupine--true-gallon,GLTNKMMPH57AEKBILHY5ZGRA,Lupinus perennis (Wild Lupine),,True Gallon,,Lupper12,,Flower,Flower,,,,,hidden,Physical good,,,,,,,,21.00,,N,,,,,,,0,,,,Y
#magnolia-acuminata-cucumber-magnolia--gallon,5FC4F3V665KYZ3N2XGLZFZLP,Magnolia acuminata (Cucumber Magnolia),,Gallon,,Magacu9,"Deciduous tree found in the foothills and Appalachian Mountains.  Tall tree with pyramidal crown and a straight trunk. Bloom greenish-yellow, tulip-like flowers in spring and produce red cone-like fruits in late summer

Size: Height: 50' - 80' ; Width: 35' -60'
Light: Sun (Part-Full)
Moisture: Medium, Moist, 

-March 1st- May 1 2026: For sizes valued at $50 or above, a $25 discount can be applied courtesy of the Throwing Shade Virginia program. If you purchase online, this discount will be applied as a refund when you pick up your plants. (see https://rb.gy/lukcmf for details)

Bruce Marlin, CC BY 3.0 , via Wikimedia Commons,   ????? ???????, CC BY-SA 4.0 , via Wikimedia Commons,   Baummapper, CC BY-SA 3.0 DE , via Wikimedia Commons",Tree,Tree,,,,,hidden,Physical good,,,,N,N,N,Y,22.00,,N,,N,,,,,0,,,,Y
#magnolia-acuminata-cucumber-magnolia--true-gallon,2LEGOLBZLT3MOQDUQLWCSBE5,Magnolia acuminata (Cucumber Magnolia),,True Gallon,,Magacu12,,Tree,Tree,,,,,hidden,Physical good,,,,,,,,25.00,,N,,,,,,,0,,,,Y
#magnolia-acuminata-cucumber-magnolia--2-gallon,7ZZDPL7OX6FWEUOA3KSLPN4K,Magnolia acuminata (Cucumber Magnolia),,2 Gallon,,Magacu15,,Tree,Tree,,,,,hidden,Physical good,,,,,,,,50.00,,N,,,,,,,0,,,,Y
#magnolia-acuminata-cucumber-magnolia--3-gallon,4BJYSJKWZUTOPF7BQMABWIJG,Magnolia acuminata (Cucumber Magnolia),,3 Gallon,,Magacu18,,Tree,Tree,,,,,hidden,Physical good,,,,,,,,60.00,,N,,,,,,,0,,,,Y
#magnolia-acuminata-cucumber-magnolia--5-gallon,LEUZGLB2VSXCLHVHX7QGNK4E,Magnolia acuminata (Cucumber Magnolia),,5 Gallon,,Magacu21,,Tree,Tree,,,,,hidden,Physical good,,,,,,,,70.00,,N,,,,,,,0,,,,Y
#magnolia-tripetala-umbrella-magnolia--gallon,7SKF5LR6WPLIAPSTTUO76TKJ,Magnolia tripetala (Umbrella Magnolia),,Gallon,,Magtri9,"Medium-sized tree that blooms with fragrant cup-shaped white flowers in spring. Red fruits mature in summer. This tree gets its name from its large leaves that cluster at the ends of its stems.

Size: Height: 15' - 30' ; 15' - 30'
Light: Sun (Part-Full)
Moisture: Medium, Moist,

-",Tree,Tree,,,,,visible,Physical good,,,,N,N,N,Y,25.00,,N,,N,,N,,,0,,,,Y
#magnolia-tripetala-umbrella-magnolia--true-gallon,6FTZDMUJIKE56ZAS3M2IXPOR,Magnolia tripetala (Umbrella Magnolia),,True Gallon,,Magtri12,,Tree,Tree,,,,,visible,Physical good,,,,,,,,30.00,,N,,,,N,,,0,,,,Y
#magnolia-tripetala-umbrella-magnolia--2-gallon,6IO635EGX6EH3EQHEAXXKHPZ,Magnolia tripetala (Umbrella Magnolia),,2 Gallon,,Magtri15,,Tree,Tree,,,,,visible,Physical good,,,,,,,,55.00,,N,,,,N,,,1,,,,Y
#magnolia-tripetala-umbrella-magnolia--3-gallon,RFKWF67ER77Y2ZWK5GA3X3R3,Magnolia tripetala (Umbrella Magnolia),,3 Gallon,,Magtri18,,Tree,Tree,,,,,visible,Physical good,,,,,,,,70.00,,N,,,,N,,,0,,,,Y
#magnolia-tripetala-umbrella-magnolia--5-gallon,VHBC7NKZ6B7FSY4GKHJJ5FF5,Magnolia tripetala (Umbrella Magnolia),,5 Gallon,,Magtri21,,Tree,Tree,,,,,visible,Physical good,,,,,,,,85.00,,N,,,,N,,,0,,,,Y
#magnolia-virginiana-sweetbay-magnolia--gallon,XRVMV23UP3PNRXD5HLOUTCIM,Magnolia virginiana (Sweetbay Magnolia),,Gallon,,Magvir9,"Cup shaped, white flowers appear in spring on this magnificent tree. Bright red seeds mature in fall. Tolerates clays.

Size: Height: 10' - 35' ; Width: 10' -35'
Light: Shade (Part-Full)
Moisture: Medium, Moist, 

-March 1st- May 1 2026: For sizes valued at $50 or above, a $25 discount can be applied courtesy of the Throwing Shade Virginia program. If you purchase online, this discount will be applied as a refund when you pick up your plants. (see https://rb.gy/lukcmf for details)

Sweetbay_Magnolia_Magnolia_virginiana_Flower_Closeup_2242px.jpg: Photo by and (c)2008 Derek Ramsey (Ram-Man).  Co-attribution must be given to the Chanticleer Garden.derivative work: Bff, CC BY-SA 3.0 , via Wikimedia Commons",Tree,Tree,,,,,visible,Physical good,,,,N,N,N,Y,25.00,,N,,N,,N,,,0,,,,Y
#magnolia-virginiana-sweetbay-magnolia--true-gallon,PJ5C3LRQSFVUMOIM3EQR7UQW,Magnolia virginiana (Sweetbay Magnolia),,True Gallon,,Magvir12,,Tree,Tree,,,,,visible,Physical good,,,,,,,,30.00,,N,,,,N,,,10,,,,Y
#magnolia-virginiana-sweetbay-magnolia--2-gallon,G4RFBC2IDUDIKOPS6ZZXHHYF,Magnolia virginiana (Sweetbay Magnolia),,2 Gallon,,Magvir15,,Tree,Tree,,,,,visible,Physical good,,,,,,,,55.00,,N,,,,N,,,1,,,,Y
#magnolia-virginiana-sweetbay-magnolia--3-gallon,LB2EMGMYMYZPB5RVYDP7B6FP,Magnolia virginiana (Sweetbay Magnolia),,3 Gallon,,Magvir18,,Tree,Tree,,,,,visible,Physical good,,,,,,,,70.00,,N,,,,N,,,0,,,,Y
#magnolia-virginiana-sweetbay-magnolia--5-gallon,VMLEWCXR7CZ4Y25BRGOQC42M,Magnolia virginiana (Sweetbay Magnolia),,5 Gallon,,Magvir21,,Tree,Tree,,,,,visible,Physical good,,,,,,,,85.00,,N,,,,N,,,2,,,,Y
#malus-coronaria-american-crabapple--gallon,5TK7E4JMCG65MSXQNKP7MO5S,Malus coronaria American Crabapple),,Gallon,,Malcor9,"Small native tree in the Rose family blooms fragrant, light pink flowers in spring.  Small fruits that can be made into preserves or cider

Size: Height: 15' - 30' ; 20' - 30'
Light: Sun (Part-Full)
Moisture: Medium,

-",Tree,Tree,,,,,hidden,Physical good,,,,N,N,N,Y,22.00,,N,,N,,N,,,0,,,,Y
#malus-coronaria-american-crabapple--true-gallon,HUC75FJQAUS3A4HTXH75UDPF,Malus coronaria American Crabapple),,True Gallon,,Malcor12,,Tree,Tree,,,,,hidden,Physical good,,,,,,,,25.00,,N,,,,N,,,0,,,,Y
#malus-coronaria-american-crabapple--2-gallon,AGCHXNSUL4R3YTJCUHIWQ3VX,Malus coronaria American Crabapple),,2 Gallon,,Malcor15,,Tree,Tree,,,,,hidden,Physical good,,,,,,,,50.00,,N,,,,N,,,0,,,,Y
#malus-coronaria-american-crabapple--3-gallon,SAYAB3CUVFSGJURLKQZTSMMN,Malus coronaria American Crabapple),,3 Gallon,,Malcor18,,Tree,Tree,,,,,hidden,Physical good,,,,,,,,60.00,,N,,,,N,,,0,,,,Y
#malus-coronaria-american-crabapple--5-gallon,3XJGUNF6PB5HSMF36H2YG3DT,Malus coronaria American Crabapple),,5 Gallon,,Malcor21,,Tree,Tree,,,,,hidden,Physical good,,,,,,,,70.00,,N,,,,N,,,0,,,,Y
#matteuccia-struthiopteris-ostrich-fern--4-5-pot,HOKHAAWGYX273J5YFIW4GBC7,Matteuccia struthiopteris (Ostrich Fern),,"4.5"" Pot",,Matstr3,"Tall bright green plumes turn bronze-gold in fall. In optimal moist conditions will spread to form dense colonies. Deer and rabbit resistant.

Size: Height: 1' - 5' ; Width: 4' -4'
Light: Shade (Part-Full)
Moisture: Medium, Moist, 

-

By de:Benutzer:Griensteidl - Own work, CC BY-SA 3.0, https://commons.wikimedia.org/w/index.php?curid=845398 By The Cosmonaut - Own work This image was created with darktable., CC BY-SA 2.5 ca, Bjoertvedt, CC BY-SA 4.0 , via Wikimedia Commonshttps://commons.wikimedia.org/w/index.php?curid=89978871
By Photo by David J. Stang - source: David Stang. First published at ZipcodeZoo.com, CC BY-SA 4.0, https://commons.wikimedia.org/w/index.php?curid=60966557",Fern,Fern,,,,,visible,Physical good,,,,N,N,N,Y,13.00,,N,,,,,,,8,,,,Y
#matteuccia-struthiopteris-ostrich-fern--gallon,YLHDF36MQPKTINXKEX4SYM42,Matteuccia struthiopteris (Ostrich Fern),,Gallon,,Matstr9,,Fern,Fern,,,,,visible,Physical good,,,,,,,,19.00,,N,,,,,,,3,,,,Y
#melanthium-virginicum-bunchflower--4-5-pot,CDXVSWRCMRST5DMO67JSMKPQ,Melanthium virginicum (Bunchflower),,"4.5"" Pot",,Melvir3,"Blooms large clusters of fragrant flowers in summer. Flowers bloom white to cream in color but over time they turn green, then maroon, and finally black.  Wonderful fall interest for a garden or prairie! 

Size: Height: 2' - 5' ; Width: 1' -2'
Light: Sun (Part-Full)
Moisture: Medium, Moist, 

-

Lee Casebere. USDA NRCS. 1995. Northeast wetland flora: Field office guide to plant species. Northeast National Technical Center, Chester. Courtesy of USDA NRCS Wetland Science Institute., Public domain, via Wikimedia Commons,   Uleli, CC BY-SA 3.0 , via Wikimedia Commons",Flower,Flower,,,,,hidden,Physical good,,,,N,N,N,Y,12.00,,N,,N,,,,,0,,,,Y
#melanthium-virginicum-bunchflower--gallon,4CSC74K7PU5NCYN2AUPL5FJM,Melanthium virginicum (Bunchflower),,Gallon,,Melvir9,,Flower,Flower,,,,,hidden,Physical good,,,,,,,,17.00,,N,,,,,,,0,,,,Y
#melanthium-virginicum-bunchflower--true-gallon,PZCOMPL6FOLC5KSHR7FSLKBL,Melanthium virginicum (Bunchflower),,True Gallon,,Melvir12,,Flower,Flower,,,,,hidden,Physical good,,,,,,,,19.00,,N,,,,,,,0,,,,Y
#mertensia-virginica-virginia-bluebell--4-5-pot,J4MC6GW4ICLEYA7JFUB5W2QG,Mertensia virginica (Virginia Bluebell),,"4.5"" Pot",,Mervir3,"Early spring flower that is a treasure of Virginia! Short blooming, but grows into colonies that blanked the forest floor

Size: Height: 1' - 2' ; Width: 1' -1.5'
Light: Shade (Full)
Moisture: Medium, Moist, 

-

Jarek Tuszy?ski, CC BY-SA 4.0 , via Wikimedia Commons;,  Cbaile19, CC0, via Wikimedia Commons
Khan ""Sadh"" N. Mostafa, CC BY 2.0 , via Wikimedia Commons; Cbaile19, CC0, via Wikimedia Commons",Flower,Flower,,,,,hidden,Physical good,,,,N,N,N,Y,13.00,,N,,N,,N,,,0,,,,Y
#mertensia-virginica-virginia-bluebell--gallon,U7D5ZSMBCOZIHAV5FCR7NFY2,Mertensia virginica (Virginia Bluebell),,Gallon,,Mervir9,,Flower,Flower,,,,,hidden,Physical good,,,,,,,,19.00,,N,,,,N,,,0,,,,Y
#mertensia-virginica-virginia-bluebell--true-gallon,3UKNEPNTIC4FIDARUC6AWXJ6,Mertensia virginica (Virginia Bluebell),,True Gallon,,Mervir12,,Flower,Flower,,,,,hidden,Physical good,,,,,,,,21.00,,N,,,,N,,,0,,,,Y
#mileage-fee-service,BH2NE4ZPBZ4YVVRFNTSAKCJV,Mileage Fee,,Service,,MilFee99,"Size:
Light:
Moisture:

-",,,,,,,hidden,Other,,,,N,,N,N,0.76,,N,,,,,,,0,,,,N
#mimulus-ringens-monkey-flower--4-5-pot,LHE4SSTYWJJ3DWINBPSU2KPU,Mimulus ringens (Monkey Flower),,"4.5"" Pot",,Mimrin3,"This plant does well in wet soils and swampy areas. 1"" purple flowers appear in pairs resemble the face of a smiling monkey and bloomin summer. Deer tolerant.

Size: Height: 1' - 3' ; Width: 1' -1'
Light: Sun (Part-Full)
Moisture: Moist, Standing Water,

-

Ksd5, CC0, via Wikimedia Commons",Flower,Flower,,,,,hidden,Physical good,,,,N,N,N,Y,12.00,,N,,,,N,,,0,,,,Y
#mimulus-ringens-monkey-flower--gallon,UX2EOZGRR4JJQN4A4YNYE6RK,Mimulus ringens (Monkey Flower),,Gallon,,Mimrin9,,Flower,Flower,,,,,hidden,Physical good,,,,,,,,17.00,,N,,,,N,,,0,,,,Y
#mimulus-ringens-monkey-flower--true-gallon,BMNVW6RDGYQGKOWMVB26573H,Mimulus ringens (Monkey Flower),,True Gallon,,Mimrin12,,Flower,Flower,,,,,hidden,Physical good,,,,,,,,19.00,,N,,,,N,,,0,,,,Y
#mitchella-repens-partridge-berry--4-5-pot,IQFAJIQFOI5KSMLVLFUDXBBH,Mitchella repens (Partridge Berry),,"4.5"" Pot",,Mitrep3,"This native ground cover will naturalize an area through root notes. Small white flowers lead to bright red berries that ripen in summer and can persist through winter. Tolerates dry soil and heavy shade.

Size: Height: 0.1' - 0.25' ; Width: 1' -1'
Light: Shade (Full)
Moisture: Medium, 

-

Krzysztof Ziarnek, Kenraiz, CC BY-SA 4.0 , via Wikimedia Commons; Jomegat, CC BY-SA 3.0 , via Wikimedia Commons; jillllybean, CC BY-SA 2.0 , via Wikimedia Commons",Flower,Flower,,,,,visible,Physical good,,,,N,N,N,Y,13.00,,N,,,,,,,6,,,,Y
#mitchella-repens-partridge-berry--gallon,XULAMHLF44FMKUS4OLTQ6PUG,Mitchella repens (Partridge Berry),,Gallon,,Mitrep9,,Flower,Flower,,,,,visible,Physical good,,,,,,,,19.00,,N,,,,,,,0,,,,Y
#mitchella-repens-partridge-berry--true-gallon,RM5W2C67FFVLY4E5OCX36HCV,Mitchella repens (Partridge Berry),,True Gallon,,Mitrep12,,Flower,Flower,,,,,visible,Physical good,,,,,,,,21.00,,N,,,,,,,0,,,,Y
#monarda-didyma-scarlet-beebalm--4-5-pot,SAGOUICO6E3OVK6VLDBPSNOH,Monarda didyma (Scarlet Beebalm),,"4.5"" Pot",,Mondid3,"Fragrant leaves are still used to make teas and salads. Tubular, two-lipped bright red flowers grow in clusters atop long stems and bloom in mid to late summer. Attracts bees, hummingbirds, butterflies. Deer and clay tolerant.

Size: Height: 2' - 4' ; Width: 2' -3'
Light: Sun (Full)
Moisture: Medium, 

-

H. Zell [CC BY-SA (https://creativecommons.org/licenses/by-sa/3.0)], Alex Abair, CC BY 4.0 , via Wikimedia Commons",Flower,Flower,,,,,visible,Physical good,,,,N,N,N,Y,12.00,,N,,,,N,,,93,,,,Y
#monarda-didyma-scarlet-beebalm--gallon,XEOPRUSLSVC6YRDQQHLFWWLW,Monarda didyma (Scarlet Beebalm),,Gallon,,Mondid9,,Flower,Flower,,,,,visible,Physical good,,,,,,,,17.00,,N,,,,N,,,89,,,,Y
#monarda-didyma-scarlet-beebalm--true-gallon,TDFOBNNQVL67CEXDIFNZ3WPY,Monarda didyma (Scarlet Beebalm),,True Gallon,,Mondid12,,Flower,Flower,,,,,visible,Physical good,,,,,,,,19.00,,N,,,,N,,,0,,,,Y
#monarda-fistulosa-wild-bergamot--4-5-pot,4OKKS752HKV53OX7QXYD6HLV,Monarda fistulosa (Wild Bergamot),,"4.5"" Pot",,Monfis3,"This mint-family plant has light-purple flowers that blossom in late summer, which attract bees, hummingbirds, and butterflies. Tolerates some drought and clay soils. Deer Resistant.

Size: Height: 2' - 4' ; Width: 2' -3'
Light: Sun (Full)
Moisture: Dry, Medium, 

-

By Hardyplants - Own work, CC BY-SA 4.0, https://commons.wikimedia.org/w/index.php?curid=95018400
By gailhampshire from Cradley, Malvern, U.K - Monarda fistulosa ?, CC BY 2.0, https://commons.wikimedia.org/w/index.php?curid=49985316 ,  Krzysztof Ziarnek, Kenraiz, CC BY-SA 4.0 , via Wikimedia Commons",Flower,Flower,,,,,visible,Physical good,,,,N,N,N,Y,12.00,,N,,,,N,,,130,,,,Y
#monarda-fistulosa-wild-bergamot--gallon,KKGF2IAECZOWCMTP2RIOGUBS,Monarda fistulosa (Wild Bergamot),,Gallon,,Monfis9,,Flower,Flower,,,,,visible,Physical good,,,,,,,,17.00,,N,,,,N,,,304,,,,Y
#monarda-fistulosa-wild-bergamot--true-gallon,DBG2JCSODOUK7TG4GB6KFSYV,Monarda fistulosa (Wild Bergamot),,True Gallon,,Monfis12,,Flower,Flower,,,,,visible,Physical good,,,,,,,,19.00,,N,,,,N,,,0,,,,Y
#monarda-punctata-spotted-beebalm--4-5-pot,KNWIIXSO32GKYN3DJE2XXZI4,Monarda punctata (Spotted Beebalm),,"4.5"" Pot",,Monpun3,"Yellow flowers spotted with purple in mid summer. The aromatic, oblong leaves may be used in teas. Long summer bloom period. Attracts butterflies. Drought Tolerant. 

Size: Height: 1' - 2' ; Width: 1' -1'
Light: Sun (Part-Full)
Moisture: Medium, 

-

Amber M. King, CC BY 4.0 , via Wikimedia Commons",Flower,Flower,,,,,visible,Physical good,,,,N,N,N,Y,12.00,,N,,,,,,,84,,,,Y
#monarda-punctata-spotted-beebalm--gallon,5FMZR3CQLJHKVHMPEDNZPOVE,Monarda punctata (Spotted Beebalm),,Gallon,,Monpun9,,Flower,Flower,,,,,visible,Physical good,,,,,,,,17.00,,N,,,,,,,63,,,,Y
#monarda-punctata-spotted-beebalm--true-gallon,OCACLKS2KCFY3FVT7BZAKXIL,Monarda punctata (Spotted Beebalm),,True Gallon,,Monpun12,,Flower,Flower,,,,,visible,Physical good,,,,,,,,19.00,,N,,,,,,,0,,,,Y
#morella-pensylvanica-northern-bayberry--gallon,RVIGR3SLDBJWPZC7CHYJ6AL6,Morella pensylvanica (Northern Bayberry),,Gallon,,Morpen9,"Hard, white berries remain on the female plant all winter and feed birds. Tolerates a wide variety of wet to dry soils, including some salt spray. Male and Female plants are needed to make berries.

Size: Height: 3' - 12' ; Width: 3' -12'
Light: Sun (Part-Full)
Moisture: Dry, Medium,

-March 1st- May 1 2026: For sizes valued at $50 or above, a $25 discount can be applied courtesy of the Throwing Shade Virginia program. If you purchase online, this discount will be applied as a refund when you pick up your plants. (see https://rb.gy/lukcmf for details)

Krzysztof Ziarnek, Kenraiz, CC BY-SA 4.0 , via Wikimedia Commons",Shrub,Shrub,,,,,visible,Physical good,,,,N,N,N,Y,22.00,,N,,,,N,,,0,,,,Y
#morella-pensylvanica-northern-bayberry--true-gallon,TK3Q3TRGUOOPRHBVCWKQIMKT,Morella pensylvanica (Northern Bayberry),,True Gallon,,Morpen12,,Shrub,Shrub,,,,,visible,Physical good,,,,,,,,25.00,,N,,,,N,,,29,,,,Y
#morella-pensylvanica-northern-bayberry--2-gallon,X5CGSALGND7OW6UIGFMPJWPU,Morella pensylvanica (Northern Bayberry),,2 Gallon,,Morpen15,,Shrub,Shrub,,,,,visible,Physical good,,,,,,,,37.00,,N,,,,N,,,27,,,,Y
#morella-pensylvanica-northern-bayberry--3-gallon,UALXLMCUCMPRUNGI2TXZQONN,Morella pensylvanica (Northern Bayberry),,3 Gallon,,Morpen18,,Shrub,Shrub,,,,,visible,Physical good,,,,,,,,50.00,,N,,,,N,,,0,,,,Y
#morella-pensylvanica-northern-bayberry--5-gallon,DTWW4I63OQZBNCXSJVKN2UOB,Morella pensylvanica (Northern Bayberry),,5 Gallon,,Morpen21,,Shrub,Shrub,,,,,visible,Physical good,,,,,,,,60.00,,N,,,,N,,,0,,,,Y
#morus-rubra-red-mulberry--gallon,CCN3VOMNEOPW37AE27TD42VO,Morus rubra (Red Mulberry),,Gallon,,Morrub9,"Lobed leaves, milky sap, and reddish-brown bark with edible fruits. Greenish flowers appear in early spring. Fertilized female flowers bear edible reddish fruits.

Size: Height: 35' - 50' ; Width: 35' -40'
Light: Sun (Part-Full)
Moisture: Dry, Moist,

-March 1st- May 1 2026: For sizes valued at $50 or above, a $25 discount can be applied courtesy of the Throwing Shade Virginia program. If you purchase online, this discount will be applied as a refund when you pick up your plants. (see https://rb.gy/lukcmf for details)

By LeonAdler - Own work, CC BY-SA 3.0, https://commons.wikimedia.org/w/index.php?curid=8142081",Tree,Tree,,,,,hidden,Physical good,,,,N,N,N,Y,22.00,,N,,,,N,,,0,,,,Y
#morus-rubra-red-mulberry--true-gallon,LLEKGWHIVNE6ZLCIMJDKBQPV,Morus rubra (Red Mulberry),,True Gallon,,Morrub12,,Tree,Tree,,,,,hidden,Physical good,,,,,,,,25.00,,N,,,,N,,,0,,,,Y
#morus-rubra-red-mulberry--2-gallon,IAJIHMREU54OAM6CNT762L6O,Morus rubra (Red Mulberry),,2 Gallon,,Morrub15,,Tree,Tree,,,,,hidden,Physical good,,,,,,,,50.00,,N,,,,N,,,0,,,,Y
#morus-rubra-red-mulberry--3-gallon,V7U5MGCR7IJW6EHFJOSL6EHC,Morus rubra (Red Mulberry),,3 Gallon,,Morrub18,,Tree,Tree,,,,,hidden,Physical good,,,,,,,,60.00,,N,,,,N,,,0,,,,Y
#morus-rubra-red-mulberry--5-gallon,ATNWSCW7RX4D2ZMWZEDUGLGM,Morus rubra (Red Mulberry),,5 Gallon,,Morrub21,,Tree,Tree,,,,,hidden,Physical good,,,,,,,,70.00,,N,,,,N,,,0,,,,Y
#muhlenbergia-capillaris-pink-muhlygrass--3-5-pot,37GMKWDV67TJP62R7GYQLQZN,Muhlenbergia capillaris (Pink Muhlygrass),,"3.5"" Pot",,Muhcap2,"Best in full sun, this clump-grass is known for its beautiful, pink foliage that blooms in foot-long spires in fall. Drought tolerant.

Size: Height: 2' - 4' ; Width: 2' -3'
Light: Sun (Part-Full)
Moisture: Dry, Medium, 

-

Heather Paul: https://www.flickr.com/photos/warriorwoman531/8154947318, Photo by David J. Stang, CC BY-SA 4.0 , via Wikimedia Commons
John Winder: https://www.flickr.com/photos/83833206@N00/8247811269",Grass,Grass,,,,,visible,Physical good,,,,N,N,N,Y,9.00,,N,,,,N,,,15,,,,Y
#muhlenbergia-capillaris-pink-muhlygrass--4-5-pot,GQMVFUDGLWYWP2HJPYQUWFQR,Muhlenbergia capillaris (Pink Muhlygrass),,"4.5"" Pot",,Muhcap3,,Grass,Grass,,,,,visible,Physical good,,,,,,,,10.00,,N,,,,N,,,0,,,,Y
#muhlenbergia-capillaris-pink-muhlygrass--gallon,Y3IW45BJCWJC5JY4232UYOY6,Muhlenbergia capillaris (Pink Muhlygrass),,Gallon,,Muhcap9,,Grass,Grass,,,,,visible,Physical good,,,,,,,,15.00,,N,,,,N,,,212,,,,Y
#myrica-cerifera-southern-bayberry--gallon,CPOB2SKOMXSMJ7AMQ4T6SEWB,Myrica cerifera (Southern Bayberry),,Gallon,,Myrcer9,"Dioecious broadleaf evergreen shrub or tree. Requires both male and female plants for good berry production. Can sucker to form sizable colonies. Great planting for a privacy hedge. Produces small yellow flowers that give way to bluish-grey waxy berries.

Size: Height: 20' - 25' ; Width: 8' -10'
Light: Sun (Part-Full)
Moisture: Medium, 

-March 1st- May 1 2026: For sizes valued at $50 or above, a $25 discount can be applied courtesy of the Throwing Shade Virginia program. If you purchase online, this discount will be applied as a refund when you pick up your plants. (see https://rb.gy/lukcmf for details)

Forest & Kim Starr, CC BY 3.0 US , via Wikimedia Commons,  Forest & Kim Starr, CC BY 3.0 US , via Wikimedia Commons,   User:BotBln, CC BY-SA 3.0 , via Wikimedia Commons",Shrub,Shrub,,,,,hidden,Physical good,,,,N,N,N,Y,22.00,,N,,N,,,,,0,,,,Y
#myrica-cerifera-southern-bayberry--true-gallon,Y63EHMSKWGAHOTAQU4ZVEYP7,Myrica cerifera (Southern Bayberry),,True Gallon,,Myrcer12,,Shrub,Shrub,,,,,hidden,Physical good,,,,,,,,25.00,,N,,,,,,,0,,,,Y
#myrica-cerifera-southern-bayberry--2-gallon,V6EZKU2K3U5LPVFWWYPHNI6L,Myrica cerifera (Southern Bayberry),,2 Gallon,,Myrcer15,,Shrub,Shrub,,,,,hidden,Physical good,,,,,,,,37.00,,N,,,,,,,0,,,,Y
#myrica-cerifera-southern-bayberry--3-gallon,EVT2YWDTRTB5BGWC4YJFKIT2,Myrica cerifera (Southern Bayberry),,3 Gallon,,Myrcer18,,Shrub,Shrub,,,,,hidden,Physical good,,,,,,,,50.00,,N,,,,,,,0,,,,Y
#myrica-cerifera-southern-bayberry--5-gallon,T34ROQSJUCFROLDWBTB7T5DS,Myrica cerifera (Southern Bayberry),,5 Gallon,,Myrcer21,,Shrub,Shrub,,,,,hidden,Physical good,,,,,,,,60.00,,N,,,,,,,0,,,,Y
#nyssa-sylvatica-black-gum--gallon,UXKYO2JOJO2KLOSBXDAWFLGW,Nyssa sylvatica (Black Gum),,Gallon,,Nyssyl9,"Deciduous tree with a straight trunk and rounded crown. Flowers on the female tree give way to half-inch sour fruits. Tolerates both standing water and poorly drained soils and clay. Can also tolerate drought.

Size: Height: 30' - 50' ; Width: 20' -30'
Light: Sun (Part-Full)
Moisture: Medium,

-March 1st- May 1 2026: For sizes valued at $50 or above, a $25 discount can be applied courtesy of the Throwing Shade Virginia program. If you purchase online, this discount will be applied as a refund when you pick up your plants. (see https://rb.gy/lukcmf for details)

By Gerd Eichmann - Own work, CC BY-SA 4.0, https://commons.wikimedia.org/w/index.php?curid=91297476
Tom Potterfield: https://www.flickr.com/photos/tgpotterfield/6943079610",Tree,Tree,,,,,hidden,Physical good,,,,N,N,N,Y,22.00,,N,,,,N,,,0,,,,Y
#nyssa-sylvatica-black-gum--true-gallon,QEJY6D2H3RWGTWF37VE6RRCW,Nyssa sylvatica (Black Gum),,True Gallon,,Nyssyl12,,Tree,Tree,,,,,hidden,Physical good,,,,,,,,25.00,,N,,,,N,,,0,,,,Y
#nyssa-sylvatica-black-gum--2-gallon,PIHQC37CCWEZSPSTYGL67COZ,Nyssa sylvatica (Black Gum),,2 Gallon,,Nyssyl15,,Tree,Tree,,,,,hidden,Physical good,,,,,,,,50.00,,N,,,,N,,,0,,,,Y
#nyssa-sylvatica-black-gum--3-gallon,7PU4CD5YHMTI7DTD7UTGA55Q,Nyssa sylvatica (Black Gum),,3 Gallon,,Nyssyl18,,Tree,Tree,,,,,hidden,Physical good,,,,,,,,60.00,,N,,,,N,,,0,,,,Y
#nyssa-sylvatica-black-gum--5-gallon,DN3B3PPSINYADNTI2CRHTLOZ,Nyssa sylvatica (Black Gum),,5 Gallon,,Nyssyl21,,Tree,Tree,,,,,hidden,Physical good,,,,,,,,70.00,,N,,,,N,,,0,,,,Y
#oenothera-biennis-evening-primrose--4-5-pot,HNK6WYTJL23224XNCDCOAXZU,Oenothera biennis (Evening Primrose),,"4.5"" Pot",,Oenbie3,"Bright yellow flowers open at dusk and close again in the morning when hit by sun.  Highly drought tolerant. Fruits are capsules.  Die after fruiting but seeds sprout the following year.   

Size: Height: 3' - 5' ; Width: 2' -3'
Light: Sun (Part-Full)
Moisture: Dry, Medium, 

-

Christian Ferrer, CC BY-SA 4.0 , via Wikimedia Commons,  Cbaile19, CC0, via Wikimedia Commons, Pmau, CC BY-SA 4.0 , via Wikimedia Commons",Flower,Flower,,,,,hidden,Physical good,,,,N,N,N,Y,6.00,,N,,,,,,,0,,,,Y
#oenothera-biennis-evening-primrose--gallon,XWKT3F6UJHIPESYZNPBFSHFD,Oenothera biennis (Evening Primrose),,Gallon,,Oenbie9,,Flower,Flower,,,,,hidden,Physical good,,,,,,,,13.00,,N,,,,,,,0,,,,Y
#oenothera-biennis-evening-primrose--true-gallon,V7NSI56G33XPRLNNFEAFBDKI,Oenothera biennis (Evening Primrose),,True Gallon,,Oenbie12,,Flower,Flower,,,,,hidden,Physical good,,,,,,,,15.00,,N,,,,,,,0,,,,Y
#oligoneuron-rigidum-stiff-leaved-goldenrod--4-5-pot,QACTIXTISSOI2QRSMHM3E433,Oligoneuron rigidum (Stiff leaved Goldenrod),,"4.5"" Pot",,Olirig3,"Blooms tiny, bright yellow flowers on dense flat-topped terminal clusters from late summer to early fall.  Individual flowers are larger than those of other native goldenrods.  Hairy broad-leaved stems. 

Size: Height: 3' - 5' ; Width: 1.5' -2.5'
Light: Sun (Full)
Moisture: Dry, Medium, 

-

Daniel McClosky, CC BY-SA 4.0 , via Wikimedia Commons,  Cephas, CC BY-SA 4.0 , via Wikimedia Commons",Flower,Flower,,,,,visible,Physical good,,,,N,N,N,Y,12.00,,N,,,,,,,99,,,,Y
#oligoneuron-rigidum-stiff-leaved-goldenrod--gallon,R6F3ZXXEZR6RPD4WNCYZ77KA,Oligoneuron rigidum (Stiff leaved Goldenrod),,Gallon,,Olirig9,,Flower,Flower,,,,,visible,Physical good,,,,,,,,17.00,,N,,,,,,,121,,,,Y
#oligoneuron-rigidum-stiff-leaved-goldenrod--true-gallon,NOQFXJKGRGZ6S23AZQBGLY5V,Oligoneuron rigidum (Stiff leaved Goldenrod),,True Gallon,,Olirig12,,Flower,Flower,,,,,visible,Physical good,,,,,,,,19.00,,N,,,,,,,0,,,,Y
#onoclea-sensibilis-sensitive-fern--4-5-pot,YFN47HISB4MKHB5BTSAGPASK,Onoclea sensibilis (Sensitive Fern),,"4.5"" Pot",,Onosen3,"Light green fronds with deep cut lobes are sensitive to first frost in fall. Decorative beaded stalks remain upright in winter. Pale red fiddleheads appear in spring. Rabbit and deer resistant.

Size: Height: 1' - 2' ; Width: 1' -1'
Light: Shade (Full)
Moisture: Medium, Moist,

-

By peganum - https://www.flickr.com/photos/peganum/7163941421/, CC BY-SA 2.0, https://commons.wikimedia.org/w/index.php?curid=27186100
By Krzysztof Ziarnek, Kenraiz - Own work, CC BY-SA 4.0, https://commons.wikimedia.org/w/index.php?curid=78586960
By Krzysztof Ziarnek, Kenraiz - Own work, CC BY-SA 4.0, https://commons.wikimedia.org/w/index.php?curid=78586959",Fern,Fern,,,,,visible,Physical good,,,,N,N,N,Y,13.00,,N,,,,,,,0,,,,Y
#onoclea-sensibilis-sensitive-fern--gallon,FK5CFWR6S2QRJZ5KB5WO532R,Onoclea sensibilis (Sensitive Fern),,Gallon,,Onosen9,,Fern,Fern,,,,,visible,Physical good,,,,,,,,19.00,,N,,,,,,,25,,,,Y
#opuntia-humifusa-virginian-prickly-pear--4-5-pot,6O374ZMLEF74KAMJJLM5RA4S,Opuntia humifusa (Virginian Prickly Pear),,"4.5"" Pot",,Opuhum3,"This plant is the only cactus of the easter US! Bright, stunning, yellow flowers bloom in early summer on this cactus, giving way to edible fruits. Grows in clumps up to 3' across.

Size: Height: 0.5' - 2' ; Width: 3' -3'
Light: Sun (Full)
Moisture: Dry, Medium, 

-

msscacti, CC BY 2.0 , via Wikimedia Commons; 
© Hans Hillewaert; 
Agnieszka Kwiecie?, Nova, CC BY-SA 4.0 , via Wikimedia Commons, Ted Bodner, Southern Weed Science Society, United States, CC BY 3.0 US , via Wikimedia Commons",Flower,Flower,,,,,visible,Physical good,,,,N,N,N,Y,13.00,,N,,,,N,,,118,,,,Y
#opuntia-humifusa-virginian-prickly-pear--gallon,HQ7TRWZTHIGYMJVJ2MC3J265,Opuntia humifusa (Virginian Prickly Pear),,Gallon,,Opuhum9,,Flower,Flower,,,,,visible,Physical good,,,,,,,,19.00,,N,,,,N,,,5,,,,Y
#opuntia-humifusa-virginian-prickly-pear--true-gallon,PDCOSS6N7HGHFXOFABNHAB53,Opuntia humifusa (Virginian Prickly Pear),,True Gallon,,Opuhum12,,Flower,Flower,,,,,visible,Physical good,,,,,,,,21.00,,N,,,,N,,,0,,,,Y
#osmorhiza-claytonii-sweet-cicely--4-5-pot,QKAGBD2E47UAERBH73DUKBIS,Osmorhiza claytonii (Sweet Cicely),,"4.5"" Pot",,Osmcly3,"Perennial wildflower with hairy dark green fernlike leaves and small white flowers.  Attracts butterflies.  Great planting for a woodland garden.

Size: Height: 1' -  2' ; Width: 1' - 2'
Light: Shade (Full)
Moisture: Medium,

-

Jennifer Anderson. United States, IA, Scott Co., Davenport. 2001., Public domain, via Wikimedia Commons,  Cbaile19, CC0, via Wikimedia Commons",Flower,Flower,,,,,hidden,Physical good,,,,N,N,N,Y,9.00,,N,,N,,N,,,0,,,,Y
#osmorhiza-claytonii-sweet-cicely--gallon,5KA5B3KHYLHA43AHH56CIRH7,Osmorhiza claytonii (Sweet Cicely),,Gallon,,Osmcly9,,Flower,Flower,,,,,hidden,Physical good,,,,,,,,15.00,,N,,,,N,,,0,,,,Y
#osmorhiza-claytonii-sweet-cicely--true-gallon,IKUIQSUNPVHC4XFK5RRQ3LCQ,Osmorhiza claytonii (Sweet Cicely),,True Gallon,,Osmcly12,,Flower,Flower,,,,,hidden,Physical good,,,,,,,,17.00,,N,,,,N,,,0,,,,Y
#osmunda-cinnamomea-cinnamon-fern--4-5-pot,4HO4H7UIN56KG2WMKQV6H6QC,Osmunda cinnamomea (Cinnamon Fern),,"4.5"" Pot",,Osmcin3,"Cinnamon colored fibers near the frond bases give this fern its name. With constant moisture, this shade-loving plant can reach larger sizes.

Size: Height: 2' - 3' ; Width: 2' -3'
Light: Shade (Part-Full)
Moisture: Medium, Moist, 

-

Photo by David J. Stang [CC BY-SA (https://creativecommons.org/licenses/by-sa/4.0)], Keisotyo, CC BY-SA 4.0 , via Wikimedia Commons",Fern,Fern,,,,,visible,Physical good,,,,N,N,N,Y,13.00,,N,,,,,,,0,,,,Y
#osmunda-cinnamomea-cinnamon-fern--gallon,KQNR2QUTWUCKVLHMNB6QV3BX,Osmunda cinnamomea (Cinnamon Fern),,Gallon,,Osmcin9,,Fern,Fern,,,,,visible,Physical good,,,,,,,,19.00,,N,,,,,,,2,,,,Y
#osmunda-claytoniana-interrupted-fern--4-5-pot,CBDMACBKARWBSMJQMSSYUEFQ,Osmunda claytoniana (Interrupted Fern),,"4.5"" Pot",,Osmcla3,"Large vase shaped blueish green fern turns golden yellow in the fall. Silvery-white fiddleheads emerge in spring.

Size: Height: 0.5' - 3' ; Width: 3' -3'
Light: Shade (Full)
Moisture: Medium, Moist, 

-

James St. John, CC BY 2.0 , via Wikimedia Commons",Fern,Fern,,,,,hidden,Physical good,,,,N,N,N,Y,13.00,,N,,N,,,,,0,,,,Y
#osmunda-claytoniana-interrupted-fern--gallon,BDZQUYOI6ZW3XBPOQLRC6JCU,Osmunda claytoniana (Interrupted Fern),,Gallon,,Osmcla9,,Fern,Fern,,,,,hidden,Physical good,,,,,,,,17.00,,N,,,,,,,0,,,,Y
#osmunda-spectabilis-royal-fern--4-5-pot,A4Q6NHOHKC7QRF4OIYXJ736E,Osmunda spectabilis (Royal Fern),,"4.5"" Pot",,Osmspe3,"Tall fern that typically occurs in clumps. Broad fronds with well seperated pinnae. Turns yellow in fall. Naturally occurs on moist bluffs and on ledges along streams.

Size: Height: 2' - 5' ; Width: 2' -3'
Light: Shade (Full)
Moisture: Medium, Moist, 

-

Mason Brock (Masebrock), Public domain, via Wikimedia Commons;,  Photo by David J. Stang, CC BY-SA 4.0 , via Wikimedia Commons
R. A. Nonenmacher, CC BY-SA 4.0 , via Wikimedia Commons",Fern,Fern,,,,,visible,Physical good,,,,N,N,N,Y,13.00,,N,,,,N,,,51,,,,Y
#osmunda-spectabilis-royal-fern--gallon,VIEPT562PHMPQ7BGDMWZ2UY6,Osmunda spectabilis (Royal Fern),,Gallon,,Osmspe9,,Fern,Fern,,,,,visible,Physical good,,,,,,,,19.00,,N,,,,N,,,35,,,,Y
#ostrya-virginiana-hop-hornbeam--gallon,THIL3BFA3EYMT7RHS2DJWYYV,Ostrya virginiana (Hop Hornbeam),,Gallon,,Ostvir9,"This tree does well in shade and rocky soils. Male and female catkins grow on the same tree, with the female parts turning into small, hop-like fruits in the fall. Also called ironwood. Tolerates Deer and clay.

Size: Height: 25' - 40' ; Width: 20' -30'
Light: Sun (Part-Full)
Moisture: Medium,

-March 1st- May 1 2026: For sizes valued at $50 or above, a $25 discount can be applied courtesy of the Throwing Shade Virginia program. If you purchase online, this discount will be applied as a refund when you pick up your plants. (see https://rb.gy/lukcmf for details)

By Eric Hunt - Own work, CC BY-SA 3.0, https://commons.wikimedia.org/w/index.php?curid=21999486
By Plant Image Library from Boston, USA - Ostrya virginiana var. virginiana (Eastern Hop Hornbeam) 1226*A, CC BY-SA 2.0, https://commons.wikimedia.org/w/index.php?curid=84938668
By User:BotBln - Own work: User:BotBln, CC BY-SA 3.0, https://commons.wikimedia.org/w/index.php?curid=16889220
Katja Schulz https://www.flickr.com/photos/treegrow/5594457306",Tree,Tree,,,,,visible,Physical good,,,,N,N,N,Y,25.00,,N,,,,N,,,0,,,,Y
#ostrya-virginiana-hop-hornbeam--true-gallon,MPDKATDQVHLHUGH3NFBN362A,Ostrya virginiana (Hop Hornbeam),,True Gallon,,Ostvir12,,Tree,Tree,,,,,visible,Physical good,,,,,,,,30.00,,N,,,,N,,,6,,,,Y
#ostrya-virginiana-hop-hornbeam--2-gallon,KCAZKB6IMKWX4TDXYC6XJ6J7,Ostrya virginiana (Hop Hornbeam),,2 Gallon,,Ostvir15,,Tree,Tree,,,,,visible,Physical good,,,,,,,,55.00,,N,,,,N,,,0,,,,Y
#ostrya-virginiana-hop-hornbeam--3-gallon,3S7HPVO4JTUOGIYBWXYNHDGC,Ostrya virginiana (Hop Hornbeam),,3 Gallon,,Ostvir18,,Tree,Tree,,,,,visible,Physical good,,,,,,,,70.00,,N,,,,N,,,0,,,,Y
#ostrya-virginiana-hop-hornbeam--5-gallon,VBRJPJMDO7UMKN4DXURGMKNZ,Ostrya virginiana (Hop Hornbeam),,5 Gallon,,Ostvir21,,Tree,Tree,,,,,visible,Physical good,,,,,,,,85.00,,N,,,,N,,,0,,,,Y
#oxydendrum-arboreum-sourwood--gallon,3AGB3JWQIPAISMKUTWK2Z75L,Oxydendrum arboreum (Sourwood),,Gallon,,Oxyarb9,"Deciduous, small to medium tree in the blueberry family (Ericaceae).   Prefers peaty, moist, well-drained soils.  Tolerant of shade and dry soils and moderately tolerant of salt. Fragrant, white, urn-shaped flowers bloom on panicles in summer. Fall foliage is red to reddish-purple. 

Size: Height: 20' - 30' ; Width: 10' -15'
Light: Sun (Part-Full)
Moisture: Medium, Moist, 

-March 1st- May 1 2026: For sizes valued at $50 or above, a $25 discount can be applied courtesy of the Throwing Shade Virginia program. If you purchase online, this discount will be applied as a refund when you pick up your plants. (see https://rb.gy/lukcmf for details)

Agnieszka Kwiecie?, Nova, CC BY-SA 4.0 , via Wikimedia Commons,  wlcutler, CC BY-SA 2.0 , via Wikimedia Commons,   DouglasGoldman, CC BY-SA 4.0 , via Wikimedia Commons                                       Photo by David J. Stang, CC BY-SA 4.0 , via Wikimedia Commons",Tree,Tree,,,,,visible,Physical good,,,,N,N,N,Y,22.00,,N,,N,,N,,,0,,,,Y
#oxydendrum-arboreum-sourwood--true-gallon,TBAFXJ3NH4I2HHSDLYWBJPMY,Oxydendrum arboreum (Sourwood),,True Gallon,,Oxyarb12,,Tree,Tree,,,,,visible,Physical good,,,,,,,,25.00,,N,,,,N,,,0,,,,Y
#oxydendrum-arboreum-sourwood--2-gallon,KQS7NCOMPO66X4KQNYGSG6DS,Oxydendrum arboreum (Sourwood),,2 Gallon,,Oxyarb15,,Tree,Tree,,,,,visible,Physical good,,,,,,,,50.00,,N,,,,N,,,0,,,,Y
#oxydendrum-arboreum-sourwood--3-gallon,3BTPWOPL2HIJ7Q4KM4K4HYXW,Oxydendrum arboreum (Sourwood),,3 Gallon,,Oxyarb18,,Tree,Tree,,,,,visible,Physical good,,,,,,,,60.00,,N,,,,N,,,0,,,,Y
#oxydendrum-arboreum-sourwood--5-gallon,4DM53H24EGY2QZ6YMF6FYZPC,Oxydendrum arboreum (Sourwood),,5 Gallon,,Oxyarb21,,Tree,Tree,,,,,visible,Physical good,,,,,,,,70.00,,N,,,,N,,,5,,,,Y
#packera-aurea-golden-ragwort--4-5-pot,BK6CA3CENBVZCPO73KCGLWST,Packera aurea (Golden Ragwort),,"4.5"" Pot",,Pacaur3,"This striking, shade loving ground cover spreads quickly by self-seeding and adds a long spring bloom of bright, yellow daisy-like flowers.

Size: Height: 1' - 2' ; Width: 1' -2'
Light: Shade (Part-Full)
Moisture: Dry, Moist,

-",Flower,Flower,,,,,visible,Physical good,,,,N,N,N,Y,12.00,,N,,,,,,,206,,,,Y
#packera-aurea-golden-ragwort--gallon,JRIYJCRZYKQQJY54N6QTM2U3,Packera aurea (Golden Ragwort),,Gallon,,Pacaur9,,Flower,Flower,,,,,visible,Physical good,,,,,,,,17.00,,N,,,,,,,32,,,,Y
#packera-aurea-golden-ragwort--true-gallon,2MZJCTMQS5NVTKUSXFGT3VAC,Packera aurea (Golden Ragwort),,True Gallon,,Pacaur12,,Flower,Flower,,,,,visible,Physical good,,,,,,,,19.00,,N,,,,,,,0,,,,Y
#packera-obovata-roundleaf-groundsel--4-5-pot,IVW3LLXRRYA4MOSDVSA57KAF,Packera obovata (Roundleaf Groundsel),,"4.5"" Pot",,Pacobo3,"Blooms long lasting yellow daisy-like flowers from spring to early summer. Flowers atop sparsely leaved stem that rises from basal clump of serrate, rounded leaves that taper at the end. Attracts butterflies.

Size: Height: 1' - 1.5' ; Width: 0.5' -1'
Light: Sun (Part-Full)
Moisture: Dry, Moist, 

-

SB_Johnny | PA!, CC BY-SA 4.0 , via Wikimedia Commons, sonnia hill, CC BY 2.0 , via Wikimedia Commons",Flower,Flower,,,,,hidden,Physical good,,,,N,N,N,Y,12.00,,N,,,,,,,0,,,,Y
#packera-obovata-roundleaf-groundsel--gallon,OT4LZKSVIRWDYJ7R5UEPB7PB,Packera obovata (Roundleaf Groundsel),,Gallon,,Pacobo9,,Flower,Flower,,,,,hidden,Physical good,,,,,,,,17.00,,N,,,,,,,0,,,,Y
#packera-obovata-roundleaf-groundsel--true-gallon,4U5UTOLEBIKOSSSICKXO7C6H,Packera obovata (Roundleaf Groundsel),,True Gallon,,Pacobo12,,Flower,Flower,,,,,hidden,Physical good,,,,,,,,19.00,,N,,,,,,,0,,,,Y
#panicum-virgatum-switchgrass--3-5-pot,RCOTXXPYB2IMZLMRQWMLEAFT,Panicum virgatum (Switchgrass),,"3.5"" Pot",,Panvir2,"Clump grass topped with pink-tinged flower panicles that rise over the grass and are a source of food for birds in the winter. Drought and flood tolerant.

Size: Height: 3' - 6' ; Width: 2' -3'
Light: Sun (Part-Full)
Moisture: Moist, 

-

Photo by David J. Stang [CC BY-SA (https://creativecommons.org/licenses/by-sa/4.0)]\, Photo by David J. Stang, CC BY-SA 4.0 , via Wikimedia Commons",Grass,Grass,,,,,visible,Physical good,,,,N,N,N,Y,8.00,,N,,N,,,,,27,,,,Y
#panicum-virgatum-switchgrass--4-5-pot,ZNNLZHLYW4GGAATXJVEOJDUX,Panicum virgatum (Switchgrass),,"4.5"" Pot",,Panvir3,,Grass,Grass,,,,,visible,Physical good,,,,,,,,9.00,,N,,,,,,,0,,,,Y
#panicum-virgatum-switchgrass--gallon,3E5JF6VQ5547ONKH62MW6EAE,Panicum virgatum (Switchgrass),,Gallon,,Panvir9,,Grass,Grass,,,,,visible,Physical good,,,,,,,,13.00,,N,,,,,,,37,,,,Y
#parathelypteris-noveboracensis-new-york-fern--4-5-pot,W2PKQHK46FI7ARHBNSYEMT25,Parathelypteris noveboracensis (New York Fern),,"4.5"" Pot",,Parnov3,"Clumps usually have 3 or more fronds. Wispy texture due to double cut pinnae. Brown at the base, green once it reaches leaflets. Can form spreading colonies with black trailing rhizomes. Common in woodlands and wetlands.

Size: Height: 1' - 2' ; Width: 1' -2'
Light: Shade (Full)
Moisture: Medium, Moist, 

-

Wasp32, CC BY-SA 4.0 , via Wikimedia Commons, Laval University, CC BY-SA 4.0 , via Wikimedia Commons",Fern,Fern,,,,,visible,Physical good,,,,N,N,N,Y,13.00,,N,,,,,,,0,,,,Y
#parathelypteris-noveboracensis-new-york-fern--gallon,CVSARO6CQ2SPKE3SDI3GSCPW,Parathelypteris noveboracensis (New York Fern),,Gallon,,Parnov9,,Fern,Fern,,,,,visible,Physical good,,,,,,,,19.00,,N,,,,,,,12,,,,Y
#parthenium-integrifolium-wild-quinine--4-5-pot,4QX6DS7BGPMHQ7H6EJ3HREWG,Parthenium integrifolium (Wild Quinine),,"4.5"" Pot",,Parint3,"Clump forming perennial naturally found in dry soils of prairies, glades and rocky woods. Bloom white wolly looking flowers from May to August. Rough fragrant leaves with toothed margins.

Size: Height: 2' - 4' ; Width: 1' -2'
Light: Sun (Full)
Moisture: Dry, Medium,

-",Flower,Flower,,,,,visible,Physical good,,,,N,N,N,Y,12.00,,N,,,,,,,27,,,,Y
#parthenium-integrifolium-wild-quinine--gallon,R4FSYXXZRFYC4G5CVGIBIRWH,Parthenium integrifolium (Wild Quinine),,Gallon,,Parint9,,Flower,Flower,,,,,visible,Physical good,,,,,,,,17.00,,N,,,,,,,3,,,,Y
#parthenium-integrifolium-wild-quinine--true-gallon,WMPQGT7GA7AMM7LJEMKVGC6L,Parthenium integrifolium (Wild Quinine),,True Gallon,,Parint12,,Flower,Flower,,,,,visible,Physical good,,,,,,,,19.00,,N,,,,,,,0,,,,Y
#passiflora-incarnata-purple-passion-flower--4-5-pot,HU7QSCBYMA5NV6PV2CX4RS4G,Passiflora incarnata (Purple Passion Flower),,"4.5"" Pot",,Pasinc3,"Fast growing climbing vine blooms fragrant showy flowers in the summer. Roots appreciate loose mulch and spread by root suckers. Edible fruit appears in July and mature in Fall where it can be eaten off vine or made into jelly. Drought tolerant.

Size: Height: 6' - 8' ; Width: 3' -6'
Light: Sun (Part-Full)
Moisture: Medium,

-

By PumpkinSky - Own work, CC BY-SA 4.0, https://commons.wikimedia.org/w/index.php?curid=60639478",Vine,Vine,,,,,visible,Physical good,,,,N,N,N,Y,15.00,,N,,,,,,,0,,,,Y
#passiflora-incarnata-purple-passion-flower--gallon,I43KT63S4CUYVMQ3BFJKVSXO,Passiflora incarnata (Purple Passion Flower),,Gallon,,Pasinc9,,Vine,Vine,,,,,visible,Physical good,,,,,,,,22.00,,N,,,,,,,7,,,,Y
#passiflora-incarnata-purple-passion-flower--2-gallon,W6SCRIRAJDCKHSEEVE4PHVOA,Passiflora incarnata (Purple Passion Flower),,2 Gallon,,Pasinc15,,Vine,Vine,,,,,visible,Physical good,,,,,,,,37.00,,N,,,,,,,0,,,,Y
#pedicularis-canadensis-wood-betony--4-5-pot,V2FD2AVJPLDTNN6H3QONDWGL,Pedicularis canadensis (Wood Betony),,"4.5"" Pot",,Pedcan3,"Herbaceous perennial with fern like leaves and silvery hairs.  Blooms bright yellow and red flower clusters on a singular stalk.  Attracts bumblebees.

Size: Height: 1' - 2' ; Width: 1' -2'
Light: Sun (Part-Full)
Moisture: Dry, Medium, 

-

DouglasGoldman, CC BY-SA 4.0 , via Wikimedia Commons,  Doug McGrady from Warwick, RI, USA, CC BY 2.0 , via Wikimedia Commons",Flower,Flower,,,,,hidden,Physical good,,,,N,N,N,Y,15.00,,N,,N,,N,,,0,,,,Y
#pedicularis-canadensis-wood-betony--gallon,4UQSWFIWM7AKHQB6SYVAAGCK,Pedicularis canadensis (Wood Betony),,Gallon,,Pedcan9,,Flower,Flower,,,,,hidden,Physical good,,,,,,,,21.00,,N,,,,N,,,0,,,,Y
#pedicularis-canadensis-wood-betony--true-gallon,3YQBUAXZQJTNEOPCFTV76ATF,Pedicularis canadensis (Wood Betony),,True Gallon,,Pedcan12,,Flower,Flower,,,,,hidden,Physical good,,,,,,,,23.00,,N,,,,N,,,0,,,,Y
#penstemon-digitalis-foxglove-white-beardtongue--4-5-pot,JBVPXCABYGR2KHLMPAGZ3ECT,Penstemon digitalis (Foxglove White Beardtongue),,"4.5"" Pot",,Pendig3,"White flowers adorn tall, woody stalks on this lovely addition to forest edges or clearings. 

Size: Height: 2' - 4' ; Width: 1' -2'
Light: Sun (Part-Full)
Moisture: Medium, 

-

Eric Hunt, CC BY-SA 4.0 , via Wikimedia Commons",Flower,Flower,,,,,hidden,Physical good,,,,N,N,N,Y,12.00,,N,,,,N,,,0,,,,Y
#penstemon-digitalis-foxglove-white-beardtongue--gallon,6W73FAG2FYLC4ZM6LPC6S2CM,Penstemon digitalis (Foxglove White Beardtongue),,Gallon,,Pendig9,,Flower,Flower,,,,,hidden,Physical good,,,,,,,,17.00,,N,,,,N,,,0,,,,Y
#penstemon-digitalis-foxglove-white-beardtongue--true-gallon,2Y6OEZBOOUZRQPWPCW4KW3W4,Penstemon digitalis (Foxglove White Beardtongue),,True Gallon,,Pendig12,,Flower,Flower,,,,,hidden,Physical good,,,,,,,,19.00,,N,,,,N,,,0,,,,Y
#penstemon-hirsutus-hairy-beardtongue--4-5-pot,DE7W4FBXZZP54H7GDSA4Y4OD,Penstemon hirsutus (Hairy Beardtongue),,"4.5"" Pot",,Penhir3,"Lovely trumpet-shaped, lavender flowers that bloom late May through June attract a variety of pollinators. Deer resistant!

Size: Height: 1' - 2' ; Width: 1' -1'
Light: Sun (Part-Full)
Moisture: Medium, 

-

Agnieszka Kwiecie?, Nova, CC BY-SA 4.0 , via Wikimedia Commons",Flower,Flower,,,,,visible,Physical good,,,,N,N,N,Y,12.00,,N,,N,,N,,,135,,,,Y
#penstemon-hirsutus-hairy-beardtongue--gallon,DOQPPP6YWUWZPJTRCMAHNPBE,Penstemon hirsutus (Hairy Beardtongue),,Gallon,,Penhir9,,Flower,Flower,,,,,visible,Physical good,,,,,,,,17.00,,N,,,,N,,,6,,,,Y
#penstemon-hirsutus-hairy-beardtongue--true-gallon,U5NFPIJLOSD7QBFO3JF4D7HH,Penstemon hirsutus (Hairy Beardtongue),,True Gallon,,Penhir12,,Flower,Flower,,,,,visible,Physical good,,,,,,,,19.00,,N,,,,N,,,0,,,,Y
#penstemon-laevigatus-eastern-smooth-beardtongue--4-5-pot,A5PH3EOSV6DTPX4LOEQDH4BN,Penstemon laevigatus (Eastern Smooth Beardtongue),,"4.5"" Pot",,Penlae3,"Erect herbaceous perennial with a large basal rosette and panicle of tubular purple flowers. Prefers wetter soils compared to other penstemon species.  Attracts bees butterflies and hummingbirds.

Size: Height: 1' - 4' ; Width: 2' - 3'
Light: Sun (Part-Full)
Moisture: Dry, Medium, 

-

Becky Dillhttps://www.inaturalist.org/people/gillydilly, CC0, via Wikimedia Commons, Michael Wolf, Penig, CC BY-SA 3.0 , via Wikimedia Commons",Flower,Flower,,,,,visible,Physical good,,,,N,N,N,Y,12.00,,N,,N,,N,,,164,,,,Y
#penstemon-laevigatus-eastern-smooth-beardtongue--gallon,SOMKIHCARIDCG2S7KEBOWX4R,Penstemon laevigatus (Eastern Smooth Beardtongue),,Gallon,,Penlae9,,Flower,Flower,,,,,visible,Physical good,,,,,,,,17.00,,N,,,,N,,,53,,,,Y
#penstemon-laevigatus-eastern-smooth-beardtongue--true-gallon,FFM2PXTRIWXFQQ5HMBECBGBR,Penstemon laevigatus (Eastern Smooth Beardtongue),,True Gallon,,Penlae12,,Flower,Flower,,,,,visible,Physical good,,,,,,,,19.00,,N,,,,N,,,0,,,,Y
#penstemon-pallidus-pale-beardtongue--4-5-pot,XUY7NGNLI7HEW6LAWKYGE6GI,Penstemon pallidus (Pale Beardtongue),,"4.5"" Pot",,Penpal3,"Earlier blooming penstemon covered with soft white hairs.  Blooms tubular light purple flowers.  Attracts native bees. Drought and deer resistant.

Size: Height: 1' - 2' ; Width: 0.5' -1'
Light: Sun (Part-Full)
Moisture: Dry, Medium, 

-

https://www.inaturalist.org/people/supertiger, CC BY 4.0 , via Wikimedia Commons,  Francis Groeters, CC BY-SA 4.0 , via Wikimedia Commons",Flower,Flower,,,,,visible,Physical good,,,,N,N,N,Y,12.00,,N,,N,,N,,,41,,,,Y
#penstemon-pallidus-pale-beardtongue--gallon,PNVQQ4WMSNU73HAW5XHYIV2Q,Penstemon pallidus (Pale Beardtongue),,Gallon,,Penpal9,,Flower,Flower,,,,,visible,Physical good,,,,,,,,17.00,,N,,,,N,,,0,,,,Y
#penstemon-pallidus-pale-beardtongue--true-gallon,63U4LSVMGP4AH3KW2TXI36RY,Penstemon pallidus (Pale Beardtongue),,True Gallon,,Penpal12,,Flower,Flower,,,,,visible,Physical good,,,,,,,,19.00,,N,,,,N,,,0,,,,Y
#phlox-divaricata-wild-blue-phlox--4-5-pot,CLVWQEOVNEXI56GB6YJJAKJR,Phlox divaricata (Wild Blue Phlox),,"4.5"" Pot",,Phldiv3,"This spreading wildflower can form mats, thriving in woodland shade. Groups of star shaped flowers bloom in spring, creating striking carpets of color.

Size: Height: 1' - 1.5' ; Width: 1' -2'
Light: Shade (Full)
Moisture: Medium,

-

Photo by and (c)2007 Derek Ramsey (Ram-Man), CC BY-SA 2.5 , via Wikimedia Commons, Cbaile19, CC0, via Wikimedia Commons
CC BY-SA 3.0, https://commons.wikimedia.org/w/index.php?curid=192105",Flower,Flower,,,,,visible,Physical good,,,,N,N,N,Y,12.00,,N,,,,N,,,3,,,,Y
#phlox-divaricata-wild-blue-phlox--gallon,BF2H3EZNRNZ4TP7MFS6YBYJL,Phlox divaricata (Wild Blue Phlox),,Gallon,,Phldiv9,,Flower,Flower,,,,,visible,Physical good,,,,,,,,17.00,,N,,,,N,,,0,,,,Y
#phlox-divaricata-wild-blue-phlox--true-gallon,JZPDZ63GMTQTXVZZHHQ4EXS2,Phlox divaricata (Wild Blue Phlox),,True Gallon,,Phldiv12,,Flower,Flower,,,,,visible,Physical good,,,,,,,,19.00,,N,,,,N,,,0,,,,Y
#phlox-maculata-wild-sweet-william--4-5-pot,SBGXPTG344P32L6SN4O7PQ2A,Phlox maculata (Wild Sweet William),,"4.5"" Pot",,Phlmac3,"Upright flower with fragrant, pink, star-shaped flowers that attract hummingbirds and bloom in the summer. Prefers good air circulation and moist soils. Deer resistant.

Size: Height: 2' - 3' ; Width: 1' -2'
Light: Sun (Part-Full)
Moisture: Medium, Moist,

-

Robert H. Mohlenbrock. USDA NRCS. 1995. Northeast wetland flora: Field office guide to plant species. Northeast National Technical Center, Chester. Courtesy of USDA NRCS Wetland Science Institute. -",Flower,Flower,,,,,visible,Physical good,,,,N,N,N,Y,12.00,,N,,,,,,,41,,,,Y
#phlox-maculata-wild-sweet-william--gallon,43LGUFH3SUGZCIFMNVG6DVVE,Phlox maculata (Wild Sweet William),,Gallon,,Phlmac9,,Flower,Flower,,,,,visible,Physical good,,,,,,,,17.00,,N,,,,,,,0,,,,Y
#phlox-maculata-wild-sweet-william--true-gallon,7LPVGGNUBK3FQWNFMATN6LLV,Phlox maculata (Wild Sweet William),,True Gallon,,Phlmac12,,Flower,Flower,,,,,visible,Physical good,,,,,,,,19.00,,N,,,,,,,0,,,,Y
#phlox-paniculata-garden-phlox--4-5-pot,FOUZJT3PC3U3PXJSV4CXCI6D,Phlox paniculata (Garden Phlox),,"4.5"" Pot",,Phlpan3,"This taller phlox produces fragrant, pink-purple blooms in late summer that attract butterflies and hummingbirds. Deer, clay tolerant

Size: Height: 2' - 4' ; Width: 2' -3'
Light: Sun (Part-Full)
Moisture: Medium,

-

Photo by David J. Stang, CC BY-SA 4.0 , via Wikimedia Commons, Cbaile19, CC0, via Wikimedia Commons",Flower,Flower,,,,,hidden,Physical good,,,,N,N,N,Y,12.00,,N,,N,,N,,,0,,,,Y
#phlox-paniculata-garden-phlox--gallon,O2JUZZHLPG7LL5TS4I7XKQUO,Phlox paniculata (Garden Phlox),,Gallon,,Phlpan9,,Flower,Flower,,,,,hidden,Physical good,,,,,,,,17.00,,N,,,,N,,,0,,,,Y
#phlox-paniculata-garden-phlox--true-gallon,OI6ILSCMSRQZZDRTS5LUQ45A,Phlox paniculata (Garden Phlox),,True Gallon,,Phlpan12,,Flower,Flower,,,,,hidden,Physical good,,,,,,,,19.00,,N,,,,N,,,0,,,,Y
#phlox-stolonifera-creeping-phlox--4-5-pot,5RSJ6NE37YVN4XFCBOY5W7YL,Phlox stolonifera (Creeping Phlox),,"4.5"" Pot",,Phlsto3,"Fragrant, tubular, lavender flowers emerge in spring. Can spread to form colonies in good conditions, making this an excellent ground cover. Drought, deer tolerant.

Size: Height: 0.5' - 1' ; Width: 1' -1'
Light: Sun (Part-Full)
Moisture: Medium, 

-

Photo by David J. Stang, CC BY-SA 4.0 , via Wikimedia Commons, Photo by and (c)2007 Derek Ramsey (Ram-Man), GFDL 1.2 , via Wikimedia Commons
Jerzy Opio?a, CC BY-SA 4.0 , via Wikimedia Commons",Flower,Flower,,,,,hidden,Physical good,,,,N,N,N,Y,12.00,,N,,,,,,,0,,,,Y
#phlox-stolonifera-creeping-phlox--gallon,532ZS6KIY6QDPRZSJ3EXFFM6,Phlox stolonifera (Creeping Phlox),,Gallon,,Phlsto9,,Flower,Flower,,,,,hidden,Physical good,,,,,,,,17.00,,N,,,,,,,0,,,,Y
#phlox-stolonifera-creeping-phlox--true-gallon,PIFW2MCELNY7A3BA2DV72ET2,Phlox stolonifera (Creeping Phlox),,True Gallon,,Phlsto12,,Flower,Flower,,,,,hidden,Physical good,,,,,,,,19.00,,N,,,,,,,0,,,,Y
#physocarpus-opulifolius-ninebark--gallon,EPAK4UEMIJFUXMZ4WMBU2Q2S,Physocarpus opulifolius (Ninebark),,Gallon,,Phyopu9,"Upright deciduous shrub with rough bark that peels in strips, revealing reddish to brown layers of inner bark. Small white flowers appear in late spring and red fuit after. Grows in harsh conditions.

Size: Height: 5' - 8' ; Width: 4' -6'
Light: Sun (Part-Full)
Moisture: Dry, Moist, 

-March 1st- May 1 2026: For sizes valued at $50 or above, a $25 discount can be applied courtesy of the Throwing Shade Virginia program. If you purchase online, this discount will be applied as a refund when you pick up your plants. (see https://rb.gy/lukcmf for details)

Jean-Pol GRANDMONT, CC BY-SA 3.0 , via Wikimedia Commons, Abraham, CC BY 4.0 , via Wikimedia Commons
James H. Miller & Ted Bodner, Southern Weed Science Society, Bugwood.org, CC BY 3.0 US , via Wikimedia Commons",Shrub,Shrub,,,,,visible,Physical good,,,,N,N,N,Y,22.00,,N,,,,,,,0,,,,Y
#physocarpus-opulifolius-ninebark--true-gallon,T66SNJFGAX6JMMCWFK7CWFPH,Physocarpus opulifolius (Ninebark),,True Gallon,,Phyopu12,,Shrub,Shrub,,,,,visible,Physical good,,,,,,,,25.00,,N,,,,,,,0,,,,Y
#physocarpus-opulifolius-ninebark--2-gallon,H3GZTG6TUEUMVCP4JKZVAFZH,Physocarpus opulifolius (Ninebark),,2 Gallon,,Phyopu15,,Shrub,Shrub,,,,,visible,Physical good,,,,,,,,37.00,,N,,,,,,,9,,,,Y
#physocarpus-opulifolius-ninebark--3-gallon,7U7MROT7GMG4HFH2AHGUTCSU,Physocarpus opulifolius (Ninebark),,3 Gallon,,Phyopu18,,Shrub,Shrub,,,,,visible,Physical good,,,,,,,,50.00,,N,,,,,,,0,,,,Y
#physocarpus-opulifolius-ninebark--5-gallon,EBGUXLPSI6ALHP4Z47LHMDRW,Physocarpus opulifolius (Ninebark),,5 Gallon,,Phyopu21,,Shrub,Shrub,,,,,visible,Physical good,,,,,,,,60.00,,N,,,,,,,0,,,,Y
#physostegia-virginiana-obedient-plant--4-5-pot,M5Z4XB2HIYL56VHRKGN5XINH,Physostegia virginiana (Obedient Plant),,"4.5"" Pot",,Phyvir3,"Tubular, two-lipped pale-purple flower spikes bloom through summer and attract hummingbirds. Each individual flower will temporarily be pushed into a new position! Tolerates Deer and Clay Soil.

Size: Height: 3' - 4' ; Width: 2' -3'
Light: Sun (Part-Full)
Moisture: Moist, Standing Water,

-",Flower,Flower,,,,,visible,Physical good,,,,N,N,N,Y,12.00,,N,,,,N,,,85,,,,Y
#physostegia-virginiana-obedient-plant--gallon,M3RWK2X7NQJ5GSHI37MYTRPT,Physostegia virginiana (Obedient Plant),,Gallon,,Phyvir9,,Flower,Flower,,,,,visible,Physical good,,,,,,,,17.00,,N,,,,N,,,118,,,,Y
#physostegia-virginiana-obedient-plant--true-gallon,6XF7AAWZSAVBN4TRYKFDJ4KP,Physostegia virginiana (Obedient Plant),,True Gallon,,Phyvir12,,Flower,Flower,,,,,visible,Physical good,,,,,,,,19.00,,N,,,,N,,,0,,,,Y
#pinus-echinata-shortleaf-pine--gallon,LRS6GATPIUWG5FMTPMIWT4AH,Pinus echinata (Shortleaf Pine),,Gallon,,Pinech9,"Quick growing evergreen with blue-green needles. Supports a variety of birds, small mammals, and insects. Provides cover during Winter.

Size: Height: 50' - 100' ; Width: 20' -35'
Light: Sun (Part-Full)
Moisture: Dry, Medium,

-

John B., CC BY-SA 4.0, https://commons.wikimedia.org/wiki/File:Pinus_echinata_conelet_and_leaves.jpg",,,,,,,hidden,Physical good,,,,N,,N,Y,22.00,,N,,,,,,,0,,,,Y
#pinus-echinata-shortleaf-pine--true-gallon,PNZMEUKPRHOPZY54FD24EWU2,Pinus echinata (Shortleaf Pine),,True Gallon,,Pinech12,,,,,,,,hidden,Physical good,,,,,,,,25.00,,N,,,,,,,0,,,,Y
#pinus-echinata-shortleaf-pine--2-gallon,XRVPNJKS6IEIGASRPARI2WA7,Pinus echinata (Shortleaf Pine),,2 Gallon,,Pinech15,,,,,,,,hidden,Physical good,,,,,,,,50.00,,N,,,,,,,0,,,,Y
#pinus-echinata-shortleaf-pine--3-gallon,PSI7TZDVBWUVBYIV7KKWKFOZ,Pinus echinata (Shortleaf Pine),,3 Gallon,,Pinech18,,,,,,,,hidden,Physical good,,,,,,,,60.00,,N,,,,,,,0,,,,Y
#pinus-echinata-shortleaf-pine--5-gallon,ZYHG2UASW6WEGEO7GLMPM5RG,Pinus echinata (Shortleaf Pine),,5 Gallon,,Pinech21,,,,,,,,hidden,Physical good,,,,,,,,70.00,,N,,,,,,,0,,,,Y
#pinus-palustris-longleaf-pine--gallon,TKBUH3523T4V4X5NZBQTMJWV,Pinus palustris (Longleaf Pine),,Gallon,,Pinpal9,"Scaly orange-brown bark with long, 18"" needles and 10"" long cones. The tree stays small for the first 5 years of life while it establishes roots, then grows quickly.

Size: Height: 60' - 80' ; Width: 30' -40'
Light: Sun (Part-Full)
Moisture: Medium,

-March 1st- May 1 2026: For sizes valued at $50 or above, a $25 discount can be applied courtesy of the Throwing Shade Virginia program. If you purchase online, this discount will be applied as a refund when you pick up your plants. (see https://rb.gy/lukcmf for details)",Tree,Tree,,,,,hidden,Physical good,,,,N,N,N,Y,22.00,,N,,,,,,,0,,,,Y
#pinus-palustris-longleaf-pine--true-gallon,3777FARQB2P2UENWPCXAM7TP,Pinus palustris (Longleaf Pine),,True Gallon,,Pinpal12,,Tree,Tree,,,,,hidden,Physical good,,,,,,,,25.00,,N,,,,,,,0,,,,Y
#pinus-palustris-longleaf-pine--2-gallon,X4ITD2PSKBBJ4D6ED42UB5BF,Pinus palustris (Longleaf Pine),,2 Gallon,,Pinpal15,,Tree,Tree,,,,,hidden,Physical good,,,,,,,,50.00,,N,,,,,,,0,,,,Y
#pinus-palustris-longleaf-pine--3-gallon,LV6X5J5EERY5OG7QSL2GBMCT,Pinus palustris (Longleaf Pine),,3 Gallon,,Pinpal18,,Tree,Tree,,,,,hidden,Physical good,,,,,,,,60.00,,N,,,,,,,0,,,,Y
#pinus-palustris-longleaf-pine--5-gallon,NHVGWTXXLYAYTBH44CWU47KQ,Pinus palustris (Longleaf Pine),,5 Gallon,,Pinpal21,,Tree,Tree,,,,,hidden,Physical good,,,,,,,,70.00,,N,,,,,,,0,,,,Y
#pinus-strobus-eastern-white-pine--gallon,BSGTIHNY6D2WQXZFG3IHTTIQ,Pinus strobus (Eastern White Pine),,Gallon,,Pinstr9,"This pine is an attractive oramental landscape tree with bluish-green needles and cylindrical brown cones. Attractive to wildlife. Deer resistant.

Size: Height: 50' - 80' ; Width: 20' -40'
Light: Sun (Full)
Moisture: Medium, 

-March 1st- May 1 2026: For sizes valued at $50 or above, a $25 discount can be applied courtesy of the Throwing Shade Virginia program. If you purchase online, this discount will be applied as a refund when you pick up your plants. (see https://rb.gy/lukcmf for details)

By Photo by David J. Stang - source: David Stang. First published at ZipcodeZoo.com, CC BY-SA 4.0, https://commons.wikimedia.org/w/index.php?curid=60856483, 
By sciondriver at Flickr - Flickr, CC BY 2.0, https://commons.wikimedia.org/w/index.php?curid=6320557
By Ryan Hodnett - Own work, CC BY-SA 4.0, https://commons.wikimedia.org/w/index.php?curid=97385362                Ryan Hodnett, CC BY-SA 4.0 , via Wikimedia Commons",Tree,Tree,,,,,hidden,Physical good,,,,N,N,N,Y,22.00,,N,,,,N,,,0,,,,Y
#pinus-strobus-eastern-white-pine--true-gallon,4WBMJ4GXIDS4JF4BHGNM6WX6,Pinus strobus (Eastern White Pine),,True Gallon,,Pinstr12,,Tree,Tree,,,,,hidden,Physical good,,,,,,,,25.00,,N,,,,N,,,0,,,,Y
#pinus-strobus-eastern-white-pine--2-gallon,LPOOCSZD2BYCZNFYN53CEUUL,Pinus strobus (Eastern White Pine),,2 Gallon,,Pinstr15,,Tree,Tree,,,,,hidden,Physical good,,,,,,,,50.00,,N,,,,N,,,0,,,,Y
#pinus-strobus-eastern-white-pine--3-gallon,4XYRPD54YIPIJ6L2FIUY6F3O,Pinus strobus (Eastern White Pine),,3 Gallon,,Pinstr18,,Tree,Tree,,,,,hidden,Physical good,,,,,,,,60.00,,N,,,,N,,,0,,,,Y
#pinus-strobus-eastern-white-pine--5-gallon,YZPL3BS3DAVPJVMPEQKAS2RN,Pinus strobus (Eastern White Pine),,5 Gallon,,Pinstr21,,Tree,Tree,,,,,hidden,Physical good,,,,,,,,70.00,,N,,,,N,,,0,,,,Y
#pinus-taeda-loblolly-pine--gallon,VEI6PWTMBELF3MR2DC4EWNGC,Pinus taeda (Loblolly Pine),,Gallon,,Pintae9,"Needled evergreen. Somewhat pyramidal shaped at youth, develops a dense oval crown at maturity as it loses its lower branches. Bark made up of thick flaky plates that are chocolate colored underneath. Produce, red-yellow male cones and yellow -purple female cones in spring.

Size: Height: 60' - 90' ; Width: 20' -40'
Light: Sun (Full)
Moisture: Medium,

-March 1st- May 1 2026: For sizes valued at $50 or above, a $25 discount can be applied courtesy of the Throwing Shade Virginia program. If you purchase online, this discount will be applied as a refund when you pick up your plants. (see https://rb.gy/lukcmf for details)

Dcrjsr, CC BY 3.0 , via Wikimedia Commons
Dcrjsr, CC BY 3.0 , via Wikimedia Commons
Photo by David J. Stang, CC BY-SA 4.0 , via Wikimedia Commons",Tree,Tree,,,,,hidden,Physical good,,,,N,N,N,Y,22.00,,N,,,,,,,0,,,,Y
#pinus-taeda-loblolly-pine--true-gallon,EA7ZIOPMEXBVRAFO3CRDHDXN,Pinus taeda (Loblolly Pine),,True Gallon,,Pintae12,,Tree,Tree,,,,,hidden,Physical good,,,,,,,,25.00,,N,,,,,,,0,,,,Y
#pinus-taeda-loblolly-pine--2-gallon,KGF4Y3P3ERWU6Y2NGLPDLS57,Pinus taeda (Loblolly Pine),,2 Gallon,,Pintae15,,Tree,Tree,,,,,hidden,Physical good,,,,,,,,50.00,,N,,,,,,,0,,,,Y
#pinus-taeda-loblolly-pine--3-gallon,45PQIAJGNZ3CMNIZ3OKUI62M,Pinus taeda (Loblolly Pine),,3 Gallon,,Pintae18,,Tree,Tree,,,,,hidden,Physical good,,,,,,,,60.00,,N,,,,,,,0,,,,Y
#pinus-taeda-loblolly-pine--5-gallon,P6MFDMGSFNJ52FY4YBRKVRDC,Pinus taeda (Loblolly Pine),,5 Gallon,,Pintae21,,Tree,Tree,,,,,hidden,Physical good,,,,,,,,70.00,,N,,,,,,,0,,,,Y
#pinus-virginiana-virginia-pine--gallon,LQHMCKQI7PN7LET66U27TF7J,Pinus virginiana (Virginia Pine),,Gallon,,Pinvir9,"This needled evergreen is known for it's golden winter foliage. Seeds are a good food source for birds.

Size: Height: 15' - 30' ; Width: 10' -20'
Light: Sun (Full)
Moisture: Medium, 

-March 1st- May 1 2026: For sizes valued at $50 or above, a $25 discount can be applied courtesy of the Throwing Shade Virginia program. If you purchase online, this discount will be applied as a refund when you pick up your plants. (see https://rb.gy/lukcmf for details)

By TheSussman (Mike) from Georgia, USA - Panola Mountain State Park, CC BY 2.0, https://commons.wikimedia.org/w/index.php?curid=8983653
By Photo by David J. Stang - source: David Stang. First published at ZipcodeZoo.com, CC BY-SA 4.0, https://commons.wikimedia.org/w/index.php?curid=60781339
By Joshua Davis (jdavis.info) on Flickr - Flickr, CC BY-SA 2.0, https://commons.wikimedia.org/w/index.php?curid=6345603                   Famartin, CC BY-SA 3.0 , via Wikimedia Commons",Tree,Tree,,,,,hidden,Physical good,,,,N,N,N,Y,22.00,,N,,,,,,,0,,,,Y
#pinus-virginiana-virginia-pine--true-gallon,LTYWP5RUPIWV2QUZLFNOC36S,Pinus virginiana (Virginia Pine),,True Gallon,,Pinvir12,,Tree,Tree,,,,,hidden,Physical good,,,,,,,,25.00,,N,,,,,,,0,,,,Y
#pinus-virginiana-virginia-pine--2-gallon,KIPV74RCMIXXBLFK5MOQGEQR,Pinus virginiana (Virginia Pine),,2 Gallon,,Pinvir15,,Tree,Tree,,,,,hidden,Physical good,,,,,,,,50.00,,N,,,,,,,0,,,,Y
#pinus-virginiana-virginia-pine--3-gallon,ZKO2PQRKBZBZ6W36YYS3JNKM,Pinus virginiana (Virginia Pine),,3 Gallon,,Pinvir18,,Tree,Tree,,,,,hidden,Physical good,,,,,,,,60.00,,N,,,,,,,0,,,,Y
#pinus-virginiana-virginia-pine--5-gallon,5QUQEWABNAIVLB66UP7RDQ5S,Pinus virginiana (Virginia Pine),,5 Gallon,,Pinvir21,,Tree,Tree,,,,,hidden,Physical good,,,,,,,,70.00,,N,,,,,,,0,,,,Y
#plant-ridge-valley-natives-gardening-guide-book,IZAPWXUFRKDECRTC5T7OB5AY,Plant Ridge & Valley Natives Gardening Guide,,Book,,Book97,"The Plant Ridge & Valley Natives campaign includes the following 11 counties (from north to south): Frederick, Clarke, Warren, Shenandoah, Page, Rockingham, Augusta, Highland, Bath, Rockbridge, and Alleghany. We also include the cities of Winchester, Harrisonburg, Staunton, Waynesboro, Lexington, Buena Vista, and Covington.

In May 2023, we published the first edition of Plant Ridge & Valley Natives: A Gardeners Guide to Virginias Ridge & Valley Native Plants. This full-color, spiral-bound book contains 144 pages of beautiful native plants suitable to using in a home garden or commercial landscape to provide not only beauty, but also high ecological value for our local ecosystems. The Guide includes six garden designs created specifically for us by ecologist Iara Lacher and garden designer Anne Elise Lintelman.

A second and expanded edition has recently been published. Enlarged to 172 pages, the revised Guide includes an index and glossary, as well as plant lists for gardening challenges such as deer, black walnut, and drought. We have added to the species lists of wildflowers, shrubs, trees, and vines.

Size:
Light:
Moisture:

-",,,,,,,visible,Physical good,,,,Y,,N,Y,20.00,,N,,,,,,,30,,,,Y
#platanus-occidentalis-sycamore--gallon,AELINDWI24ZQU3AO47EQNLOA,Platanus occidentalis (Sycamore),,Gallon,,Plaocc9,"Massive, eastern tree does well in wet soils near streams and floodplains. Dry, mottled white bark is striking and beautiful.

Size: Height: 75' - 100' ; Width: 75' -100'
Light: Sun (Full)
Moisture: Medium, Moist, 

-March 1st- May 1 2026: For sizes valued at $50 or above, a $25 discount can be applied courtesy of the Throwing Shade Virginia program. If you purchase online, this discount will be applied as a refund when you pick up your plants. (see https://rb.gy/lukcmf for details)

Bruce Marlin [CC BY-SA (https://creativecommons.org/licenses/by-sa/2.5)]
Jeff Turner from Santa Clarita, CA, United States [CC BY (https://creativecommons.org/licenses/by/2.0)]                                        Jeff Hart from Bloomington, IN, USA, CC BY 2.0 , via Wikimedia Commons",Tree,Tree,,,,,visible,Physical good,,,,N,N,N,Y,22.00,,N,,,,,,,0,,,,Y
#platanus-occidentalis-sycamore--true-gallon,2HV5XN6PDJQKA6DCDAOJDCX6,Platanus occidentalis (Sycamore),,True Gallon,,Plaocc12,,Tree,Tree,,,,,visible,Physical good,,,,,,,,25.00,,N,,,,,,,0,,,,Y
#platanus-occidentalis-sycamore--2-gallon,FMIJQKFJ3MZIO35VQSXCU7UG,Platanus occidentalis (Sycamore),,2 Gallon,,Plaocc15,,Tree,Tree,,,,,visible,Physical good,,,,,,,,50.00,,N,,,,,,,2,,,,Y
#platanus-occidentalis-sycamore--3-gallon,VKPEKGFQ6PIGNIZ535M226T5,Platanus occidentalis (Sycamore),,3 Gallon,,Plaocc18,,Tree,Tree,,,,,visible,Physical good,,,,,,,,60.00,,N,,,,,,,3,,,,Y
#platanus-occidentalis-sycamore--5-gallon,JFU74TWAIAXEYGMOIZ2HIOUP,Platanus occidentalis (Sycamore),,5 Gallon,,Plaocc21,,Tree,Tree,,,,,visible,Physical good,,,,,,,,70.00,,N,,,,,,,0,,,,Y
#podophyllum-peltatum-may-apple--4-5-pot,SBVCJKAVZSKG6GZLJO6YSEHU,Podophyllum peltatum (May Apple),,"4.5"" Pot",,Podpel3,"One of the first herbacous perennials to emerge in spring.  Has one to two umbrella like leaves and blooms a singular white flower at the axil of the leaves. Produces a small golden yellow edible fruit.  Plant goes dormant in the summer.  Forms colonies through rhizomes.

Size: Height: 1' - 2' ; Width: 1' - 2'
Light: Sun (Part-Full)
Moisture: Dry, Medium, 

-

Barnes Dr Thomas G, U.S. Fish and Wildlife Service, Public domain, via Wikimedia Commons,  Famartin, CC BY-SA 4.0 , via Wikimedia Commons,  Valis55, CC BY 3.0 , via Wikimedia Commons",Flower,Flower,,,,,hidden,Physical good,,,,N,N,N,Y,12.00,,N,,N,,N,,,0,,,,Y
#podophyllum-peltatum-may-apple--gallon,LNZ2CEHQOYIKVDOAOFGEKART,Podophyllum peltatum (May Apple),,Gallon,,Podpel9,,Flower,Flower,,,,,hidden,Physical good,,,,,,,,17.00,,N,,,,N,,,0,,,,Y
#podophyllum-peltatum-may-apple--true-gallon,DOGE6LZUKQCRV4GO2GAON2V7,Podophyllum peltatum (May Apple),,True Gallon,,Podpel12,,Flower,Flower,,,,,hidden,Physical good,,,,,,,,19.00,,N,,,,N,,,0,,,,Y
#polemonium-reptans-jacobs-ladder--4-5-pot,JFOMNF77V27VG6AWVKTNQ5KV,Polemonium reptans (Jacobs Ladder),,"4.5"" Pot",,Polrep3,"This low growing wildflower thrives in rich, moist, partially-shaded soil where it can self-seed. Light blue bell-shaped flowers appear in late spring.

Size: Height: 1' - 2' ; Width: 1' -2'
Light: Shade (Full)
Moisture: Moist, 

-

By Krzysztof Ziarnek, Kenraiz - Own work, CC BY-SA 4.0, https://commons.wikimedia.org/w/index.php?curid=76903241, Alex Abair, CC BY 4.0 , via Wikimedia Commons",Flower,Flower,,,,,visible,Physical good,,,,N,N,N,Y,12.00,,N,,,,N,,,20,,,,Y
#polemonium-reptans-jacobs-ladder--gallon,ZWDZJA2X5OAL2TU7RIG7AYHW,Polemonium reptans (Jacobs Ladder),,Gallon,,Polrep9,,Flower,Flower,,,,,visible,Physical good,,,,,,,,17.00,,N,,,,N,,,37,,,,Y
#polemonium-reptans-jacobs-ladder--true-gallon,6PYEH4I2NH4SN3PCS7LEKIME,Polemonium reptans (Jacobs Ladder),,True Gallon,,Polrep12,,Flower,Flower,,,,,visible,Physical good,,,,,,,,19.00,,N,,,,N,,,33,,,,Y
#polystichum-acrostichoides-christmas-fern--4-5-pot,RRD2HOTDE4EF4XBKH6K2K5HV,Polystichum acrostichoides (Christmas Fern),,"4.5"" Pot",,Polacr3,"Evergreen fern provides winter color in a landscape. Deer, drought tolerant.

Size: Height: 1' - 2' ; Width: 1' -2'
Light: Shade (Full)
Moisture: Medium, Moist,

-

Photo (c)2006 Derek Ramsey (Ram-Man) [CC BY-SA (https://creativecommons.org/licenses/by-sa/2.5)]",Fern,Fern,,,,,visible,Physical good,,,,N,N,N,Y,13.00,,N,,,,N,,,76,,,,Y
#polystichum-acrostichoides-christmas-fern--gallon,KVGA2GYBLICXIJQTGJHTK33Q,Polystichum acrostichoides (Christmas Fern),,Gallon,,Polacr9,,Fern,Fern,,,,,visible,Physical good,,,,,,,,19.00,,N,,,,N,,,0,,,,Y
#prunus-americana-american-plum--gallon,NUBQ45BNAKAUVBZ54ZB3JCBI,Prunus americana (American Plum),,Gallon,,Pruame9,"Small deciduous tree or sometimes multi-stemmed shrub. Blooms small white flowers in early spring before foliage. Produces edible plums in late summer. Grows in rocky sandy soils.

Size: Height: 10' - 20' ; Width: 15' -25'
Light: Sun (Part-Full)
Moisture: Medium, 

-March 1st- May 1 2026: For sizes valued at $50 or above, a $25 discount can be applied courtesy of the Throwing Shade Virginia program. If you purchase online, this discount will be applied as a refund when you pick up your plants. (see https://rb.gy/lukcmf for details)

??????? ??????, CC0, via Wikimedia Commons, Sarah Johnson (iNaturalist), CC BY 4.0 , via Wikimedia Commons
Homer Edward Price, CC BY 2.0 , via Wikimedia Commons
Matt Lavin from Bozeman, Montana, USA, CC BY-SA 2.0 , via Wikimedia Commons",Tree,Tree,,,,,visible,Physical good,,,,N,N,N,Y,22.00,,N,,,,,,,9,,,,Y
#prunus-americana-american-plum--true-gallon,ZAKV6S6W7OMJY4SEDTT3E6NO,Prunus americana (American Plum),,True Gallon,,Pruame12,,Tree,Tree,,,,,visible,Physical good,,,,,,,,25.00,,N,,,,,,,1,,,,Y
#prunus-americana-american-plum--2-gallon,QOQSIFJMMTZOEJGRE6K2FJXQ,Prunus americana (American Plum),,2 Gallon,,Pruame15,,Tree,Tree,,,,,visible,Physical good,,,,,,,,50.00,,N,,,,,,,0,,,,Y
#prunus-americana-american-plum--3-gallon,LKZZXRIGWZ7FKW7DFGUYWS5Q,Prunus americana (American Plum),,3 Gallon,,Pruame18,,Tree,Tree,,,,,visible,Physical good,,,,,,,,60.00,,N,,,,,,,4,,,,Y
#prunus-americana-american-plum--5-gallon,HOOU6H64E4NKHRAZAWOQMWNF,Prunus americana (American Plum),,5 Gallon,,Pruame21,,Tree,Tree,,,,,visible,Physical good,,,,,,,,70.00,,N,,,,,,,35,,,,Y
#prunus-angustifolia-chickasaw-plum--gallon,27XREGKO2UFAUUA5BXXU72AP,Prunus angustifolia (Chickasaw Plum),,Gallon,,Pruang9,"Tall shrub.  Smooth redish bark with numerous  light lenticels. Bark becomes scaly and shallowly furrowed as it ages. Blooms small white flowers in clumps tht give way to edible yellow-to-red drupes that mature in summer.

Size: Height: 4' - 15' ; Width: 4' -20'
Light: Sun (Part-Full)
Moisture: Medium, 

-

Lm13700, CC BY-SA 3.0 , via Wikimedia Commons, Homer Edward Price, CC BY 2.0 , via Wikimedia Commons",Shrub,Shrub,,,,,visible,Physical good,,,,N,N,N,Y,22.00,,N,,N,,,,,0,,,,Y
#prunus-angustifolia-chickasaw-plum--true-gallon,Z6XXMU7S4LYXWC7DF2L32JBX,Prunus angustifolia (Chickasaw Plum),,True Gallon,,Pruang12,,Shrub,Shrub,,,,,visible,Physical good,,,,,,,,25.00,,N,,,,,,,0,,,,Y
#prunus-angustifolia-chickasaw-plum--2-gallon,NBQAMQDGC22NUTHTUM6R6KKT,Prunus angustifolia (Chickasaw Plum),,2 Gallon,,Pruang15,,Shrub,Shrub,,,,,visible,Physical good,,,,,,,,37.00,,N,,,,,,,4,,,,Y
#prunus-angustifolia-chickasaw-plum--3-gallon,UJ4B4AK6ZU7NQO7VWSSFCDFG,Prunus angustifolia (Chickasaw Plum),,3 Gallon,,Pruang18,,Shrub,Shrub,,,,,visible,Physical good,,,,,,,,50.00,,N,,,,,,,24,,,,Y
#prunus-angustifolia-chickasaw-plum--5-gallon,LHR5KQFDAYIS6UBARART7JMY,Prunus angustifolia (Chickasaw Plum),,5 Gallon,,Pruang21,,Shrub,Shrub,,,,,visible,Physical good,,,,,,,,60.00,,N,,,,,,,39,,,,Y
#prunus-maritima-beach-plum--gallon,Q5XJSZARHUTHNTQ63MUVYPUJ,Prunus maritima (Beach Plum),,Gallon,,Prumar9,"White flowers in spring give way to dull 1"" purple, edible fruits.

Size: Height: 6' - 12' ; Width: 3' -8'
Light: Sun (Full)
Moisture: Medium, 

-

Plant Image Library from Boston, USA, CC BY-SA 2.0 , via Wikimedia Commons",Tree,Tree,,,,,hidden,Physical good,,,,N,N,N,Y,22.00,,N,,,,,,,0,,,,Y
#prunus-maritima-beach-plum--true-gallon,2O22QGXH33LKGJZC2ZCUBYP3,Prunus maritima (Beach Plum),,True Gallon,,Prumar12,,Tree,Tree,,,,,hidden,Physical good,,,,,,,,25.00,,N,,,,,,,0,,,,Y
#prunus-maritima-beach-plum--2-gallon,SXFOWJGOTIYGDHT5CMHRDE3P,Prunus maritima (Beach Plum),,2 Gallon,,Prumar15,,Tree,Tree,,,,,hidden,Physical good,,,,,,,,50.00,,N,,,,,,,0,,,,Y
#prunus-maritima-beach-plum--3-gallon,SGB2OAZ4JYJRAEOD6BKRR6GS,Prunus maritima (Beach Plum),,3 Gallon,,Prumar18,,Tree,Tree,,,,,hidden,Physical good,,,,,,,,60.00,,N,,,,,,,0,,,,Y
#prunus-maritima-beach-plum--5-gallon,KVOXQW2XP7GASEZNDFN2KZSA,Prunus maritima (Beach Plum),,5 Gallon,,Prumar21,,Tree,Tree,,,,,hidden,Physical good,,,,,,,,70.00,,N,,,,,,,0,,,,Y
#prunus-serotina-black-cherry--gallon,6FZBYWPLBLYCWT7UQF2J23FV,Prunus serotina (Black Cherry),,Gallon,,Pruser9,"Fragrant white flowers in spring give way to small red cherries that ripen in late summer. Fruits inedible off tree but can be used to make jams and jellies. Attracts birds.

Size: Height: 60' - 80' ; Width: 30' -60'
Light: Sun (Full)
Moisture: Medium,

-March 1st- May 1 2026: For sizes valued at $50 or above, a $25 discount can be applied courtesy of the Throwing Shade Virginia program. If you purchase online, this discount will be applied as a refund when you pick up your plants. (see https://rb.gy/lukcmf for details)

By Aiwok - Own work, CC BY-SA 3.0, https://commons.wikimedia.org/w/index.php?curid=12033384
By Krzysztof Ziarnek, Kenraiz - Own work, CC
BY-SA 3.0, https://commons.wikimedia.org/w/index.php?curid=20895961By Rasbak - Own work, CC BY-SA 3.0, https://commons.wikimedia.org/w/index.php?curid=303726",Tree,Tree,,,,,hidden,Physical good,,,,N,N,N,Y,22.00,,N,,,,,,,0,,,,Y
#prunus-serotina-black-cherry--true-gallon,2J6PMXR6DMYC7GEADM32REMS,Prunus serotina (Black Cherry),,True Gallon,,Pruser12,,Tree,Tree,,,,,hidden,Physical good,,,,,,,,25.00,,N,,,,,,,0,,,,Y
#prunus-serotina-black-cherry--2-gallon,3TSC5RVPC6QYWCAHXEOZLBV4,Prunus serotina (Black Cherry),,2 Gallon,,Pruser15,,Tree,Tree,,,,,hidden,Physical good,,,,,,,,50.00,,N,,,,,,,0,,,,Y
#prunus-serotina-black-cherry--3-gallon,KUBKSKUFCCASRSD5V7YI5TNZ,Prunus serotina (Black Cherry),,3 Gallon,,Pruser18,,Tree,Tree,,,,,hidden,Physical good,,,,,,,,60.00,,N,,,,,,,0,,,,Y
#prunus-serotina-black-cherry--5-gallon,6X2E5GCOZLQTC3BWIFT5DTD2,Prunus serotina (Black Cherry),,5 Gallon,,Pruser21,,Tree,Tree,,,,,hidden,Physical good,,,,,,,,70.00,,N,,,,,,,0,,,,Y
#prunus-virginiana-chokecherry--gallon,75PRGWB4V3AX2R6BDX7EFGMW,Prunus virginiana (Chokecherry),,Gallon,,Pruvir9,"Large native deciduous shrub or a small tree that can form thickets.  Blooms white flowers in spring and bitter red fruits that ripen to black from August to September. Can be made into edible preserves.  Attracts small animals and birds that eat the fruits/seeds.  Flowers attract pollinators.

Size: Height: 20' - 30' ; Width: 18' -25'
Light: Sun (Full)
Moisture: Medium, Moist, 

-March 1st- May 1 2026: For sizes valued at $50 or above, a $25 discount can be applied courtesy of the Throwing Shade Virginia program. If you purchase online, this discount will be applied as a refund when you pick up your plants. (see https://rb.gy/lukcmf for details)

Maxime Laterreur, CC BY-SA 4.0 , via Wikimedia Commons,  Matt Lavin from Bozeman, Montana, USA, CC BY-SA 2.0 , via Wikimedia Commons                                                                                                 Thayne Tuason, CC BY-SA 4.0 , via Wikimedia Commons",Tree,Tree,,,,,hidden,Physical good,,,,N,N,N,Y,22.00,,N,,,,,,,0,,,,Y
#prunus-virginiana-chokecherry--true-gallon,CLVFLHQDNTLVUV3NFOXCFA2L,Prunus virginiana (Chokecherry),,True Gallon,,Pruvir12,,Tree,Tree,,,,,hidden,Physical good,,,,,,,,25.00,,N,,,,,,,0,,,,Y
#prunus-virginiana-chokecherry--2-gallon,RX6PNOBYW4YP4LZCTBLUVJSI,Prunus virginiana (Chokecherry),,2 Gallon,,Pruvir15,,Tree,Tree,,,,,hidden,Physical good,,,,,,,,50.00,,N,,,,,,,0,,,,Y
#prunus-virginiana-chokecherry--3-gallon,AJHLZI3IPF2GIIZ725QT4KJ6,Prunus virginiana (Chokecherry),,3 Gallon,,Pruvir18,,Tree,Tree,,,,,hidden,Physical good,,,,,,,,60.00,,N,,,,,,,0,,,,Y
#prunus-virginiana-chokecherry--5-gallon,CYQMJRCYNDWYCOJ5RM25X7DV,Prunus virginiana (Chokecherry),,5 Gallon,,Pruvir21,,Tree,Tree,,,,,hidden,Physical good,,,,,,,,70.00,,N,,,,,,,0,,,,Y
#pseudognaphalium-obtusifolium-sweet-everlasting--4-5-pot,HAVFDP7BAE2UWMAJEMFQDKPP,Pseudognaphalium obtusifolium (Sweet Everlasting),,"4.5"" Pot",,Pseobt3,"White, conical flowerheads bloom in summer. Whitish hairs cover the surface of the upper stems.

Size: Height: 1' - 3' ; Width: 1' -2'
Light: Sun (Full)
Moisture: Medium, 

-

By H. Zell - Own work, CC BY-SA 3.0, https://commons.wikimedia.org/w/index.php?curid=10957744, Kenraiz, CC BY-SA 4.0 , via Wikimedia Commons
By BeckyLaboy - Own work, CC BY-SA 4.0, https://commons.wikimedia.org/w/index.php?curid=98494610",Flower,Flower,,,,,hidden,Physical good,,,,N,N,N,Y,12.00,,N,,,,,,,0,,,,Y
#pseudognaphalium-obtusifolium-sweet-everlasting--gallon,ITLMSMA63AR5FLJHVGOBXNKS,Pseudognaphalium obtusifolium (Sweet Everlasting),,Gallon,,Pseobt9,,Flower,Flower,,,,,hidden,Physical good,,,,,,,,17.00,,N,,,,,,,0,,,,Y
#pseudognaphalium-obtusifolium-sweet-everlasting--true-gallon,3VQATTYHLEC75XOAKSRZQIXH,Pseudognaphalium obtusifolium (Sweet Everlasting),,True Gallon,,Pseobt12,,Flower,Flower,,,,,hidden,Physical good,,,,,,,,19.00,,N,,,,,,,0,,,,Y
#pycnanthemum-muticum-clustered-mountain-mint--4-5-pot,GJZN7QGIHGVTHMOMK7PDSGZK,Pycnanthemum muticum (Clustered Mountain Mint),,"4.5"" Pot",,Pycmut3,"Clump forming perennial can spread by rhizomes. Short, densly clustered leaves have a strong mint aroma. Tubular, pink flowers top plants in mid to late summer and attract butterflies and bees.

Size: Height: 1' - 3' ; Width: 1' -3'
Light: Sun (Part-Full)
Moisture: Medium, 

-

I, SB Johnny, CC BY-SA 3.0 , via Wikimedia Commons, peganum from Henfield, England, CC BY-SA 2.0 , via Wikimedia Commons
Krzysztof Ziarnek, Kenraiz, CC BY-SA 4.0 , via Wikimedia Commons",Flower,Flower,,,,,visible,Physical good,,,,N,N,N,Y,12.00,,N,,N,,N,,,190,,,,Y
#pycnanthemum-muticum-clustered-mountain-mint--gallon,HQ4C6L4AIYGDW4XYEBFG73CY,Pycnanthemum muticum (Clustered Mountain Mint),,Gallon,,Pycmut9,,Flower,Flower,,,,,visible,Physical good,,,,,,,,17.00,,N,,,,N,,,28,,,,Y
#pycnanthemum-muticum-clustered-mountain-mint--true-gallon,FHHHRK6BDFNAPNEZPI2E7FXW,Pycnanthemum muticum (Clustered Mountain Mint),,True Gallon,,Pycmut12,,Flower,Flower,,,,,visible,Physical good,,,,,,,,19.00,,N,,,,N,,,0,,,,Y
#pycnanthemum-tenuifolium-narrow-leafed-mountain-mint--4-5-pot,SD75SWXP4SOSJ7BFLP6HMMGI,Pycnanthemum tenuifolium (Narrow Leafed Mountain Mint),,"4.5"" Pot",,Pycten3,"This is a vigorous grower and will spread well. Narrow leaves emit a mint-like scent when crushed and is uses in teas. Small white flowers that bloom in mid summer. Tolerates Drought, Clay soils.

Size: Height: 2' - 3' ; Width: 2' -3'
Light: Shade (Part-Full)
Moisture: Dry, Medium, 

-

By Fritzflohrreynolds - Own work, CC BY-SA 3.0, https://commons.wikimedia.org/w/index.php?curid=31611887, Alex Abair, CC BY 4.0 , via Wikimedia Commons",Flower,Flower,,,,,visible,Physical good,,,,N,N,N,Y,12.00,,N,,N,,N,,,83,,,,Y
#pycnanthemum-tenuifolium-narrow-leafed-mountain-mint--gallon,AYTRUZZPHS3BVYPV6WOJLCHC,Pycnanthemum tenuifolium (Narrow Leafed Mountain Mint),,Gallon,,Pycten9,,Flower,Flower,,,,,visible,Physical good,,,,,,,,17.00,,N,,,,N,,,95,,,,Y
#pycnanthemum-tenuifolium-narrow-leafed-mountain-mint--true-gallon,ZZELWW7MOIWOH5IJXLDGOODN,Pycnanthemum tenuifolium (Narrow Leafed Mountain Mint),,True Gallon,,Pycten12,,Flower,Flower,,,,,visible,Physical good,,,,,,,,19.00,,N,,,,N,,,0,,,,Y
#pycnanthemum-verticillatum-hairy-mountain-mint--4-5-pot,TB6FKFZ7AWDMK6WTOGHLV6IO,Pycnanthemum verticillatum (Hairy Mountain Mint),,"4.5"" Pot",,Pycver3,"Easy to care for once established, this clump forming mind grows through rhizomes. Small, light-purple flowers attract bees, butterflies. Leaves give a strong mint aroma.

Size: Height: 1' - 3' ; Width: 1' -3'
Light: Shade (Part-Full)
Moisture: Dry, Medium,

-

Anne McCormack https://www.flickr.com/photos/mccormacka/19355550105, Alan Weakley, CC0, via Wikimedia Commons",Flower,Flower,,,,,hidden,Physical good,,,,N,N,N,Y,12.00,,N,,,,,,,0,,,,Y
#pycnanthemum-verticillatum-hairy-mountain-mint--gallon,HKPLOGGVVMSQ6V7Z2TMYJJUY,Pycnanthemum verticillatum (Hairy Mountain Mint),,Gallon,,Pycver9,,Flower,Flower,,,,,hidden,Physical good,,,,,,,,17.00,,N,,,,,,,0,,,,Y
#pycnanthemum-verticillatum-hairy-mountain-mint--true-gallon,VH4GTH6Q53GVF6ABVKG2I7DX,Pycnanthemum verticillatum (Hairy Mountain Mint),,True Gallon,,Pycver12,,Flower,Flower,,,,,hidden,Physical good,,,,,,,,19.00,,N,,,,,,,0,,,,Y
#pycnanthemum-virginianum-virginia-mountain-mint--4-5-pot,M2U466JAOWDEZNBA5MKEIIQO,Pycnanthemum virginianum (Virginia Mountain Mint),,"4.5"" Pot",,Pycvir3,"This aromatic native is a true mint with delicate white flowers and can be used to make tea! Vigorous grower and deer resistant!

Size: Height: 1' - 3' ; Width: 1' -2'
Light: Shade (Part-Full)
Moisture: Dry, Medium,

-

Hardyplants at English Wikipedia, Public domain, via Wikimedia Commons",Flower,Flower,,,,,visible,Physical good,,,,N,N,N,Y,12.00,,N,,N,,N,,,67,,,,Y
#pycnanthemum-virginianum-virginia-mountain-mint--gallon,M4MF3PGBNHRMYRMNWCECM47R,Pycnanthemum virginianum (Virginia Mountain Mint),,Gallon,,Pycvir9,,Flower,Flower,,,,,visible,Physical good,,,,,,,,17.00,,N,,,,N,,,266,,,,Y
#pycnanthemum-virginianum-virginia-mountain-mint--true-gallon,R6BMV4DR5MJFIQONN6N5P6WF,Pycnanthemum virginianum (Virginia Mountain Mint),,True Gallon,,Pycvir12,,Flower,Flower,,,,,visible,Physical good,,,,,,,,19.00,,N,,,,N,,,0,,,,Y
#quercus-alba-white-oak--gallon,VDRBYEMBWYN3GAKATIYKSODE,Quercus alba (White Oak),,Gallon,,Quealb9,"Oval acorns feed wildlife and this large tree provides habitat for birds and shade for humans. Massive, reddish crown adds beauty in the season. Drought and poor soil tolerant.

Size: Height: 50' - 80' ; Width: 50' -80'
Light: Sun (Full)
Moisture: Medium, 

-March 1st- May 1 2026: For sizes valued at $50 or above, a $25 discount can be applied courtesy of the Throwing Shade Virginia program. If you purchase online, this discount will be applied as a refund when you pick up your plants. (see https://rb.gy/lukcmf for details)

By Msact at English Wikipedia, CC BY-SA 3.0, https://commons.wikimedia.org/w/index.php?curid=27178443                                                           Chris Light, CC BY-SA 4.0 , via Wikimedia Commons",Tree,Tree,,,,,visible,Physical good,,,,N,N,N,Y,25.00,,N,,N,,N,,,0,,,,Y
#quercus-alba-white-oak--true-gallon,4GDLCTZHIKVHHL6ZNX6GPJ7B,Quercus alba (White Oak),,True Gallon,,Quealb12,,Tree,Tree,,,,,visible,Physical good,,,,,,,,30.00,,N,,,,N,,,2,,,,Y
#quercus-alba-white-oak--2-gallon,6344K6KWH5KJLHMFRJJ5JW72,Quercus alba (White Oak),,2 Gallon,,Quealb15,,Tree,Tree,,,,,visible,Physical good,,,,,,,,55.00,,N,,,,N,,,8,,,,Y
#quercus-alba-white-oak--3-gallon,IJQHAX7R4AKZD5Z4MZZLDXUG,Quercus alba (White Oak),,3 Gallon,,Quealb18,,Tree,Tree,,,,,visible,Physical good,,,,,,,,70.00,,N,,,,N,,,1,,,,Y
#quercus-alba-white-oak--5-gallon,CD4F2LHN5V3OEAUPYRCI3THG,Quercus alba (White Oak),,5 Gallon,,Quealb21,,Tree,Tree,,,,,visible,Physical good,,,,,,,,85.00,,N,,,,N,,,3,,,,Y
#quercus-bicolor-swamp-white-oak--gallon,EVULCCLXIFMQRBDLDPITH6NF,Quercus bicolor (Swamp White Oak),,Gallon,,Queswa9,"Large long living tree with a short trunk and spreading oval crown. Leaves are a glossy dark green on top and a silvery white underneath. Blooms golden green catkins in spring.  Leaves turn gorgeous fall colors of gold, red and yellow.  

Size: Height: 50' - 60' ; Width: 50' -60'
Light: Sun (Full)
Moisture: Medium, Moist, 

-March 1st- May 1 2026: For sizes valued at $50 or above, a $25 discount can be applied courtesy of the Throwing Shade Virginia program. If you purchase online, this discount will be applied as a refund when you pick up your plants. (see https://rb.gy/lukcmf for details)

Krzysztof Ziarnek, Kenraiz, CC BY-SA 4.0 , via Wikimedia Commons,  Chris Light, CC BY-SA 4.0 , via Wikimedia Commons,   LocalNatureLab, CC BY 4.0 , via Wikimedia Commons                                                                        Willow, CC BY-SA 3.0 , via Wikimedia Commons",Tree,Tree,,,,,hidden,Physical good,,,,N,N,N,Y,25.00,,N,,N,,,,,0,,,,Y
#quercus-bicolor-swamp-white-oak--true-gallon,OHTOR4N7NGQLAJLMSRJWR6Z6,Quercus bicolor (Swamp White Oak),,True Gallon,,Queswa12,,Tree,Tree,,,,,hidden,Physical good,,,,,,,,30.00,,N,,,,,,,0,,,,Y
#quercus-bicolor-swamp-white-oak--2-gallon,X6EJTERUPSVNMG3F6MLSJYH5,Quercus bicolor (Swamp White Oak),,2 Gallon,,Queswa15,,Tree,Tree,,,,,hidden,Physical good,,,,,,,,55.00,,N,,,,,,,0,,,,Y
#quercus-bicolor-swamp-white-oak--3-gallon,CIALO7NVZ4WAUXRZTZHGYGQR,Quercus bicolor (Swamp White Oak),,3 Gallon,,Queswa18,,Tree,Tree,,,,,hidden,Physical good,,,,,,,,70.00,,N,,,,,,,0,,,,Y
#quercus-bicolor-swamp-white-oak--5-gallon,KI3CDGSEOLOSTUH4EUFUQO7M,Quercus bicolor (Swamp White Oak),,5 Gallon,,Queswa21,,Tree,Tree,,,,,hidden,Physical good,,,,,,,,85.00,,N,,,,,,,0,,,,Y
#quercus-lyrata-overcup-oak--gallon,DZ6SWDUUIONWJQVYE44JNBJC,Quercus lyrata (Overcup Oak),,Gallon,,Quelyr9,"This decidous tree does well in poor draining and flood-prone areas. Acts as a food source and nesting area for multiple bird species. At 25-30 years, acorns are produced annually in Fall. Erosion and clay tolerant.

Size: Height: 35' - 60' ; Width: 35' -60'
Light: Sun (Part-Full)
Moisture: Medium, Moist, Wet,

-

U.S. Gov. Employee, CC PDM-01, https://creativecommons.org/publicdomain/mark/1.0/",,,,,,,hidden,Physical good,,,,N,,N,Y,25.00,,N,,,,,,,0,,,,Y
#quercus-lyrata-overcup-oak--true-gallon,NCUX5RQCZBPP47MJ26D5N5CF,Quercus lyrata (Overcup Oak),,True Gallon,,Quelyr12,,,,,,,,hidden,Physical good,,,,,,,,30.00,,N,,,,,,,0,,,,Y
#quercus-lyrata-overcup-oak--2-gallon,JSJ2H6ZZC3RHDBO5LWAXU6IW,Quercus lyrata (Overcup Oak),,2 Gallon,,Quelyr15,,,,,,,,hidden,Physical good,,,,,,,,55.00,,N,,,,,,,0,,,,Y
#quercus-lyrata-overcup-oak--3-gallon,6RGFRSLYIDXH4QDYB4XYVQOS,Quercus lyrata (Overcup Oak),,3 Gallon,,Quelyr18,,,,,,,,hidden,Physical good,,,,,,,,70.00,,N,,,,,,,0,,,,Y
#quercus-lyrata-overcup-oak--5-gallon,4CKTFQJ25MWYWMSNVKWNE7C5,Quercus lyrata (Overcup Oak),,5 Gallon,,Quelyr21,,,,,,,,hidden,Physical good,,,,,,,,85.00,,N,,,,,,,0,,,,Y
#quercus-macrocarpa-bur-oak--gallon,C5QDKA2DXSDIFRLPDLHPSC2E,Quercus macrocarpa (Bur Oak),,Gallon,,Quemac9,"The massive Bur Oak can adapt to a wide range of soils. Acorns give name to the tree with the bur near the rim.

Size: Height: 60' - 80' ; Width: 60' -80'
Light: Sun (Full)
Moisture: Medium, 

-

By Daderot - Own work, CC0, https://commons.wikimedia.org/w/index.php?curid=23478883, Laval University, CC BY-SA 4.0 , via Wikimedia Commons
Matt Lavin: https://www.flickr.com/photos/plant_diversity/5108085936",Tree,Tree,,,,,visible,Physical good,,,,N,N,N,Y,25.00,,N,,,,,,,0,,,,Y
#quercus-macrocarpa-bur-oak--true-gallon,IQF6H2AVALTNXJARXOPUI74V,Quercus macrocarpa (Bur Oak),,True Gallon,,Quemac12,,Tree,Tree,,,,,visible,Physical good,,,,,,,,30.00,,N,,,,,,,0,,,,Y
#quercus-macrocarpa-bur-oak--2-gallon,US2NXW4AAL7RXH25KE6FLG5Z,Quercus macrocarpa (Bur Oak),,2 Gallon,,Quemac15,,Tree,Tree,,,,,visible,Physical good,,,,,,,,55.00,,N,,,,,,,2,,,,Y
#quercus-macrocarpa-bur-oak--3-gallon,BAD3YCLQF5Q3H4CEXU7D2KCZ,Quercus macrocarpa (Bur Oak),,3 Gallon,,Quemac18,,Tree,Tree,,,,,visible,Physical good,,,,,,,,70.00,,N,,,,,,,9,,,,Y
#quercus-macrocarpa-bur-oak--5-gallon,ZOQWJOQ24NCHF5QINYM7BCMA,Quercus macrocarpa (Bur Oak),,5 Gallon,,Quemac21,,Tree,Tree,,,,,visible,Physical good,,,,,,,,85.00,,N,,,,,,,9,,,,Y
#quercus-muehlenbergii-chinquapin-oak--gallon,KPCHW2QEB6KL3DA3TZ5RM7C5,Quercus muehlenbergii (Chinquapin Oak),,Gallon,,Quemue9,"Deciduous tree with a medium growth rate. Has showy Fall colors and produces acorns at around 30 years of age. Attracts and supports many pollinators. Performs well in variety of soil types and is drought tolerant.

Size: Height: 40' - 60' ; Width: 50' -70'
Light: Sun (Full)
Moisture: Dry, Medium, 

-

Bruce Kirchoff from Greensboro, NC, USA, CC BY 2.0 , via Wikimedia Commons",,,,,,,hidden,Physical good,,,,N,,N,Y,25.00,,N,,,,,,,0,,,,Y
#quercus-muehlenbergii-chinquapin-oak--true-gallon,NAW32STMHSUMLOY4RYGSPD6I,Quercus muehlenbergii (Chinquapin Oak),,True Gallon,,Quemue12,,,,,,,,hidden,Physical good,,,,,,,,30.00,,N,,,,,,,0,,,,Y
#quercus-muehlenbergii-chinquapin-oak--2-gallon,JG4QZ6JUNBYDSDOGB2EHNNGL,Quercus muehlenbergii (Chinquapin Oak),,2 Gallon,,Quemue15,,,,,,,,hidden,Physical good,,,,,,,,55.00,,N,,,,,,,0,,,,Y
#quercus-muehlenbergii-chinquapin-oak--3-gallon,UWL5OBJ4BOKVMR4MEI6DULDL,Quercus muehlenbergii (Chinquapin Oak),,3 Gallon,,Quemue18,,,,,,,,hidden,Physical good,,,,,,,,70.00,,N,,,,,,,0,,,,Y
#quercus-muehlenbergii-chinquapin-oak--5-gallon,TIQXGRLSKAR7AJRMSVBL43YJ,Quercus muehlenbergii (Chinquapin Oak),,5 Gallon,,Quemue21,,,,,,,,hidden,Physical good,,,,,,,,85.00,,N,,,,,,,0,,,,Y
#quercus-palustris-pin-oak--gallon,GL7W2WNUPDD4T42EF523WNTA,Quercus palustris (Pin Oak),,Gallon,,Quepal9,"Broad, pyramidal crown with lower branches that often die off, leaving pin-like stubs. Acorns feed wildlife and leaves turn deep red in the fall.

Size: Height: 50' - 70' ; Width: 40' -60'
Light: Sun (Full)
Moisture: Medium, Moist,

-March 1st- May 1 2026: For sizes valued at $50 or above, a $25 discount can be applied courtesy of the Throwing Shade Virginia program. If you purchase online, this discount will be applied as a refund when you pick up your plants. (see https://rb.gy/lukcmf for details)

By josh jackson - IMG_2887.JPGUploaded by pixeltoo, CC BY 2.0, https://commons.wikimedia.org/w/index.php?curid=7522359",Tree,Tree,,,,,visible,Physical good,,,,N,N,N,Y,25.00,,N,,,,,,,0,,,,Y
#quercus-palustris-pin-oak--true-gallon,QTYTQFIDVSCZFHO5ARX6PZ53,Quercus palustris (Pin Oak),,True Gallon,,Quepal12,,Tree,Tree,,,,,visible,Physical good,,,,,,,,30.00,,N,,,,,,,0,,,,Y
#quercus-palustris-pin-oak--2-gallon,IWNSGIZINFQRRZQ6AYTEMAAG,Quercus palustris (Pin Oak),,2 Gallon,,Quepal15,,Tree,Tree,,,,,visible,Physical good,,,,,,,,55.00,,N,,,,,,,16,,,,Y
#quercus-palustris-pin-oak--3-gallon,MLFGV5Z64674DBCKNENX5DLW,Quercus palustris (Pin Oak),,3 Gallon,,Quepal18,,Tree,Tree,,,,,visible,Physical good,,,,,,,,70.00,,N,,,,,,,0,,,,Y
#quercus-palustris-pin-oak--5-gallon,RUP5CKWRTTHRN5MVFR2XTWG3,Quercus palustris (Pin Oak),,5 Gallon,,Quepal21,,Tree,Tree,,,,,visible,Physical good,,,,,,,,85.00,,N,,,,,,,5,,,,Y
#quercus-phellos-willow-oak--gallon,BGMJS5KWIBFEUKVZQEICOHV2,Quercus phellos (Willow Oak),,Gallon,,Quephe9,"Rounded crown. Leaves turn a coppery orange in the fall. Acorns feed wildlife once the tree matures. Adapted to grow in clay soils. Common landscape tree used for shade.

Size: Height: 40' - 75' ; Width: 25' -50'
Light: Sun (Part-Full)
Moisture: Medium,

-March 1st- May 1 2026: For sizes valued at $50 or above, a $25 discount can be applied courtesy of the Throwing Shade Virginia program. If you purchase online, this discount will be applied as a refund when you pick up your plants. (see https://rb.gy/lukcmf for details)

Daderot, CC0, via Wikimedia Commons
Michael Wolf, CC BY-SA 3.0 , via Wikimedia Commons
Berean Hunter, CC BY-SA 2.5 , via Wikimedia Commons",Tree,Tree,,,,,visible,Physical good,,,,N,N,N,Y,25.00,,N,,,,N,,,0,,,,Y
#quercus-phellos-willow-oak--true-gallon,65WAQL7VVXRFZFICGDV5LBUM,Quercus phellos (Willow Oak),,True Gallon,,Quephe12,,Tree,Tree,,,,,visible,Physical good,,,,,,,,30.00,,N,,,,N,,,8,,,,Y
#quercus-phellos-willow-oak--2-gallon,BKKVWALDQTGVWCNGOGYOEX5J,Quercus phellos (Willow Oak),,2 Gallon,,Quephe15,,Tree,Tree,,,,,visible,Physical good,,,,,,,,55.00,,N,,,,N,,,0,,,,Y
#quercus-phellos-willow-oak--3-gallon,VL3EMP25XBAZTO353I43BODO,Quercus phellos (Willow Oak),,3 Gallon,,Quephe18,,Tree,Tree,,,,,visible,Physical good,,,,,,,,70.00,,N,,,,N,,,0,,,,Y
#quercus-phellos-willow-oak--5-gallon,IQES7MIUQXVG2CE3TQEF5WS6,Quercus phellos (Willow Oak),,5 Gallon,,Quephe21,,Tree,Tree,,,,,visible,Physical good,,,,,,,,85.00,,N,,,,N,,,0,,,,Y
#quercus-prinoides-dwarf-chestnut-oak--gallon,6KJOGYJYJ4LOLGKRNA7RTKHV,Quercus prinoides (Dwarf Chestnut Oak),,Gallon,,Quepro9,"Deciduous oak tree blooms with green and yellow catkins in spring.  Leaves turn green and copper in the fall.  Matures quickly.  Tolerant of poor, dry soils.

Size: Height: 12' - 25' ; 12' - 25'
Light: Sun (Part-Full)
Moisture: Dry,

-",Tree,Tree,,,,,visible,Physical good,,,,N,N,N,Y,25.00,,N,,N,,N,,,0,,,,Y
#quercus-prinoides-dwarf-chestnut-oak--true-gallon,X2FUKHOVDHYJPXZXN5KWLLDS,Quercus prinoides (Dwarf Chestnut Oak),,True Gallon,,Quepro12,,Tree,Tree,,,,,visible,Physical good,,,,,,,,30.00,,N,,,,N,,,3,,,,Y
#quercus-prinoides-dwarf-chestnut-oak--2-gallon,54FYW26LQS3SOV2ZEQG5VGJO,Quercus prinoides (Dwarf Chestnut Oak),,2 Gallon,,Quepro15,,Tree,Tree,,,,,visible,Physical good,,,,,,,,55.00,,N,,,,N,,,11,,,,Y
#quercus-prinoides-dwarf-chestnut-oak--3-gallon,HDGMADNQSB3YX6YT37HWVZFV,Quercus prinoides (Dwarf Chestnut Oak),,3 Gallon,,Quepro18,,Tree,Tree,,,,,visible,Physical good,,,,,,,,70.00,,N,,,,N,,,0,,,,Y
#quercus-prinoides-dwarf-chestnut-oak--5-gallon,M4RBANJAX6H4S4LDN4W3YYJL,Quercus prinoides (Dwarf Chestnut Oak),,5 Gallon,,Quepro21,,Tree,Tree,,,,,visible,Physical good,,,,,,,,85.00,,N,,,,N,,,0,,,,Y
#quercus-prinus-chestnut-oak--gallon,WBZTM3OBGWPEM7IYSD2T3X6B,Quercus prinus (Chestnut Oak),,Gallon,,Quepri9,"Large native deciduous tree in the white oak family.  Often found growing in poor, dry and rocky soils.  Does best in well-drained loams. Separate male and female flowers appear in spring.  Large acorns produced in fall that have wildlife value for birds and mammals. Frequently used as a shade tree. 

Size: Height: 50' - 70' ; Width: 50' -70'
Light: Sun (Full)
Moisture: Dry, Medium, 

-

Bruce Kirchoff from Greensboro, NC, USA, CC BY 2.0 , via Wikimedia Commons,  Douglas Goldman, CC BY-SA 4.0 , via Wikimedia Commons,  Douglas Goldman, CC BY-SA 4.0 , via Wikimedia Commons",Tree,Tree,,,,,visible,Physical good,,,,N,N,N,Y,25.00,,N,,,,,,,0,,,,Y
#quercus-prinus-chestnut-oak--true-gallon,Y23AA2CBVKD5S7OOJMZFGKQB,Quercus prinus (Chestnut Oak),,True Gallon,,Quepri12,,Tree,Tree,,,,,visible,Physical good,,,,,,,,30.00,,N,,,,,,,0,,,,Y
#quercus-prinus-chestnut-oak--2-gallon,ZLRSP3QY4UDE7CZHNONCZGMN,Quercus prinus (Chestnut Oak),,2 Gallon,,Quepri15,,Tree,Tree,,,,,visible,Physical good,,,,,,,,55.00,,N,,,,,,,5,,,,Y
#quercus-prinus-chestnut-oak--3-gallon,2PWNVJNZF3D7NZSFFPCUNN7A,Quercus prinus (Chestnut Oak),,3 Gallon,,Quepri18,,Tree,Tree,,,,,visible,Physical good,,,,,,,,70.00,,N,,,,,,,0,,,,Y
#quercus-prinus-chestnut-oak--5-gallon,7T4U6J5JS7MJGWAFVC72NMFS,Quercus prinus (Chestnut Oak),,5 Gallon,,Quepri21,,Tree,Tree,,,,,visible,Physical good,,,,,,,,85.00,,N,,,,,,,0,,,,Y
#quercus-rubra-northern-red-oak--gallon,V7VAZRPNUT2BGIPGTR4M3N7S,Quercus rubra (Northern Red Oak),,Gallon,,Querub9,"Dark green leaves turn brownish-red in fall. Acorns will feed wildlife once tree is mature enough. Drought tolerant.

Size: Height: 50' - 75' ; Width: 50' -70'
Light: Sun (Full)
Moisture: Dry, Medium, 

-March 1st- May 1 2026: For sizes valued at $50 or above, a $25 discount can be applied courtesy of the Throwing Shade Virginia program. If you purchase online, this discount will be applied as a refund when you pick up your plants. (see https://rb.gy/lukcmf for details)

By Famartin - Own work, CC BY-SA 4.0, https://commons.wikimedia.org/w/index.php?curid=59086504, Bruce Kirchoff from Greensboro, NC, USA, CC BY 2.0 , via Wikimedia Commons",Tree,Tree,,,,,visible,Physical good,,,,N,N,N,Y,25.00,,N,,,,,,,0,,,,Y
#quercus-rubra-northern-red-oak--true-gallon,XG6EEOIK2FNZGAF7JQFZ4GVY,Quercus rubra (Northern Red Oak),,True Gallon,,Querub12,,Tree,Tree,,,,,visible,Physical good,,,,,,,,30.00,,N,,,,,,,11,,,,Y
#quercus-rubra-northern-red-oak--2-gallon,DCLEDWKVQ7FBKMKPP7TAGNXY,Quercus rubra (Northern Red Oak),,2 Gallon,,Querub15,,Tree,Tree,,,,,visible,Physical good,,,,,,,,55.00,,N,,,,,,,19,,,,Y
#quercus-rubra-northern-red-oak--3-gallon,HRJ3A32PBDSAB72NOC4HA6BK,Quercus rubra (Northern Red Oak),,3 Gallon,,Querub18,,Tree,Tree,,,,,visible,Physical good,,,,,,,,70.00,,N,,,,,,,7,,,,Y
#quercus-rubra-northern-red-oak--5-gallon,7TVLKXQNG7VAAT4EH5EDSIJX,Quercus rubra (Northern Red Oak),,5 Gallon,,Querub21,,Tree,Tree,,,,,visible,Physical good,,,,,,,,85.00,,N,,,,,,,5,,,,Y
#quercus-velutina-black-oak--gallon,5PPENW75DKUYYWN744LVAG4V,Quercus velutina (Black Oak),,Gallon,,Quevel9,"A medium-sized tree for large yards. Bark is nearly all black on mature trees with deep furrows. Oval acorns feed wildlife.

Size: Height: 50' - 60' ; Width: 50' -60'
Light: Sun (Full)
Moisture: Dry, Medium,

-March 1st- May 1 2026: For sizes valued at $50 or above, a $25 discount can be applied courtesy of the Throwing Shade Virginia program. If you purchase online, this discount will be applied as a refund when you pick up your plants. (see https://rb.gy/lukcmf for details)",Tree,Tree,,,,,hidden,Physical good,,,,N,N,N,Y,25.00,,N,,,,,,,0,,,,Y
#quercus-velutina-black-oak--true-gallon,WKKWETOBCJPOPZNPVPJ4LIXY,Quercus velutina (Black Oak),,True Gallon,,Quevel12,,Tree,Tree,,,,,hidden,Physical good,,,,,,,,30.00,,N,,,,,,,0,,,,Y
#quercus-velutina-black-oak--2-gallon,SDKO4ED7W2P75XBPOZ6LFXVJ,Quercus velutina (Black Oak),,2 Gallon,,Quevel15,,Tree,Tree,,,,,hidden,Physical good,,,,,,,,55.00,,N,,,,,,,0,,,,Y
#quercus-velutina-black-oak--3-gallon,7GOUFWBDCNKXI4FK3TWXBIFN,Quercus velutina (Black Oak),,3 Gallon,,Quevel18,,Tree,Tree,,,,,hidden,Physical good,,,,,,,,70.00,,N,,,,,,,0,,,,Y
#quercus-velutina-black-oak--5-gallon,BY4XWPGSBHADRLDMGSK3M2OO,Quercus velutina (Black Oak),,5 Gallon,,Quevel21,,Tree,Tree,,,,,hidden,Physical good,,,,,,,,85.00,,N,,,,,,,0,,,,Y
#rhexia-virginica-meadow-beauty--4-5-pot,P7IDFAXDAECWXOUCPD3TFB55,Rhexia virginica (Meadow Beauty),,"4.5"" Pot",,Rhevir3,"Water loving perennial that spreads rapidly through tubers.  Taller plants sprawl along the ground while shorter ones stand erect.  Blooms bubblegum pink flowers with striking yellow anthers.  Red seed capsules add winter interest in the garden.

Size: Height: 1' - 2' ; Width: 1' - 2'
Light: Sun (Part-Full)
Moisture: Medium, Moist, 

-

Doug McGrady from Warwick, RI, USA, CC BY 2.0 , via Wikimedia Commons",Flower,Flower,,,,,hidden,Physical good,,,,N,N,N,Y,12.00,,N,,N,,N,,,0,,,,Y
#rhexia-virginica-meadow-beauty--gallon,7ZLMP7UAFRRRHAKNETBJVYXQ,Rhexia virginica (Meadow Beauty),,Gallon,,Rhevir9,,Flower,Flower,,,,,hidden,Physical good,,,,,,,,17.00,,N,,,,N,,,0,,,,Y
#rhexia-virginica-meadow-beauty--true-gallon,U4DXWVF2FIMEUBFXFQYMTKTM,Rhexia virginica (Meadow Beauty),,True Gallon,,Rhevir12,,Flower,Flower,,,,,hidden,Physical good,,,,,,,,19.00,,N,,,,N,,,0,,,,Y
#rhododendron-arborescens-sweet-azalea--gallon,A7TV5ELDLHNWGPH4IHZVIOOC,Rhododendron arborescens (Sweet Azalea),,Gallon,,Rhoarb9,"Leaves turn red and purple in the fall. Fragrant, funnel-shaped white flowers bloom in groups of 3-6 early summer with protruding stamen.

Size: Height: 8' - 20' ; Width: 8' -20'
Light: Shade (Part-Full)
Moisture: Medium, 

-

Krzysztof Ziarnek, Kenraiz, CC BY-SA 4.0 , via Wikimedia Commons,  Fritzflohrreynolds, CC BY-SA 3.0 , via Wikimedia Commons",Shrub,Shrub,,,,,visible,Physical good,,,,N,N,N,Y,25.00,,N,,N,,N,,,0,,,,Y
#rhododendron-arborescens-sweet-azalea--true-gallon,3CVOM6MHILA64EEHKDZ6AQQ7,Rhododendron arborescens (Sweet Azalea),,True Gallon,,Rhoarb12,,Shrub,Shrub,,,,,visible,Physical good,,,,,,,,30.00,,N,,,,N,,,1,,,,Y
#rhododendron-arborescens-sweet-azalea--2-gallon,5EVMRPNQNMGYOGYBYFF7M3NP,Rhododendron arborescens (Sweet Azalea),,2 Gallon,,Rhoarb15,,Shrub,Shrub,,,,,visible,Physical good,,,,,,,,50.00,,N,,,,N,,,2,,,,Y
#rhododendron-arborescens-sweet-azalea--3-gallon,UEW3UAN36D2JHRMKOUGVOZT6,Rhododendron arborescens (Sweet Azalea),,3 Gallon,,Rhoarb18,,Shrub,Shrub,,,,,visible,Physical good,,,,,,,,60.00,,N,,,,N,,,0,,,,Y
#rhododendron-arborescens-sweet-azalea--5-gallon,YRKKE3WC7ZIFU2PRTYCHGXOD,Rhododendron arborescens (Sweet Azalea),,5 Gallon,,Rhoarb21,,Shrub,Shrub,,,,,visible,Physical good,,,,,,,,70.00,,N,,,,N,,,0,,,,Y
#rhododendron-maximum-great-laurel--gallon,P527ESHMTFTAGF3BTG3XTL7M,Rhododendron maximum (Great Laurel),,Gallon,,Rhomax9,"Large, late-blooming evergreen shrub. Large leaves are tinged with orange underneath. 2"" rose-purple flowers bloom in early summer.

Size: Height: 5' - 15' ; Width: 5' -12'
Light: Shade (Part-Full)
Moisture: Medium,

-March 1st- May 1 2026: For sizes valued at $50 or above, a $25 discount can be applied courtesy of the Throwing Shade Virginia program. If you purchase online, this discount will be applied as a refund when you pick up your plants. (see https://rb.gy/lukcmf for details)

SterlingHerron, CC0, via Wikimedia Commons,  Isoetid, CC0, via Wikimedia Commons",Shrub,Shrub,,,,,hidden,Physical good,,,,N,N,N,Y,25.00,,N,,,,,,,0,,,,Y
#rhododendron-maximum-great-laurel--true-gallon,IQTO7VPOSOGMBLRHLXWXSCL5,Rhododendron maximum (Great Laurel),,True Gallon,,Rhomax12,,Shrub,Shrub,,,,,hidden,Physical good,,,,,,,,30.00,,N,,,,,,,0,,,,Y
#rhododendron-maximum-great-laurel--2-gallon,DFTXGSQEVPHZIDL3B2WPVP2Q,Rhododendron maximum (Great Laurel),,2 Gallon,,Rhomax15,,Shrub,Shrub,,,,,hidden,Physical good,,,,,,,,50.00,,N,,,,,,,0,,,,Y
#rhododendron-maximum-great-laurel--3-gallon,J33JZHOZSQKWIWBDM6PIOJ7R,Rhododendron maximum (Great Laurel),,3 Gallon,,Rhomax18,,Shrub,Shrub,,,,,hidden,Physical good,,,,,,,,60.00,,N,,,,,,,0,,,,Y
#rhododendron-maximum-great-laurel--5-gallon,QQMZEAVNH4QQS4DCCZ26MB7S,Rhododendron maximum (Great Laurel),,5 Gallon,,Rhomax21,,Shrub,Shrub,,,,,hidden,Physical good,,,,,,,,70.00,,N,,,,,,,0,,,,Y
#rhododendron-periclymenoides-pinxter-azalea--gallon,IHXX4JYQ2ZBZCYMO7QLOANY2,Rhododendron periclymenoides (Pinxter Azalea),,Gallon,,Rhoper9,"Clusters of pink-white flowers bloom in April right before the emergence of foliage. Attracts hummingbirds and butterflies. Avoid wet soils and clays.

Size: Height: 3' - 6' ; Width: 4' -7'
Light: Shade (Part-Full)
Moisture: Medium, 

-March 1st- May 1 2026: For sizes valued at $50 or above, a $25 discount can be applied courtesy of the Throwing Shade Virginia program. If you purchase online, this discount will be applied as a refund when you pick up your plants. (see https://rb.gy/lukcmf for details)

Nicholas A. Tonelli from Northeast Pennsylvania, USA, CC BY 2.0 , via Wikimedia Commons",Shrub,Shrub,,,,,hidden,Physical good,,,,N,N,N,Y,25.00,,N,,N,,N,,,0,,,,Y
#rhododendron-periclymenoides-pinxter-azalea--true-gallon,SSHB4OMQT2ZURW2YBVGOQ2XW,Rhododendron periclymenoides (Pinxter Azalea),,True Gallon,,Rhoper12,,Shrub,Shrub,,,,,hidden,Physical good,,,,,,,,30.00,,N,,,,N,,,0,,,,Y
#rhododendron-periclymenoides-pinxter-azalea--2-gallon,3A3GCOHIGH3EJYSJFKNPCC4Z,Rhododendron periclymenoides (Pinxter Azalea),,2 Gallon,,Rhoper15,,Shrub,Shrub,,,,,hidden,Physical good,,,,,,,,50.00,,N,,,,N,,,0,,,,Y
#rhododendron-periclymenoides-pinxter-azalea--3-gallon,HR5W7LUBDQDRDDRIJL2SVTFU,Rhododendron periclymenoides (Pinxter Azalea),,3 Gallon,,Rhoper18,,Shrub,Shrub,,,,,hidden,Physical good,,,,,,,,60.00,,N,,,,N,,,0,,,,Y
#rhododendron-periclymenoides-pinxter-azalea--5-gallon,VYD2A6AR66Y6V66OYHR7TE5I,Rhododendron periclymenoides (Pinxter Azalea),,5 Gallon,,Rhoper21,,Shrub,Shrub,,,,,hidden,Physical good,,,,,,,,70.00,,N,,,,N,,,0,,,,Y
#rhododendron-prinophyllum-roseshell-azalea--gallon,QBQFQOLR7N3MINIANSHJYZO7,Rhododendron prinophyllum (Roseshell Azalea),,Gallon,,Rhopri9,"Pink flowers bloom early spring, often before foliage. Bright green leaves turn bronze in the fall.

Size: Height: 4' - 8' ; Width: 4' -8'
Light: Shade (Part-Full)
Moisture: Medium, 

-March 1st- May 1 2026: For sizes valued at $50 or above, a $25 discount can be applied courtesy of the Throwing Shade Virginia program. If you purchase online, this discount will be applied as a refund when you pick up your plants. (see https://rb.gy/lukcmf for details)

Eric Hunt, CC BY-SA 4.0 , via Wikimedia Commons,  Plant Image Library, CC BY-SA 2.0 , via Wikimedia Commons
Daderot, CC0, via Wikimedia Commons",Shrub,Shrub,,,,,hidden,Physical good,,,,N,N,N,Y,25.00,,N,,,,,,,0,,,,Y
#rhododendron-prinophyllum-roseshell-azalea--true-gallon,DAO7AG5ZCRKCXPU6VYKHBLPO,Rhododendron prinophyllum (Roseshell Azalea),,True Gallon,,Rhopri12,,Shrub,Shrub,,,,,hidden,Physical good,,,,,,,,30.00,,N,,,,,,,0,,,,Y
#rhododendron-prinophyllum-roseshell-azalea--2-gallon,OY2LC23GGUC3X4NGV2DKDE4P,Rhododendron prinophyllum (Roseshell Azalea),,2 Gallon,,Rhopri15,,Shrub,Shrub,,,,,hidden,Physical good,,,,,,,,50.00,,N,,,,,,,0,,,,Y
#rhododendron-prinophyllum-roseshell-azalea--3-gallon,6FPYYN6G2HUKK367JOUY2SV5,Rhododendron prinophyllum (Roseshell Azalea),,3 Gallon,,Rhopri18,,Shrub,Shrub,,,,,hidden,Physical good,,,,,,,,60.00,,N,,,,,,,0,,,,Y
#rhododendron-prinophyllum-roseshell-azalea--5-gallon,SNEGHRI7VVAK53FGTJQURY4T,Rhododendron prinophyllum (Roseshell Azalea),,5 Gallon,,Rhopri21,,Shrub,Shrub,,,,,hidden,Physical good,,,,,,,,70.00,,N,,,,,,,0,,,,Y
#rhododendron-viscosum-swamp-azalea--gallon,WSJ4VN4SAHKJKVUTTE2QW2IW,Rhododendron viscosum (Swamp Azalea),,Gallon,,Rhovis9,"Found in swamps and bogs, this plant can tolerate periodic drought, although not consistently wet roots. White-to-pink flowers emerge early summer. Leaves turn yellow, orange, purple in fall.

Size: Height: 3' - 5' ; Width: 3' -5'
Light: Shade (Part-Full)
Moisture: Moist, 

-March 1st- May 1 2026: For sizes valued at $50 or above, a $25 discount can be applied courtesy of the Throwing Shade Virginia program. If you purchase online, this discount will be applied as a refund when you pick up your plants. (see https://rb.gy/lukcmf for details)

Plant Image Library, CC BY-SA 2.0 , via Wikimedia Commons",Shrub,Shrub,,,,,hidden,Physical good,,,,N,N,N,Y,25.00,,N,,,,,,,0,,,,Y
#rhododendron-viscosum-swamp-azalea--true-gallon,6YYTDPUBJQTZOY3U6F6YATDH,Rhododendron viscosum (Swamp Azalea),,True Gallon,,Rhovis12,,Shrub,Shrub,,,,,hidden,Physical good,,,,,,,,30.00,,N,,,,,,,0,,,,Y
#rhododendron-viscosum-swamp-azalea--2-gallon,VUIHFEIAKQCDEKSFQRXL5MV2,Rhododendron viscosum (Swamp Azalea),,2 Gallon,,Rhovis15,,Shrub,Shrub,,,,,hidden,Physical good,,,,,,,,50.00,,N,,,,,,,0,,,,Y
#rhododendron-viscosum-swamp-azalea--3-gallon,RQIKM6Y3DQOP7QF7S3EC7Y7E,Rhododendron viscosum (Swamp Azalea),,3 Gallon,,Rhovis18,,Shrub,Shrub,,,,,hidden,Physical good,,,,,,,,60.00,,N,,,,,,,0,,,,Y
#rhododendron-viscosum-swamp-azalea--5-gallon,Z72HPTEMD37B7K2IYDUZ64YL,Rhododendron viscosum (Swamp Azalea),,5 Gallon,,Rhovis21,,Shrub,Shrub,,,,,hidden,Physical good,,,,,,,,70.00,,N,,,,,,,0,,,,Y
#rhus-aromatica-fragrant-sumac--gallon,IM4JAB76BZ5MOUSEFGZBZVKF,Rhus aromatica (Fragrant Sumac),,Gallon,,Rhuaro9,"This reaching shrub can spread through root suckers. It's leaves are aromatic when crushed and turn color in the fall. Small, red fruits on female shrubs are edible by wildlife. Tolerates clay, poor soils.

Size: Height: 2' - 6' ; Width: 6' -10'
Light: Sun (Part-Full)
Moisture: Very Dry, Dry, 

-March 1st- May 1 2026: For sizes valued at $50 or above, a $25 discount can be applied courtesy of the Throwing Shade Virginia program. If you purchase online, this discount will be applied as a refund when you pick up your plants. (see https://rb.gy/lukcmf for details)

Salicyna, CC BY-SA 4.0 , via Wikimedia Commons, Krzysztof Ziarnek, Kenraiz, CC BY-SA 4.0 , via Wikimedia Commons
Bruce Marlin, CC BY-SA 3.0 , via Wikimedia Commons",Shrub,Shrub,,,,,visible,Physical good,,,,N,N,N,Y,22.00,,N,,N,,N,,,0,,,,Y
#rhus-aromatica-fragrant-sumac--true-gallon,6GRP5CKFLJC5RE52MWLWPEJ3,Rhus aromatica (Fragrant Sumac),,True Gallon,,Rhuaro12,,Shrub,Shrub,,,,,visible,Physical good,,,,,,,,25.00,,N,,,,N,,,1,,,,Y
#rhus-aromatica-fragrant-sumac--2-gallon,6SK5NW7Y36WF57KAW5A2TLE5,Rhus aromatica (Fragrant Sumac),,2 Gallon,,Rhuaro15,,Shrub,Shrub,,,,,visible,Physical good,,,,,,,,37.00,,N,,,,N,,,3,,,,Y
#rhus-aromatica-fragrant-sumac--3-gallon,NGZB76C74TOQ6ZDYTU64NRHS,Rhus aromatica (Fragrant Sumac),,3 Gallon,,Rhuaro18,,Shrub,Shrub,,,,,visible,Physical good,,,,,,,,50.00,,N,,,,N,,,0,,,,Y
#rhus-aromatica-fragrant-sumac--5-gallon,XOCZGR4BPRHGMYAJINNUKBEY,Rhus aromatica (Fragrant Sumac),,5 Gallon,,Rhuaro21,,Shrub,Shrub,,,,,visible,Physical good,,,,,,,,60.00,,N,,,,N,,,0,,,,Y
#rhus-typhina-staghorn-sumac--gallon,DMGFSJVQBT5RTHVD2WO76IE4,Rhus typhina (Staghorn Sumac),,Gallon,,Rhutyp9,"Reddish hairs cover young branches like the velvet of stag horns on deer. Tooth-leaved branches turn yellow/orange/red in autumn. Green-yellow flowers in early summer. Pyramidal red fruits ripen in autumn and persist through winter. Drought Tolerant.

Size: Height: 15' - 25' ; Width: 20' -30'
Light: Sun (Part-Full)
Moisture: Very Dry, Dry, 

-March 1st- May 1 2026: For sizes valued at $50 or above, a $25 discount can be applied courtesy of the Throwing Shade Virginia program. If you purchase online, this discount will be applied as a refund when you pick up your plants. (see https://rb.gy/lukcmf for details)

Herman, D.E., et al. 1996. North Dakota tree handbook. USDA NRCS ND State Soil Conservation Committee; NDSU Extension and Western Area Power Administration, Bismarck. Courtesy of ND State Soil Conservation Committee. Provided by USDA NRCS ND State Office. United States, ND. [Public domain], Tom Pollard, CC BY 4.0 , via Wikimedia Commons",Shrub,Shrub,,,,,visible,Physical good,,,,N,N,N,Y,22.00,,N,,,,,,,0,,,,Y
#rhus-typhina-staghorn-sumac--true-gallon,623JP7KA3FAYKYAWMTQ3TGQV,Rhus typhina (Staghorn Sumac),,True Gallon,,Rhutyp12,,Shrub,Shrub,,,,,visible,Physical good,,,,,,,,25.00,,N,,,,,,,5,,,,Y
#rhus-typhina-staghorn-sumac--2-gallon,B22ANCKAJIPJU3AUCRKGKGNO,Rhus typhina (Staghorn Sumac),,2 Gallon,,Rhutyp15,,Shrub,Shrub,,,,,visible,Physical good,,,,,,,,37.00,,N,,,,,,,9,,,,Y
#rhus-typhina-staghorn-sumac--3-gallon,YWPKWOIQIRDXHSF7RVEGPM2C,Rhus typhina (Staghorn Sumac),,3 Gallon,,Rhutyp18,,Shrub,Shrub,,,,,visible,Physical good,,,,,,,,50.00,,N,,,,,,,0,,,,Y
#rhus-typhina-staghorn-sumac--5-gallon,MCGLYQ7KTOVBNWOZOOXWFKPM,Rhus typhina (Staghorn Sumac),,5 Gallon,,Rhutyp21,,Shrub,Shrub,,,,,visible,Physical good,,,,,,,,60.00,,N,,,,,,,0,,,,Y
#robinia-hispida-bristly-locust--gallon,IE4WYGJ6UWP6OJODQ3CAHTFA,Robinia hispida (Bristly Locust),,Gallon,,Robhis9,"Rose to pale purple flowers appear in May, followed by bristly, purple seed pods. Plant is stiffly hair. Tolerates dry, poor soils and Deer. Aggressive spreader.

Size: Height: 2' - 10' ; Width: 5' -15'
Light: Sun (Full)
Moisture: Dry, Medium, 

-

Ivana Kruljevi?, CC BY 4.0 , via Wikimedia Commons",Shrub,Shrub,,,,,hidden,Physical good,,,,N,N,N,Y,22.00,,N,,,,,,,0,,,,Y
#robinia-hispida-bristly-locust--true-gallon,PCRDXTKYDGI6KL5SZX2YBWRH,Robinia hispida (Bristly Locust),,True Gallon,,Robhis12,,Shrub,Shrub,,,,,hidden,Physical good,,,,,,,,25.00,,N,,,,,,,0,,,,Y
#robinia-hispida-bristly-locust--2-gallon,5H6XU36HCZCCHI5FZEJU5A43,Robinia hispida (Bristly Locust),,2 Gallon,,Robhis15,,Shrub,Shrub,,,,,hidden,Physical good,,,,,,,,37.00,,N,,,,,,,0,,,,Y
#robinia-hispida-bristly-locust--3-gallon,SP3KNEG2VHOEDI5X2QE2J2BT,Robinia hispida (Bristly Locust),,3 Gallon,,Robhis18,,Shrub,Shrub,,,,,hidden,Physical good,,,,,,,,50.00,,N,,,,,,,0,,,,Y
#robinia-hispida-bristly-locust--5-gallon,3OIU2AHQTRLTNCT7VROHDTBR,Robinia hispida (Bristly Locust),,5 Gallon,,Robhis21,,Shrub,Shrub,,,,,hidden,Physical good,,,,,,,,60.00,,N,,,,,,,0,,,,Y
#rosa-carolina-pasture-rose--gallon,PF3TOCWSWYDEQDA767TIUVDK,Rosa carolina (Pasture Rose),,Gallon,,Roscar9,"Can spread to form colonies. Single, pink flowers bloom in may with red hips in the late summer. Attracts birds and butterflies

Size: Height: 3' - 6' ; Width: 5' -10'
Light: Sun (Full)
Moisture: Dry, Medium, 

-

Salicyna, CC BY-SA 4.0 , via Wikimedia Commons",Shrub,Shrub,,,,,visible,Physical good,,,,N,N,N,Y,22.00,,N,,N,,N,,,0,,,,Y
#rosa-carolina-pasture-rose--true-gallon,XYR4E26FNV5H2I6R7KM67NHT,Rosa carolina (Pasture Rose),,True Gallon,,Roscar12,,Shrub,Shrub,,,,,visible,Physical good,,,,,,,,25.00,,N,,,,N,,,2,,,,Y
#rosa-carolina-pasture-rose--2-gallon,EIBBGKCEEZQXKNABUW5VMMFT,Rosa carolina (Pasture Rose),,2 Gallon,,Roscar15,,Shrub,Shrub,,,,,visible,Physical good,,,,,,,,37.00,,N,,,,N,,,1,,,,Y
#rosa-carolina-pasture-rose--3-gallon,VOFVYOB7IROPGEEMOHQGTNYA,Rosa carolina (Pasture Rose),,3 Gallon,,Roscar18,,Shrub,Shrub,,,,,visible,Physical good,,,,,,,,50.00,,N,,,,N,,,0,,,,Y
#rosa-carolina-pasture-rose--5-gallon,BBAGVLHYIQB6JXEIAMBXOT3T,Rosa carolina (Pasture Rose),,5 Gallon,,Roscar21,,Shrub,Shrub,,,,,visible,Physical good,,,,,,,,60.00,,N,,,,N,,,0,,,,Y
#rosa-palustris-swamp-rose--gallon,H5KKIF34Z5NADV4HQ5AVFJ2Y,Rosa palustris (Swamp Rose),,Gallon,,Rospal9,"Pink blooms in the summer characterize this swamp plant, making it an excellent choice for wet, sunny conditions. Tolerates seasonal flooding.

Size: Height: 3' - 6' ; Width: 3' -6'
Light: Sun (Full)
Moisture: Moist, Standing Water,

-

Fritz Flohr Reynolds, CC BY-SA 2.0 , via Wikimedia Commons, mmmavocado, CC BY 2.0 , via Wikimedia Commons
I, SB Johnny, CC BY-SA 3.0 , via Wikimedia Commons",Shrub,Shrub,,,,,visible,Physical good,,,,N,N,N,Y,22.00,,N,,,,,,,0,,,,Y
#rosa-palustris-swamp-rose--true-gallon,P554LWATCONIUKEVNGCGOJ7K,Rosa palustris (Swamp Rose),,True Gallon,,Rospal12,,Shrub,Shrub,,,,,visible,Physical good,,,,,,,,25.00,,N,,,,,,,0,,,,Y
#rosa-palustris-swamp-rose--2-gallon,7UIOLA3FHVPVCH5HAYWTLKRU,Rosa palustris (Swamp Rose),,2 Gallon,,Rospal15,,Shrub,Shrub,,,,,visible,Physical good,,,,,,,,37.00,,N,,,,,,,0,,,,Y
#rosa-palustris-swamp-rose--3-gallon,K7MN4QS62HOUN7ZJ6B5I77PT,Rosa palustris (Swamp Rose),,3 Gallon,,Rospal18,,Shrub,Shrub,,,,,visible,Physical good,,,,,,,,50.00,,N,,,,,,,0,,,,Y
#rosa-palustris-swamp-rose--5-gallon,QT72IKV54UYB2FOUSUXHQFHT,Rosa palustris (Swamp Rose),,5 Gallon,,Rospal21,,Shrub,Shrub,,,,,visible,Physical good,,,,,,,,60.00,,N,,,,,,,3,,,,Y
#rubus-odoratus-purple-flowering-raspberry--gallon,DNQGXSO7FDGNGVKZVYAUBIUQ,Rubus odoratus (Purple Flowering Raspberry),,Gallon,,Rubodo9,"Deciduous suckering shrub with large canes.  One of the most easily identifiable rubus species due to their gorgeous palmately lobed leaves, hairy stems and pink-purple rose shaped flowers that bloom in Spring and Summer. Edible fruits mature in summer. Attracts bees, butterflies, birds and small mammals

Size: Height: 3' - 6' ; Width: 4' -8'
Light: Sun (Part-Full)
Moisture: Medium, 

-

Ryan Hodnett, CC BY-SA 4.0 , via Wikimedia Commons,    Ryan Hodnett, CC BY-SA 4.0 , via Wikimedia,   Commons, Anneli Salo, CC BY-SA 4.0 , via Wikimedia Commons",Shrub,Shrub,,,,,hidden,Physical good,,,,N,N,N,Y,22.00,,N,,N,,,,,0,,,,Y
#rubus-odoratus-purple-flowering-raspberry--true-gallon,NS3EPXDOSTUFXHUGFEBZUPKU,Rubus odoratus (Purple Flowering Raspberry),,True Gallon,,Rubodo12,,Shrub,Shrub,,,,,hidden,Physical good,,,,,,,,25.00,,N,,,,,,,0,,,,Y
#rubus-odoratus-purple-flowering-raspberry--2-gallon,MSL7RGXYQCCHGE63VG6HB3FG,Rubus odoratus (Purple Flowering Raspberry),,2 Gallon,,Rubodo15,,Shrub,Shrub,,,,,hidden,Physical good,,,,,,,,37.00,,N,,,,,,,0,,,,Y
#rubus-odoratus-purple-flowering-raspberry--3-gallon,AY7W45KUYX3PPFGP4FYY4FDH,Rubus odoratus (Purple Flowering Raspberry),,3 Gallon,,Rubodo18,,Shrub,Shrub,,,,,hidden,Physical good,,,,,,,,50.00,,N,,,,,,,0,,,,Y
#rubus-odoratus-purple-flowering-raspberry--5-gallon,R4PFS2FCK4RHGDPKX5A2UACZ,Rubus odoratus (Purple Flowering Raspberry),,5 Gallon,,Rubodo21,,Shrub,Shrub,,,,,hidden,Physical good,,,,,,,,60.00,,N,,,,,,,0,,,,Y
#rudbeckia-fulgida-orange-coneflower--4-5-pot,3PAG4X2WFLGGFWOBMCUL266D,Rudbeckia fulgida (Orange Coneflower),,"4.5"" Pot",,Rudful3,"Clump-forming coneflower with yellow, daily-like flowers in mid-summer to fall. Prefer consistent moisture until established, then drought tolerant. Deer tolerant. Dry/rocky soil tolerant.

Size: Height: 2' - 3' ; Width: 2' -2'
Light: Sun (Full)
Moisture: Dry, Medium,

-",Flower,Flower,,,,,visible,Physical good,,,,N,N,N,Y,12.00,,N,,N,,N,,,202,,,,Y
#rudbeckia-fulgida-orange-coneflower--gallon,M4SG5QFSL3RUAEWJ6NV6VQXL,Rudbeckia fulgida (Orange Coneflower),,Gallon,,Rudful9,,Flower,Flower,,,,,visible,Physical good,,,,,,,,17.00,,N,,,,N,,,18,,,,Y
#rudbeckia-fulgida-orange-coneflower--true-gallon,YKLONHU6FV2RQOEMMJ3LVYLY,Rudbeckia fulgida (Orange Coneflower),,True Gallon,,Rudful12,,Flower,Flower,,,,,visible,Physical good,,,,,,,,19.00,,N,,,,N,,,0,,,,Y
#rudbeckia-hirta-black-eyed-susan--4-5-pot,MFBK3JRY6VFE3LWGS6DDUHU2,Rudbeckia hirta (Black Eyed Susan),,"4.5"" Pot",,Rudhir3,"One of the most popular native flowers, Black-Eyed Susans spread over open fields and attract butterflies. Deer Resistant!

Size: Height: 1' - 4' ; Width: 1' -2'
Light: Shade (Part-Full)
Moisture: Dry, Medium, 

-

Krzysztof Ziarnek, Kenraiz, CC BY-SA 4.0 , via Wikimedia Commons; 
Krzysztof Ziarnek, Kenraiz, CC BY-SA 4.0 , via Wikimedia Commons; 
Frank Mayfield from Chicago area, USA, CC BY-SA 2.0 , via Wikimedia Commons",Flower,Flower,,,,,hidden,Physical good,,,,N,N,N,Y,6.00,,N,,,,,,,0,,,,Y
#rudbeckia-hirta-black-eyed-susan--gallon,DGNF4ZIXGRPOGK5KAZBKB3AO,Rudbeckia hirta (Black Eyed Susan),,Gallon,,Rudhir9,,Flower,Flower,,,,,hidden,Physical good,,,,,,,,13.00,,N,,,,,,,0,,,,Y
#rudbeckia-hirta-black-eyed-susan--true-gallon,6F5EXY6ICYWSVPEUXGGCDYOS,Rudbeckia hirta (Black Eyed Susan),,True Gallon,,Rudhir12,,Flower,Flower,,,,,hidden,Physical good,,,,,,,,15.00,,N,,,,,,,0,,,,Y
#rudbeckia-laciniata-cut-leaved-coneflower--4-5-pot,DFIN5PTRF2JZO74HV47N7NYA,Rudbeckia laciniata (Cut-Leaved Coneflower),,"4.5"" Pot",,Rudlac3,"Cheery, yellow flowers stand tall and attract butterflies, bees, and some birds. Also makes great cut flowers. 

Size: Height: 3' - 10' ; Width: 1' -3'
Light: Sun (Part-Full)
Moisture: Dry, Medium, 

-

Krzysztof Ziarnek, Kenraiz, CC BY-SA 4.0 , via Wikimedia Commons",Flower,Flower,,,,,visible,Physical good,,,,N,N,N,Y,12.00,,N,,,,N,,,15,,,,Y
#rudbeckia-laciniata-cut-leaved-coneflower--gallon,J2AEVNVOS3T5RPYLMM6YRMYI,Rudbeckia laciniata (Cut-Leaved Coneflower),,Gallon,,Rudlac9,,Flower,Flower,,,,,visible,Physical good,,,,,,,,17.00,,N,,,,N,,,13,,,,Y
#rudbeckia-laciniata-cut-leaved-coneflower--true-gallon,XSTP54MU5RTMLJJTOZNADCGB,Rudbeckia laciniata (Cut-Leaved Coneflower),,True Gallon,,Rudlac12,,Flower,Flower,,,,,visible,Physical good,,,,,,,,19.00,,N,,,,N,,,0,,,,Y
#rudbeckia-triloba-brown-eyed-susan--4-5-pot,G3RJJLXFCMJLHBCFVJXRBKZU,Rudbeckia triloba (Brown Eyed Susan),,"4.5"" Pot",,Rudtri3,"Densely branched short-lived perennial will self-seed. Dyellow, daisy-like flowers bloom densely in the plant from summer to fall. Attracts butterflies. Deer resistant.

Size: Height: 1' - 3' ; Width: 1.5' -1.5'
Light: Shade (Part-Full)
Moisture: Dry, Medium, 

-

Krzysztof Ziarnek, Kenraiz, CC BY-SA 4.0 , via Wikimedia Commons",Flower,Flower,,,,,visible,Physical good,,,,N,N,N,Y,12.00,,N,,N,,,,,114,,,,Y
#rudbeckia-triloba-brown-eyed-susan--gallon,OHQXF5GG2UISB6FPUTUC3R2I,Rudbeckia triloba (Brown Eyed Susan),,Gallon,,Rudtri9,,Flower,Flower,,,,,visible,Physical good,,,,,,,,17.00,,N,,,,,,,0,,,,Y
#rudbeckia-triloba-brown-eyed-susan--true-gallon,DKXGJML6CASFC2OU7BWVPAFW,Rudbeckia triloba (Brown Eyed Susan),,True Gallon,,Rudtri12,,Flower,Flower,,,,,visible,Physical good,,,,,,,,19.00,,N,,,,,,,0,,,,Y
#ruellia-humilis-low-wild-petunia--4-5-pot,JYSWFHTD6PQLC4ETVSVFOPCT,Ruellia humilis (Low Wild Petunia),,"4.5"" Pot",,Ruehum3,"Tubular, bell-shaped lavender flowers bloom May to October. Oblong to lancelike olive green leaves. Hairy stems and leaves. Attracts butterflies.

Size: Height: 1.5' - 2' ; Width: 1.5' -2'
Light: Sun (Part-Full)
Moisture: Dry, Medium, 

-

peganum from Small Dole, England, CC BY-SA 2.0 , via Wikimedia Commons, Alvesgaspar, CC BY-SA 3.0 , via Wikimedia Commons
Leonora (Ellie) Enking from East Preston, United Kingdom, CC BY-SA 2.0 , via Wikimedia Commons",Flower,Flower,,,,,visible,Physical good,,,,N,N,N,Y,12.00,,N,,,,N,,,168,,,,Y
#ruellia-humilis-low-wild-petunia--gallon,VHJRALZC3FIYZIEMQ7MG4M4E,Ruellia humilis (Low Wild Petunia),,Gallon,,Ruehum9,,Flower,Flower,,,,,visible,Physical good,,,,,,,,17.00,,N,,,,N,,,8,,,,Y
#ruellia-humilis-low-wild-petunia--true-gallon,S22DREQ7FTH6F22QBVJUIKCS,Ruellia humilis (Low Wild Petunia),,True Gallon,,Ruehum12,,Flower,Flower,,,,,visible,Physical good,,,,,,,,19.00,,N,,,,N,,,0,,,,Y
#ruellia-strepens-smooth-wild-petunia--4-5-pot,CT3TRHL4HIKJGBP4SPUXFAZR,Ruellia strepens (Smooth Wild Petunia),,"4.5"" Pot",,Ruestr3,"Clump-forming perennial with pale lilac to lavender petunia like flowers. Flowers bloom May to September. Tolerate close to full shade.

Size: Height: 1' - 3' ; Width: 1' -1.5'
Light: Shade (Full)
Moisture: Medium,

-",Flower,Flower,,,,,visible,Physical good,,,,N,N,N,Y,12.00,,N,,,,,,,0,,,,Y
#ruellia-strepens-smooth-wild-petunia--gallon,MRZ3KUCOFSUYCHHYMLZUYTQA,Ruellia strepens (Smooth Wild Petunia),,Gallon,,Ruestr9,,Flower,Flower,,,,,visible,Physical good,,,,,,,,17.00,,N,,,,,,,26,,,,Y
#ruellia-strepens-smooth-wild-petunia--true-gallon,G4ENQ7IVAQTABKZ3QX7XXGYH,Ruellia strepens (Smooth Wild Petunia),,True Gallon,,Ruestr12,,Flower,Flower,,,,,visible,Physical good,,,,,,,,19.00,,N,,,,,,,0,,,,Y
#sticker-heliopsis-helianthoides-sticker,HA4D25CFWCOQHUHCZGI4EWEU,STICKER: Heliopsis Helianthoides,,Sticker,,Stk00198,"Size:
Light:
Moisture:

-",,,,,,,visible,Physical good,,,,Y,,N,Y,3.00,,N,,,,,,,25,,,,Y
#sticker-monarch-butterfly-chrysalis-sticker,P7LEMP3KPXI263RWBK3HPW6C,STICKER: Monarch Butterfly & Chrysalis,,Sticker,,Stk00298,"Size:
Light:
Moisture:

-",,,,,,,visible,Physical good,,,,Y,,N,Y,3.00,,N,,,,,,,25,,,,Y
#sticker-purple-echinacea-sticker,4ZQQ5GREH73M3QW4FS6K4XXY,STICKER: Purple Echinacea,,Sticker,,Stk00398,"Size:
Light:
Moisture:

-",,,,,,,visible,Physical good,,,,Y,,N,Y,3.00,,N,,,,,,,25,,,,Y
#sticker-scarlett-bee-balm-w-bumblebees-sticker,GL6KMIAODMBNZL2GR3YU72ZU,STICKER: Scarlett Bee Balm w/ bumblebees,,Sticker,,Stk00498,"Size:
Light:
Moisture:

-",,,,,,,visible,Physical good,,,,Y,,N,Y,3.00,,N,,,,,,,0,,,,Y
#sticker-showy-orchid-sticker,VVMSLLYCNIN6H7FFR4JA72Q2,STICKER: Showy Orchid,,Sticker,,Stk00598,"Size:
Light:
Moisture:

-",,,,,,,visible,Physical good,,,,Y,,N,Y,3.00,,N,,,,,,,25,,,,Y
#sagittaria-latifolia-broad-leaved-arrowhead--4-5-pot,HYQQ5AX4FXLDPKIHE2TJHGJ3,Sagittaria latifolia (Broad-leaved Arrowhead),,"4.5"" Pot",,Saglat3,"Found in marshes, swamps and bogs this plant prefers standing water or moist soils.  Blooms three petaled white flowers and underground starchy tubers that are eatten by ducks and turtles. 

Size: Height: 2' - 3' ; Width: 2' -3'
Light: Sun (Part-Full)
Moisture: Moist, Standing Water,

-

Fritzflohrreynolds, CC BY-SA 3.0 , via Wikimedia Commons,   Ryan Hodnett, CC BY-SA 4.0 , via Wikimedia Commons",Flower,Flower,,,,,visible,Physical good,,,,N,N,N,Y,12.00,,N,,N,,,,,4,,,,Y
#sagittaria-latifolia-broad-leaved-arrowhead--gallon,63QPFPGUX4D5EXLRJZF2ATWL,Sagittaria latifolia (Broad-leaved Arrowhead),,Gallon,,Saglat9,,Flower,Flower,,,,,visible,Physical good,,,,,,,,17.00,,N,,,,,,,6,,,,Y
#sagittaria-latifolia-broad-leaved-arrowhead--true-gallon,PFWWKWY7WL2YWUSV2GRQNBAH,Sagittaria latifolia (Broad-leaved Arrowhead),,True Gallon,,Saglat12,,Flower,Flower,,,,,visible,Physical good,,,,,,,,19.00,,N,,,,,,,0,,,,Y
#salix-discolor-pussy-willow--gallon,F34XAGVXGS75GZWRWFGFQAO5,Salix discolor (Pussy Willow),,Gallon,,Saldis9,"Large multi stemmed dioecious shrub.  Male shrubs bloom silky gray flowers in spring before leaves emerge.  Females produce smaller green catkins.  Rapid spreading to form thickets. Tolerant of severe pruning after flowering.

Size: Height: 10' - 20' ; Width: 8' -12'
Light: Sun (Part-Full)
Moisture: Medium, Moist, 

-

Silk666, CC BY-SA 3.0 , via Wikimedia Commons,   Famartin, CC BY-SA 4.0 , via Wikimedia Commons,",Shrub,Shrub,,,,,visible,Physical good,,,,N,N,N,Y,22.00,,N,,N,,,,,0,,,,Y
#salix-discolor-pussy-willow--true-gallon,KVS5EFDOP7G4T3MZ76UCSJ4F,Salix discolor (Pussy Willow),,True Gallon,,Saldis12,,Shrub,Shrub,,,,,visible,Physical good,,,,,,,,25.00,,N,,,,,,,0,,,,Y
#salix-discolor-pussy-willow--2-gallon,NKKSB2QEDNRCWG4UUS4YLNMM,Salix discolor (Pussy Willow),,2 Gallon,,Saldis15,,Shrub,Shrub,,,,,visible,Physical good,,,,,,,,37.00,,N,,,,,,,3,,,,Y
#salix-discolor-pussy-willow--3-gallon,2Q6HZ47XW35RFBKX5J44HD7Z,Salix discolor (Pussy Willow),,3 Gallon,,Saldis18,,Shrub,Shrub,,,,,visible,Physical good,,,,,,,,50.00,,N,,,,,,,2,,,,Y
#salix-discolor-pussy-willow--5-gallon,N2MT7ZMPJ2CA64KGCM4Q2JNN,Salix discolor (Pussy Willow),,5 Gallon,,Saldis21,,Shrub,Shrub,,,,,visible,Physical good,,,,,,,,60.00,,N,,,,,,,0,,,,Y
#salix-nigra-black-willow--gallon,K6ZNVN6ZJM5ZXGBFHFLQRJ4E,Salix nigra (Black Willow),,Gallon,,Salnig9,"Deciduous fast growing tree prefers moist soils and full sun. Dark brown to black bark, develops deep groves and rough texture with shaggy scales as it ages. Avoid full shade and do not alloy soil to dry out.

Size: Height: 36' - 72' ; Width: 30' -60'
Light: Sun (Part-Full)
Moisture: Moist, Standing Water,

-March 1st- May 1 2026: For sizes valued at $50 or above, a $25 discount can be applied courtesy of the Throwing Shade Virginia program. If you purchase online, this discount will be applied as a refund when you pick up your plants. (see https://rb.gy/lukcmf for details)",Tree,Tree,,,,,hidden,Physical good,,,,N,N,N,Y,22.00,,N,,,,,,,0,,,,Y
#salix-nigra-black-willow--true-gallon,4LQOSQ4V4HOKWPVVKDWZ5MZS,Salix nigra (Black Willow),,True Gallon,,Salnig12,,Tree,Tree,,,,,hidden,Physical good,,,,,,,,25.00,,N,,,,,,,0,,,,Y
#salix-nigra-black-willow--2-gallon,WJ7JX5HW7T5AA2BECRWZ2AQZ,Salix nigra (Black Willow),,2 Gallon,,Salnig15,,Tree,Tree,,,,,hidden,Physical good,,,,,,,,50.00,,N,,,,,,,0,,,,Y
#salix-nigra-black-willow--3-gallon,2J4U7N6QPJYTVVVSP7JM3C2J,Salix nigra (Black Willow),,3 Gallon,,Salnig18,,Tree,Tree,,,,,hidden,Physical good,,,,,,,,60.00,,N,,,,,,,0,,,,Y
#salix-nigra-black-willow--5-gallon,JZVEYXNFYJY5LTZLMNIHMWES,Salix nigra (Black Willow),,5 Gallon,,Salnig21,,Tree,Tree,,,,,hidden,Physical good,,,,,,,,70.00,,N,,,,,,,0,,,,Y
#salvia-lyrata-lyre-leaved-sage--4-5-pot,TDOT6NRYUWHAT7DSERQB5C6I,Salvia lyrata (Lyre-Leaved Sage),,"4.5"" Pot",,Sallyr3,"This perennial prefers sandy soils and clays. Two-lipped, purple flowers bloom in late spring and attract bees and butterflies. Can self-seed to naturalize an area. Deer resistant.

Size: Height: 1' - 2' ; Width: 1' -1'
Light: Sun (Full)
Moisture: Dry, Moist,

-

Kaldari, Public domain, via Wikimedia Commons",Flower,Flower,,,,,visible,Physical good,,,,N,N,N,Y,12.00,,N,,,,N,,,174,,,,Y
#salvia-lyrata-lyre-leaved-sage--gallon,SARXENBAYCZWMTJQCSTBBKLK,Salvia lyrata (Lyre-Leaved Sage),,Gallon,,Sallyr9,,Flower,Flower,,,,,visible,Physical good,,,,,,,,17.00,,N,,,,N,,,18,,,,Y
#salvia-lyrata-lyre-leaved-sage--true-gallon,5AJVYJRZRN5ACTYEWXN3LJXF,Salvia lyrata (Lyre-Leaved Sage),,True Gallon,,Sallyr12,,Flower,Flower,,,,,visible,Physical good,,,,,,,,19.00,,N,,,,N,,,0,,,,Y
#sambucus-canadensis-elderberry--gallon,LOEV7ONZ53QXGZOHB6NWIUHY,Sambucus canadensis (Elderberry),,Gallon,,Samcan9,"Deciduous shrub prefers moist soils. Tiny, lemon-scented flowers appear in clusters 10"" across in early summer and create black elderberries in late summer that can make jams, pie fillings, and feed wildlife. Tolerates clay.

Size: Height: 5' - 12' ; Width: 5' -12'
Light: Sun (Part-Full)
Moisture: Medium, Moist, 

-March 1st- May 1 2026: For sizes valued at $50 or above, a $25 discount can be applied courtesy of the Throwing Shade Virginia program. If you purchase online, this discount will be applied as a refund when you pick up your plants. (see https://rb.gy/lukcmf for details)

Philiptdotcom, CC BY-SA 4.0 , via Wikimedia Commons",Shrub,Shrub,,,,,visible,Physical good,,,,N,N,N,Y,22.00,,N,,,,,,,0,,,,Y
#sambucus-canadensis-elderberry--true-gallon,G6UCLLFNQY5TN7YK745SIURK,Sambucus canadensis (Elderberry),,True Gallon,,Samcan12,,Shrub,Shrub,,,,,visible,Physical good,,,,,,,,25.00,,N,,,,,,,1,,,,Y
#sambucus-canadensis-elderberry--2-gallon,KLHEZNVO4V4PGVBEZGCAGSDW,Sambucus canadensis (Elderberry),,2 Gallon,,Samcan15,,Shrub,Shrub,,,,,visible,Physical good,,,,,,,,37.00,,N,,,,,,,6,,,,Y
#sambucus-canadensis-elderberry--3-gallon,JPPDD3WIY4TVS6EKWETMJQPO,Sambucus canadensis (Elderberry),,3 Gallon,,Samcan18,,Shrub,Shrub,,,,,visible,Physical good,,,,,,,,50.00,,N,,,,,,,0,,,,Y
#sambucus-canadensis-elderberry--5-gallon,6P25UGTIET7BOEDT5PCDQLP6,Sambucus canadensis (Elderberry),,5 Gallon,,Samcan21,,Shrub,Shrub,,,,,visible,Physical good,,,,,,,,60.00,,N,,,,,,,0,,,,Y
#sanguinaria-canadensis-bloodroot--4-5-pot,OIT5E5ZAJRTOKVKAIMBNHY2U,Sanguinaria canadensis (Bloodroot),,"4.5"" Pot",,Sancan3,"Bright, short-lived, white, 2"" flowers bloom in early spring. Spreads to form colonies through rhizomes. Goes dormant in mid-to-late summer. Reddish-orange sap ""bleeds"" when plant is cut.

Size: Height: 0.5' - 1' ; Width: 0.25' -0.5'
Light: Shade (Full)
Moisture: Medium,

-",Flower,Flower,,,,,hidden,Physical good,,,,N,N,N,Y,15.00,,N,,,,,,,0,,,,Y
#sanguinaria-canadensis-bloodroot--gallon,43ES3E346QEB2LHKTBRBJEES,Sanguinaria canadensis (Bloodroot),,Gallon,,Sancan9,,Flower,Flower,,,,,hidden,Physical good,,,,,,,,21.00,,N,,,,,,,0,,,,Y
#sanguinaria-canadensis-bloodroot--true-gallon,25HBZEWT4TKEHSVN4LD4LYOU,Sanguinaria canadensis (Bloodroot),,True Gallon,,Sancan12,,Flower,Flower,,,,,hidden,Physical good,,,,,,,,23.00,,N,,,,,,,0,,,,Y
#sassafras-albidum-sassafras--gallon,XD6UOADGHCVO2YIESV6QTG7X,Sassafras albidum (Sassafras),,Gallon,,Sasalb9,"Root suckers can make this form multiple trunks and colonies. The leaves turn yellow, purple, and red in the fall. Deer, drought, and clay tolerant.

Size: Height: 30' - 60' ; Width: 24' -40'
Light: Shade (Part-Full)
Moisture: Medium, 

-March 1st- May 1 2026: For sizes valued at $50 or above, a $25 discount can be applied courtesy of the Throwing Shade Virginia program. If you purchase online, this discount will be applied as a refund when you pick up your plants. (see https://rb.gy/lukcmf for details)

By Pymouss - Own work, CC BY-SA 3.0, https://commons.wikimedia.org/w/index.php?curid=7804970
By Michal Klajban - Own work, CC BY-SA 4.0, https://commons.wikimedia.org/w/index.php?curid=94850747
Helen Lowe: https://www.flickr.com/photos/usgsbiml/25422845638            Alex Abair, CC BY 4.0 , via Wikimedia Commons",Tree,Tree,,,,,hidden,Physical good,,,,N,N,N,Y,22.00,,N,,N,,N,,,0,,,,Y
#sassafras-albidum-sassafras--true-gallon,R6TQAANPJX3ILVQPVM2RTJJJ,Sassafras albidum (Sassafras),,True Gallon,,Sasalb12,,Tree,Tree,,,,,hidden,Physical good,,,,,,,,25.00,,N,,,,N,,,0,,,,Y
#sassafras-albidum-sassafras--2-gallon,TZTVO5BSDLHOGE7VDKRIPCST,Sassafras albidum (Sassafras),,2 Gallon,,Sasalb15,,Tree,Tree,,,,,hidden,Physical good,,,,,,,,50.00,,N,,,,N,,,0,,,,Y
#sassafras-albidum-sassafras--3-gallon,UM7DF2HLE7I6NV2RM2YDBNNI,Sassafras albidum (Sassafras),,3 Gallon,,Sasalb18,,Tree,Tree,,,,,hidden,Physical good,,,,,,,,60.00,,N,,,,N,,,0,,,,Y
#sassafras-albidum-sassafras--5-gallon,B2R2BC2IER7UL2YQCN5ZDYI2,Sassafras albidum (Sassafras),,5 Gallon,,Sasalb21,,Tree,Tree,,,,,hidden,Physical good,,,,,,,,70.00,,N,,,,N,,,0,,,,Y
#saururus-cernuus-lizard-s-tail--4-5-pot,ORFORXT3I3P37WT7TG6QNN4W,Saururus cernuus (Lizard's Tail),,"4.5"" Pot",,Saucer3,"Water loving perennial that gets its name for their long racemes of white flowers.  Roots and foliage smell of citris and sassafrass. Form large colonies along waterways.

Size: Height: 1' - 4' ; Width: 1' - 2'
Light: Shade (Part-Full)
Moisture: Medium, Moist, 

-

Fritzflohrreynolds, CC BY-SA 3.0 , via Wikimedia Commons,  Krzysztof Ziarnek, Kenraiz, CC BY-SA 4.0 , via Wikimedia Commons",Flower,Flower,,,,,hidden,Physical good,,,,N,N,N,Y,12.00,,N,,N,,N,,,0,,,,Y
#saururus-cernuus-lizard-s-tail--gallon,2Z2VYT7VEYL5PIRV24JOFHQR,Saururus cernuus (Lizard's Tail),,Gallon,,Saucer9,,Flower,Flower,,,,,hidden,Physical good,,,,,,,,17.00,,N,,,,N,,,0,,,,Y
#saururus-cernuus-lizard-s-tail--true-gallon,ZOYZEKNQ5RXASLUFIQT5GV6K,Saururus cernuus (Lizard's Tail),,True Gallon,,Saucer12,,Flower,Flower,,,,,hidden,Physical good,,,,,,,,19.00,,N,,,,N,,,0,,,,Y
#schizachyrium-scoparium-little-bluestem--3-5-pot,BD5VO6ZQSN6U6PE5K2FQZGWF,Schizachyrium scoparium (Little Bluestem),,"3.5"" Pot",,Schsco2,"This small bunchgrass creates clusters of fluffy seed pods that add great interest even through the winter. Tolerates clay, dry, and rocky soils.

Size: Height: 2' - 4' ; Width: 1' -2'
Light: Sun (Full)
Moisture: Dry, Medium, 

-

Krzysztof Ziarnek, Kenraiz [CC BY-SA (https://creativecommons.org/licenses/by-sa/4.0)], Joshua Mayer from Madison, WI, USA, CC BY-SA 2.0 , via Wikimedia Commons",Grass,Grass,,,,,visible,Physical good,,,,N,N,N,Y,8.00,,N,,N,,,,,761,,,,Y
#schizachyrium-scoparium-little-bluestem--4-5-pot,3C2JFC2D5BPZWUEA6HDITW3F,Schizachyrium scoparium (Little Bluestem),,"4.5"" Pot",,Schsco3,,Grass,Grass,,,,,visible,Physical good,,,,,,,,9.00,,N,,,,,,,0,,,,Y
#schizachyrium-scoparium-little-bluestem--gallon,45MCZAHXQC4OQ652W4UKMGGA,Schizachyrium scoparium (Little Bluestem),,Gallon,,Schsco9,,Grass,Grass,,,,,visible,Physical good,,,,,,,,13.00,,N,,,,,,,6,,,,Y
#scirpus-atrovirens-dark-green-bulrush--3-5-pot,2ECHELWRJ3RVDU7WBOLNBTOF,Scirpus atrovirens (Dark Green Bulrush),,"3.5"" Pot",,Sciatr2,"This large rush can grow in standing water, making it excellent for the edges of ponds. Spreads rhizomously to form colonies.

Size: Height: 4' - 5' ; Width: 3' -4'
Light: Sun (Part-Full)
Moisture: Moist,

-

By - https://identify.plantnet.org/the-plant-list/species/Scirpus%20atrovirens%20Willd./data",Grass,Grass,,,,,visible,Physical good,,,,N,N,N,Y,8.00,,N,,,,,,,0,,,,Y
#scirpus-atrovirens-dark-green-bulrush--4-5-pot,MGILDIIJOKD2VHAJEF4RWQZH,Scirpus atrovirens (Dark Green Bulrush),,"4.5"" Pot",,Sciatr3,,Grass,Grass,,,,,visible,Physical good,,,,,,,,9.00,,N,,,,,,,0,,,,Y
#scirpus-atrovirens-dark-green-bulrush--gallon,K2KHXS6Z6UIFUUXAQJZUIBGH,Scirpus atrovirens (Dark Green Bulrush),,Gallon,,Sciatr9,,Grass,Grass,,,,,visible,Physical good,,,,,,,,13.00,,N,,,,,,,75,,,,Y
#scirpus-cyperinus-woolgrass--3-5-pot,WIFJ2FCA27OIZXMCWINXUDUC,Scirpus cyperinus (Woolgrass),,"3.5"" Pot",,Scicyp2,"Thrives easily in wet, standing water, making this ideal for ponds. Can colonize an area as well. Reddish brown, wooly seed clusters emerge in late summer, remaining throughout the winter.

Size: Height: 3' - 5' ; Width: 2' -4'
Light: Sun (Part-Full)
Moisture: Standing Water,

-

Fredlyfish4, CC BY-SA 4.0 , via Wikimedia Commons
Ryan Hodnett, CC BY-SA 4.0 , via Wikimedia Commons",Grass,Grass,,,,,visible,Physical good,,,,N,N,N,Y,8.00,,N,,,,,,,0,,,,Y
#scirpus-cyperinus-woolgrass--4-5-pot,37IDMNKCJW6QGLP3UNKIW3Q3,Scirpus cyperinus (Woolgrass),,"4.5"" Pot",,Scicyp3,,Grass,Grass,,,,,visible,Physical good,,,,,,,,9.00,,N,,,,,,,0,,,,Y
#scirpus-cyperinus-woolgrass--gallon,CU77DCXLCLPMRTVUJCLPJCEU,Scirpus cyperinus (Woolgrass),,Gallon,,Scicyp9,,Grass,Grass,,,,,visible,Physical good,,,,,,,,13.00,,N,,,,,,,47,,,,Y
#sedum-pulchellum-widow-s-cross--4-5-pot,HOLWJF244PZFN32EPU5BQPW5,Sedum pulchellum (Widow's Cross),,"4.5"" Pot",,Sedpul3,"Readily reseeding annual often found in rocky outcroppings.  Pink flowers with black and red dotted petals. Lime green succulent-like leaves.

Size: Height: 0.5' - 0.5' ; Width: 0.5' -1'
Light: Sun (Part-Full)
Moisture: Medium,

-

Mason Brock (Masebrock), Public domain, via Wikimedia Commons,   Thomas R. Koll, Public domain, via Wikimedia Commons",,,,,,,hidden,Physical good,,,,N,,N,Y,12.00,,N,,,,,,,0,,,,Y
#sedum-pulchellum-widow-s-cross--gallon,GUPH3EWHZO7RBESW5IFXS73I,Sedum pulchellum (Widow's Cross),,Gallon,,Sedpul9,,,,,,,,hidden,Physical good,,,,,,,,17.00,,N,,,,,,,0,,,,Y
#sedum-pulchellum-widow-s-cross--true-gallon,HVOC5SARTYZPZRL3YYZHHSU7,Sedum pulchellum (Widow's Cross),,True Gallon,,Sedpul12,,,,,,,,hidden,Physical good,,,,,,,,19.00,,N,,,,,,,0,,,,Y
#sedum-ternatum-woodland-stonecrop--4-5-pot,6YHMIAXJNZXK22SKNJTLSUHG,Sedum ternatum (Woodland Stonecrop),,"4.5"" Pot",,Sedter3,"Clusters of tiny white, star-like flowers with purplish stamens appear on stems above the foliage in spring. Rabbit, deer and drought tolerant.

Size: Height: 0.25' - 0.5' ; Width: 0.5' -0.75'
Light: Shade (Part-Full)
Moisture: Medium, 

-

By Photo by David J. Stang - source: David Stang. First published at ZipcodeZoo.com, CC BY-SA 4.0, https://commons.wikimedia.org/w/index.php?curid=61182287,   Fritz Flohr Reynolds from USA, CC BY-SA 2.0 , via Wikimedia Commons",Flower,Flower,,,,,visible,Physical good,,,,N,N,N,Y,12.00,,N,,,,N,,,10,,,,Y
#sedum-ternatum-woodland-stonecrop--gallon,BMUKCIHEIFTZ534TLL4EHMZB,Sedum ternatum (Woodland Stonecrop),,Gallon,,Sedter9,,Flower,Flower,,,,,visible,Physical good,,,,,,,,17.00,,N,,,,N,,,0,,,,Y
#sedum-ternatum-woodland-stonecrop--true-gallon,SEZ4WIIH624UX2BTHJIFGVXA,Sedum ternatum (Woodland Stonecrop),,True Gallon,,Sedter12,,Flower,Flower,,,,,visible,Physical good,,,,,,,,19.00,,N,,,,N,,,0,,,,Y
#senna-hebecarpa-wild-senna--4-5-pot,OBX3I5Q53OTGDYHDK3HKMTQE,Senna hebecarpa (Wild Senna),,"4.5"" Pot",,Senheb3,"Bright, yellow flowers form in dense clusters bloom in summer to attract pollinators and butterflies. Black seed pods emerge in fall and support wildlife.

Size: Height: 4' - 6' ; Width: 3' -4'
Light: Sun (Part-Full)
Moisture: Dry, Moist, 

-

Small Dole, England [CC BY-SA (https://creativecommons.org/licenses/by-sa/2.0)], peganum from Small Dole, England, CC BY-SA 2.0 , via Wikimedia Commons",Flower,Flower,,,,,visible,Physical good,,,,N,N,N,Y,12.00,,N,,,,N,,,6,,,,Y
#senna-hebecarpa-wild-senna--gallon,KDHV23VP5DBA52MMM2ZHYJ7W,Senna hebecarpa (Wild Senna),,Gallon,,Senheb9,,Flower,Flower,,,,,visible,Physical good,,,,,,,,17.00,,N,,,,N,,,83,,,,Y
#senna-hebecarpa-wild-senna--true-gallon,4QXWJBNFTE7FACIPPQY4ILU7,Senna hebecarpa (Wild Senna),,True Gallon,,Senheb12,,Flower,Flower,,,,,visible,Physical good,,,,,,,,19.00,,N,,,,N,,,0,,,,Y
#silene-caroliniana-wild-pink--4-5-pot,QJ47W3EAAML3TMVFIFZRKYL3,Silene caroliniana (Wild Pink),,"4.5"" Pot",,Silcar3,"This showy, mat-forming plant boasts clusters of bright pink, star-shaped flowers that bloom early spring.

Size: Height: 0.5' - 1' ; Width: 0.1' -1'
Light: Sun (Part-Full)
Moisture: Dry, Medium,

-

Fritzflohrreynolds, CC BY-SA 3.0 , via Wikimedia Commons
Amadej Trnkocsy: https://www.flickr.com/photos/atrnkoczy/12274247696",Flower,Flower,,,,,hidden,Physical good,,,,N,N,N,Y,12.00,,N,,,,N,,,0,,,,Y
#silene-caroliniana-wild-pink--gallon,73CWR6IDDY6IPOMJ27OT7MEZ,Silene caroliniana (Wild Pink),,Gallon,,Silcar9,,Flower,Flower,,,,,hidden,Physical good,,,,,,,,17.00,,N,,,,N,,,0,,,,Y
#silene-caroliniana-wild-pink--true-gallon,GPSHG4TT2C5J5SDMQ2RCKG7C,Silene caroliniana (Wild Pink),,True Gallon,,Silcar12,,Flower,Flower,,,,,hidden,Physical good,,,,,,,,19.00,,N,,,,N,,,0,,,,Y
#silene-stellata-starry-campion--4-5-pot,YIAEYPJOMLEB3EADGUMR57SS,Silene stellata (Starry Campion),,"4.5"" Pot",,Silste3,"Clump forming perennial with wide branching panicles of frilly white flowers.  Whorled lance shaped leaves. Attracts butterflies, bumblebees and moths. 

Size: Height: 2' - 3' ; Width: 1' - 3'
Light: Sun (Part-Full)
Moisture: Medium, 

-

English:  NPS, Public domain, via Wikimedia Commons,  Alex Abair, CC BY 4.0 , via Wikimedia Commons",Flower,Flower,,,,,visible,Physical good,,,,N,N,N,Y,12.00,,N,,N,,N,,,60,,,,Y
#silene-stellata-starry-campion--gallon,XDB7YNT3NWYLAIRBSSRIU5LJ,Silene stellata (Starry Campion),,Gallon,,Silste9,,Flower,Flower,,,,,visible,Physical good,,,,,,,,17.00,,N,,,,N,,,0,,,,Y
#silene-stellata-starry-campion--true-gallon,MT4IZWB43J7SRSQ24JLC7MKE,Silene stellata (Starry Campion),,True Gallon,,Silste12,,Flower,Flower,,,,,visible,Physical good,,,,,,,,19.00,,N,,,,N,,,0,,,,Y
#silene-virginica-fire-pink--4-5-pot,QMT3BTVS4SXSHA75WYBGLKQA,Silene virginica (Fire Pink),,"4.5"" Pot",,Silvir3,"This clump forming perennial grows in rocky, wooded slopes and prefer sandy or gravelly soils. Five pointed, 2"" red flowers with notched tips bloom in spring and can spread by self-seeding. Drought, clay tolerant

Size: Height: 0.5' - 2' ; Width: 0.5' -1'
Light: Sun (Part-Full)
Moisture: Dry, Medium, 

-

Smithsonian American Art Museum, CC0, via Wikimedia Commons Photo by and (c)2008 Derek Ramsey (Ram-Man). Co-attribution must be given to the Chanticleer Garden., CC BY-SA 3.0 , via Wikimedia, peganum from Small Dole, England, CC BY-SA 2.0 , via Wikimedia Commons Commons",Flower,Flower,,,,,visible,Physical good,,,,N,N,N,Y,12.00,,N,,,,,,,128,,,,Y
#silene-virginica-fire-pink--gallon,3GWBOBDNFFTLA565FKFFQD2E,Silene virginica (Fire Pink),,Gallon,,Silvir9,,Flower,Flower,,,,,visible,Physical good,,,,,,,,17.00,,N,,,,,,,0,,,,Y
#silene-virginica-fire-pink--true-gallon,OYDJORB5MSPVE3L4V2EVQZ5O,Silene virginica (Fire Pink),,True Gallon,,Silvir12,,Flower,Flower,,,,,visible,Physical good,,,,,,,,19.00,,N,,,,,,,0,,,,Y
#sisyrinchium-angustifolium-narrowleaf-blue-eyed-grass--4-5-pot,LY2JP4SBJYGQXAMY5TKK6U56,Sisyrinchium angustifolium (Narrowleaf Blue-eyed Grass),,"4.5"" Pot",,Sisang3,"Blue flowers with grass-like foliage. Not actually a grass but in the iris family! Sword-shaped leaves form a fan shape similar to other plants in the iris family. Grow from rhizomes.

Size: Height: 1.5' - 2' ; Width: 0.5' -1'
Light: Sun (Part-Full)
Moisture: Dry, Moist, 

-

Agnieszka Kwiecie?, Nova, CC BY-SA 4.0 , via Wikimedia Commons, Laval University, CC BY-SA 4.0 , via Wikimedia Commons",Flower,Flower,,,,,hidden,Physical good,,,,N,N,N,Y,12.00,,N,,N,,,,,0,,,,Y
#sisyrinchium-angustifolium-narrowleaf-blue-eyed-grass--gallon,ZRJSKZMUT4RWOIDL27FRTCEE,Sisyrinchium angustifolium (Narrowleaf Blue-eyed Grass),,Gallon,,Sisang9,,Flower,Flower,,,,,hidden,Physical good,,,,,,,,17.00,,N,,,,,,,0,,,,Y
#sisyrinchium-angustifolium-narrowleaf-blue-eyed-grass--true-gallon,34UQIRMKIHH4US4CHAIUNRTD,Sisyrinchium angustifolium (Narrowleaf Blue-eyed Grass),,True Gallon,,Sisang12,,Flower,Flower,,,,,hidden,Physical good,,,,,,,,19.00,,N,,,,,,,0,,,,Y
#smallanthus-uvedalius-bear-s-foot--4-5-pot,MR26VOHFQ4AHXY6NG7YWETAI,Smallanthus uvedalius (Bear's Foot),,"4.5"" Pot",,Smauve3,"Herbaceous perennial in the Asteraceae (daisy) family. Large lobed leaves cup the stem. Shape of the leaf gives it the name of bear's foot. Naturally found growing in woodland edges, meadows, along streams, and open woods. Native bees hibernate in stems during winter.

Size: Height: 3' - 8' ; Width: 2' -3'
Light: Sun (Part-Full)
Moisture: Medium, 

-

Brucewinter, CC BY-SA 4.0 , via Wikimedia Commons; 
 Commons; 
Melissa McMasters from Memphis, TN, United States, CC BY 2.0 , via Wikimedia Commons",Flower,Flower,,,,,visible,Physical good,,,,N,N,N,Y,12.00,,N,,,,,,,0,,,,Y
#smallanthus-uvedalius-bear-s-foot--gallon,OPPBYJJURIID7SZU6RFTCA2N,Smallanthus uvedalius (Bear's Foot),,Gallon,,Smauve9,,Flower,Flower,,,,,visible,Physical good,,,,,,,,17.00,,N,,,,,,,19,,,,Y
#smallanthus-uvedalius-bear-s-foot--true-gallon,KM5QE4O3HB65ST5B3NA4GKRZ,Smallanthus uvedalius (Bear's Foot),,True Gallon,,Smauve12,,Flower,Flower,,,,,visible,Physical good,,,,,,,,19.00,,N,,,,,,,0,,,,Y
#solidago-caesia-blue-stemmed-goldenrod--4-5-pot,JJA3LZ3M25AWBWFCBWBNU5R6,Solidago caesia (Blue stemmed Goldenrod),,"4.5"" Pot",,Solcae3,"Perennial that grows 3 feet tall.  Bloom showy clusters of yellow flowers in summer and early fall that hug greenish-purple stems. Does not spread as rapidly or aggressively as some other goldenrods.

Size: Height: 1' - 4' ; Width: 1.5' -3'
Light: Sun (Part-Full)
Moisture: Medium, 

-

Eric Hunt, CC BY-SA 4.0 , via Wikimedia Commons, Krzysztof Ziarnek, Kenraiz, CC BY-SA 4.0 , via Wikimedia Commons",Flower,Flower,,,,,visible,Physical good,,,,N,N,N,Y,12.00,,N,,N,,N,,,7,,,,Y
#solidago-caesia-blue-stemmed-goldenrod--gallon,737P6TUH42DQHERUN2XXHCTI,Solidago caesia (Blue stemmed Goldenrod),,Gallon,,Solcae9,,Flower,Flower,,,,,visible,Physical good,,,,,,,,17.00,,N,,,,N,,,10,,,,Y
#solidago-caesia-blue-stemmed-goldenrod--true-gallon,LCNLOF7Z4I2PGDZF4RPEEYQN,Solidago caesia (Blue stemmed Goldenrod),,True Gallon,,Solcae12,,Flower,Flower,,,,,visible,Physical good,,,,,,,,19.00,,N,,,,N,,,0,,,,Y
#solidago-canadensis-common-solidago-goldenrod--4-5-pot,27OTW7WEC6HUTPZ6KJSEKV3O,Solidago canadensis (Common Solidago/Goldenrod),,"4.5"" Pot",,Solcan3,"Late summer to early fall blooms of abundant, small, bright yellow flowers. A wonderful plant for native bees and butterflies. Rhizomes can help this plant colonize an area.

Size: Height: 4' - 5' ; Width: 4' -5'
Light: Sun (Full)
Moisture: Dry, Medium, 

-

Harry Rose from South West Rocks, Australia [CC BY (https://creativecommons.org/licenses/by/2.0)], Cephas, CC BY-SA 4.0 , via Wikimedia Commons",Flower,Flower,,,,,hidden,Physical good,,,,N,N,N,Y,12.00,,N,,,,N,,,0,,,,Y
#solidago-canadensis-common-solidago-goldenrod--gallon,7MIHCPJJEPV45XINHVSKJGIW,Solidago canadensis (Common Solidago/Goldenrod),,Gallon,,Solcan9,,Flower,Flower,,,,,hidden,Physical good,,,,,,,,17.00,,N,,,,N,,,0,,,,Y
#solidago-canadensis-common-solidago-goldenrod--true-gallon,36J5537WDNM4UUEKQTQ7OQZT,Solidago canadensis (Common Solidago/Goldenrod),,True Gallon,,Solcan12,,Flower,Flower,,,,,hidden,Physical good,,,,,,,,19.00,,N,,,,N,,,0,,,,Y
#solidago-flexicaulis-zigzag-solidago--4-5-pot,EMFQ6LEWC67MXPJR6A54ZAKC,Solidago flexicaulis (Zigzag Solidago),,"4.5"" Pot",,Solfle3,"Yellow flowers bloom from mid-summer to fall and are attractive to bees and butterflies. Plants may be grown by seed and can self-seed in the garden. Deer, heavy shade and clay soil tolerant.

Size: Height: 1' - 3' ; Width: 1' -3'
Light: Sun (Part-Full)
Moisture: Medium, 

-

By Krzysztof Ziarnek, Kenraiz - Own work, CC BY-SA 4.0, https://commons.wikimedia.org/w/index.php?curid=76407376, Cephas, CC BY-SA 4.0 , via Wikimedia Commons",Flower,Flower,,,,,visible,Physical good,,,,N,N,N,Y,12.00,,N,,,,N,,,6,,,,Y
#solidago-flexicaulis-zigzag-solidago--gallon,M5EIOMKWB22775YLCT6BSLBY,Solidago flexicaulis (Zigzag Solidago),,Gallon,,Solfle9,,Flower,Flower,,,,,visible,Physical good,,,,,,,,17.00,,N,,,,N,,,3,,,,Y
#solidago-flexicaulis-zigzag-solidago--true-gallon,3C6JOJHFODDC7NEVLGD6XVZO,Solidago flexicaulis (Zigzag Solidago),,True Gallon,,Solfle12,,Flower,Flower,,,,,visible,Physical good,,,,,,,,19.00,,N,,,,N,,,0,,,,Y
#solidago-juncea-early-goldenrod--4-5-pot,R722ETDGQEEWKEOXS2GPBDAZ,Solidago juncea (Early Goldenrod),,"4.5"" Pot",,Soljun3,"Tiny bright yellow flowers, provides good color and contrast for late summer and early fall. A wonderful plant for native bees and butterflies. Tolerates clay soil, drought, and deer.

Size: Height: 2' - 4' ; Width: 2' -3'
Light: Sun (Full)
Moisture: Dry, Medium,

-",Flower,Flower,,,,,visible,Physical good,,,,N,N,N,Y,12.00,,N,,,,,,,11,,,,Y
#solidago-juncea-early-goldenrod--gallon,ZNGHZTLSCLKFZIX2VC5F4YKT,Solidago juncea (Early Goldenrod),,Gallon,,Soljun9,,Flower,Flower,,,,,visible,Physical good,,,,,,,,17.00,,N,,,,,,,50,,,,Y
#solidago-juncea-early-goldenrod--true-gallon,P7HQ5JIVDP7GCJTGOJIX46T3,Solidago juncea (Early Goldenrod),,True Gallon,,Soljun12,,Flower,Flower,,,,,visible,Physical good,,,,,,,,19.00,,N,,,,,,,0,,,,Y
#solidago-odora-sweet-goldenrod--4-5-pot,27PXICO35DPB7SVB5DRO6V53,Solidago odora (Sweet Goldenrod),,"4.5"" Pot",,Solodo3,"Arching stems of yellow flowers sprout from basal clumps in late summer and early fall. Does not spread as aggressively as some other goldenrod species.   Drought resistant and clay tolerant.

Size: Height: 1' - 2' ; Width: 1' -2'
Light: Sun (Part-Full)
Moisture: Medium, 

-

Dick Culbert from Gibsons, B.C., Canada, CC BY 2.0 , via Wikimedia Commons, Eric Hunt, CC BY-SA 4.0 , via Wikimedia Commons",Flower,Flower,,,,,visible,Physical good,,,,N,N,N,Y,12.00,,N,,,,N,,,366,,,,Y
#solidago-odora-sweet-goldenrod--gallon,RABBWDLVT4FLFBX4RIJUK3BP,Solidago odora (Sweet Goldenrod),,Gallon,,Solodo9,,Flower,Flower,,,,,visible,Physical good,,,,,,,,17.00,,N,,,,N,,,0,,,,Y
#solidago-odora-sweet-goldenrod--true-gallon,FKRCIVRE6QPGFFRWF3FAHISH,Solidago odora (Sweet Goldenrod),,True Gallon,,Solodo12,,Flower,Flower,,,,,visible,Physical good,,,,,,,,19.00,,N,,,,N,,,0,,,,Y
#solidago-rugosa-wrinkle-leaved-solidago--4-5-pot,IYUW7DF7QQ7XHGDM5KKK6IBF,Solidago rugosa (Wrinkle-leaved Solidago),,"4.5"" Pot",,Solrug3,"Rhizomatous plant may also self seed. Long spears of showy yellow flowers bloom in lat summer to fall, attracting bees and butterflies. Tolerates deer and clay soil.

Size: Height: 3' - 5' ; Width: 1' -3'
Light: Sun (Full)
Moisture: Medium, 

-

By Dominicus Johannes Bergsma - Own work, CC BY-SA 4.0, https://commons.wikimedia.org/w/index.php?curid=36222252, Rob Routledge, Sault College, Bugwood.org, CC BY 3.0 , via Wikimedia Commons",Flower,Flower,,,,,hidden,Physical good,,,,N,N,N,Y,12.00,,N,,,,,,,0,,,,Y
#solidago-rugosa-wrinkle-leaved-solidago--gallon,3N2ZSXAE5ADO5R43HRDBPZ3C,Solidago rugosa (Wrinkle-leaved Solidago),,Gallon,,Solrug9,,Flower,Flower,,,,,hidden,Physical good,,,,,,,,17.00,,N,,,,,,,0,,,,Y
#solidago-rugosa-wrinkle-leaved-solidago--true-gallon,3KKNZ6SVZB67DUM7F7D72AU3,Solidago rugosa (Wrinkle-leaved Solidago),,True Gallon,,Solrug12,,Flower,Flower,,,,,hidden,Physical good,,,,,,,,19.00,,N,,,,,,,0,,,,Y
#solidago-speciosa-showy-goldenrod--4-5-pot,JDOZGXKDXORJFKOOM4ZIXRZ5,Solidago speciosa (Showy Goldenrod),,"4.5"" Pot",,Solspe3,"One of the most showy native goldenrods as their common name suggests. Tall upright stems host foot-long rods of golden yellow flowers in the early fall. Tolerates drought and clay soil.

Size: Height: 2' - 7' ; Width: 2' -3'
Light: Sun (Full)
Moisture: Medium, 

-

Dseiver, CC BY-SA 4.0 , via Wikimedia Commons",Flower,Flower,,,,,visible,Physical good,,,,N,N,N,Y,12.00,,N,,N,,,,,123,,,,Y
#solidago-speciosa-showy-goldenrod--gallon,WO6RYZG4BJ6ULZHNZYLMXOOP,Solidago speciosa (Showy Goldenrod),,Gallon,,Solspe9,,Flower,Flower,,,,,visible,Physical good,,,,,,,,17.00,,N,,,,,,,67,,,,Y
#solidago-speciosa-showy-goldenrod--true-gallon,527JQH2U5XAUFMSGILUQHJBZ,Solidago speciosa (Showy Goldenrod),,True Gallon,,Solspe12,,Flower,Flower,,,,,visible,Physical good,,,,,,,,19.00,,N,,,,,,,0,,,,Y
#sorghastrum-nutans-indian-grass--3-5-pot,GKQWOVUCV54LQ6VL7USMXN2A,Sorghastrum nutans (Indian Grass),,"3.5"" Pot",,Sornut2,"Tall warm season bunchgrass that blooms yellow in late summer.  Foliage turns a beautiful yellow-orange in fall. Provides food and cover year round for wildlife especially birds and mammals. Tolerant to a wide variety of soil types.

Size: Height: 5' - 7' ; Width: 1' - 2'
Light: Sun (Part-Full)
Moisture: Dry, Medium, 

-

USFWS Mountain Prairie, Public domain, via Wikimedia Commons, Joshua Mayer from Madison, WI, USA, CC BY-SA 2.0 , via Wikimedia Commons",Grass,Grass,,,,,visible,Physical good,,,,N,N,N,Y,8.00,,N,,,,,,,240,,,,Y
#sorghastrum-nutans-indian-grass--4-5-pot,LHDJBW3XG2PIDLGUYYNW3ZSK,Sorghastrum nutans (Indian Grass),,"4.5"" Pot",,Sornut3,,Grass,Grass,,,,,visible,Physical good,,,,,,,,9.00,,N,,,,,,,0,,,,Y
#sorghastrum-nutans-indian-grass--gallon,Y5J2FSFOR3MZW6JZR26ZXD5G,Sorghastrum nutans (Indian Grass),,Gallon,,Sornut9,,Grass,Grass,,,,,visible,Physical good,,,,,,,,13.00,,N,,,,,,,0,,,,Y
#spiraea-latifolia-meadowsweet--gallon,RHJHVLQ75SUUBZX7I5LAWJI7,Spiraea latifolia (Meadowsweet),,Gallon,,Spilat9,"Whitish pink blooms in summer. Showy flowers attract butterflies and fruits attract birds in fall. Needs moist soils.

Size: Height: 3' - 6' ; Width: 2' -4'
Light: Sun (Part-Full)
Moisture: Medium, Standing Water,

-",Shrub,Shrub,,,,,visible,Physical good,,,,N,N,N,Y,22.00,,N,,,,,,,0,,,,Y
#spiraea-latifolia-meadowsweet--true-gallon,J3IETB6AF4GBONC6KC4SMH6N,Spiraea latifolia (Meadowsweet),,True Gallon,,Spilat12,,Shrub,Shrub,,,,,visible,Physical good,,,,,,,,25.00,,N,,,,,,,200,,,,Y
#spiraea-latifolia-meadowsweet--2-gallon,I2Y7VKTKKYYLFUWJMSTQRIKF,Spiraea latifolia (Meadowsweet),,2 Gallon,,Spilat15,,Shrub,Shrub,,,,,visible,Physical good,,,,,,,,37.00,,N,,,,,,,0,,,,Y
#spiraea-latifolia-meadowsweet--3-gallon,4XZTEIYK6TOOCNIEPZV3ZZMP,Spiraea latifolia (Meadowsweet),,3 Gallon,,Spilat18,,Shrub,Shrub,,,,,visible,Physical good,,,,,,,,50.00,,N,,,,,,,0,,,,Y
#spiraea-latifolia-meadowsweet--5-gallon,QLAMVYSD5XFC6OYBMON3TVEK,Spiraea latifolia (Meadowsweet),,5 Gallon,,Spilat21,,Shrub,Shrub,,,,,visible,Physical good,,,,,,,,60.00,,N,,,,,,,5,,,,Y
#spiraea-tomentosa-steeplebush--gallon,NMHPVVMUEDKMFWZGDSWPDCA7,Spiraea tomentosa (Steeplebush),,Gallon,,Spitom9,"Upright, multi-stemmed, suckering, deciduous shrub.  Bloom tiny pink, rose-purple flowers on terminal spikes that from mid-summer to early autumn.  Attract butterflies.

Size: Height: 2' - 4' ; Width: 3' -5'
Light: Sun (Full)
Moisture: Dry, Standing Water,

-

Eric Hunt, CC BY-SA 4.0 , via Wikimedia Commons, Doug McGrady from Warwick, RI, USA, CC BY 2.0 , via Wikimedia Commons",Shrub,Shrub,,,,,visible,Physical good,,,,N,N,N,Y,22.00,,N,,,,,,,0,,,,Y
#spiraea-tomentosa-steeplebush--true-gallon,2XS6KE5TNHN7RP6MIAPXZYX6,Spiraea tomentosa (Steeplebush),,True Gallon,,Spitom12,,Shrub,Shrub,,,,,visible,Physical good,,,,,,,,25.00,,N,,,,,,,99,,,,Y
#spiraea-tomentosa-steeplebush--2-gallon,BI7WAI65PEOW6SUM64R6VYPP,Spiraea tomentosa (Steeplebush),,2 Gallon,,Spitom15,,Shrub,Shrub,,,,,visible,Physical good,,,,,,,,37.00,,N,,,,,,,0,,,,Y
#spiraea-tomentosa-steeplebush--3-gallon,VLPCRDV5ZB2VCXDPZSGNGBOX,Spiraea tomentosa (Steeplebush),,3 Gallon,,Spitom18,,Shrub,Shrub,,,,,visible,Physical good,,,,,,,,50.00,,N,,,,,,,0,,,,Y
#spiraea-tomentosa-steeplebush--5-gallon,FO54EGYMMWONJY4IXWQ3MOUY,Spiraea tomentosa (Steeplebush),,5 Gallon,,Spitom21,,Shrub,Shrub,,,,,visible,Physical good,,,,,,,,60.00,,N,,,,,,,0,,,,Y
#sporobolus-heterolepis-prairie-dropseed--3-5-pot,CJ5MASJJRRC5QP3J7IDS72XO,Sporobolus heterolepis (Prairie Dropseed),,"3.5"" Pot",,Spohet2,"This slow-growing, clump forming grass gains orange hues in the fall and retains much of its shape and appearance in through the winter. Flowers have a unique scent. Drought and clay tolerant.

Size: Height: 2' - 3' ; Width: 2' -3'
Light: Sun (Full)
Moisture: Dry, Medium,

-

By Photo by David J. Stang - source: David Stang. First published at ZipcodeZoo.com, CC BY-SA 4.0, https://commons.wikimedia.org/w/index.php?curid=61094570",Grass,Grass,,,,,visible,Physical good,,,,N,N,N,Y,9.00,,N,,,,,,,154,,,,Y
#sporobolus-heterolepis-prairie-dropseed--4-5-pot,GID4SZ6NNHDFUREPOF33ZZVH,Sporobolus heterolepis (Prairie Dropseed),,"4.5"" Pot",,Spohet3,,Grass,Grass,,,,,visible,Physical good,,,,,,,,10.00,,N,,,,,,,149,,,,Y
#sporobolus-heterolepis-prairie-dropseed--gallon,5ECYX4KHLHCTWWHBM57D5467,Sporobolus heterolepis (Prairie Dropseed),,Gallon,,Spohet9,,Grass,Grass,,,,,visible,Physical good,,,,,,,,15.00,,N,,,,,,,0,,,,Y
#staphylea-trifolia-bladdernut--gallon,TY4OHZYVMSZHWUQJN6JWHEZK,Staphylea trifolia (Bladdernut),,Gallon,,Statri9,"Fast-growing, upright, deciduous, perennial and flowering shrub. Heavily branched and capable of reproducing by suckering. Bloom showy green-white bell shaped flowers from April to May. Flowers give way to inflated, bladder-like, papery seed capsules maturing in late summer, persist into early winter. Attracts pollinators and small mammals.

Size: Height: 10' - 15' ; Width: 10' -15'
Light: Sun (Part-Full)
Moisture: Medium, Moist, 

-March 1st- May 1 2026: For sizes valued at $50 or above, a $25 discount can be applied courtesy of the Throwing Shade Virginia program. If you purchase online, this discount will be applied as a refund when you pick up your plants. (see https://rb.gy/lukcmf for details)

Krzysztof Ziarnek, Kenraiz, CC BY-SA 4.0 , via Wikimedia Commons",Shrub,Shrub,,,,,visible,Physical good,,,,N,N,N,Y,25.00,,N,,,,N,,,0,,,,Y
#staphylea-trifolia-bladdernut--true-gallon,NQZBIZ4HEOH4WLZS5IRENKP6,Staphylea trifolia (Bladdernut),,True Gallon,,Statri12,,Shrub,Shrub,,,,,visible,Physical good,,,,,,,,30.00,,N,,,,N,,,0,,,,Y
#staphylea-trifolia-bladdernut--2-gallon,STKFVIMXRBJ2ALPLDBHZQ7RJ,Staphylea trifolia (Bladdernut),,2 Gallon,,Statri15,,Shrub,Shrub,,,,,visible,Physical good,,,,,,,,50.00,,N,,,,N,,,2,,,,Y
#staphylea-trifolia-bladdernut--3-gallon,BBTUCXWRYJY7HDEVLRFS7MEC,Staphylea trifolia (Bladdernut),,3 Gallon,,Statri18,,Shrub,Shrub,,,,,visible,Physical good,,,,,,,,60.00,,N,,,,N,,,0,,,,Y
#staphylea-trifolia-bladdernut--5-gallon,FLCQSCPZMCKBQAISBUYGDS7Y,Staphylea trifolia (Bladdernut),,5 Gallon,,Statri21,,Shrub,Shrub,,,,,visible,Physical good,,,,,,,,70.00,,N,,,,N,,,2,,,,Y
#symphoricarpos-albus-common-snowberry--gallon,5GBYF7PVBARQZY5YKBEMA6WG,Symphoricarpos albus (Common Snowberry),,Gallon,,Symalb9,"Dense suckering deciduous shrub. Attractive bright green leaves.  Pink to white flowers in spring and summer are followed by attractive white fruits that last into winter.  Forms colonies but needs more than one genetic strain to fruit.

Size: Height: 3' - 6' ; Width: 3' -6'
Light: Sun (Part-Full)
Moisture: Medium, 

-

Muséum de Toulouse, CC BY-SA 4.0 , via Wikimedia Commons,   korina.info, korina.info – CC-BY-SA-4.0, CC BY-SA 4.0 , via Wikimedia Commons,  Rudolphous, CC BY-SA 4.0 , via Wikimedia Commons,   Joe Mabel, CC BY-SA 3.0 , via Wikimedia Commons",Shrub,Shrub,,,,,visible,Physical good,,,,N,N,N,Y,22.00,,N,,N,,N,,,0,,,,Y
#symphoricarpos-albus-common-snowberry--true-gallon,L2P5MF47XEAW3CVWNJHN24JC,Symphoricarpos albus (Common Snowberry),,True Gallon,,Symalb12,,Shrub,Shrub,,,,,visible,Physical good,,,,,,,,25.00,,N,,,,N,,,1,,,,Y
#symphoricarpos-albus-common-snowberry--2-gallon,PZ66D24OPQPXTNLSEIR3ZFGG,Symphoricarpos albus (Common Snowberry),,2 Gallon,,Symalb15,,Shrub,Shrub,,,,,visible,Physical good,,,,,,,,37.00,,N,,,,N,,,0,,,,Y
#symphoricarpos-albus-common-snowberry--3-gallon,756WJP3RMPOT3K53INMIS3EX,Symphoricarpos albus (Common Snowberry),,3 Gallon,,Symalb18,,Shrub,Shrub,,,,,visible,Physical good,,,,,,,,50.00,,N,,,,N,,,0,,,,Y
#symphoricarpos-albus-common-snowberry--5-gallon,77HAYBENI4QQJ4LRSYJKMXF5,Symphoricarpos albus (Common Snowberry),,5 Gallon,,Symalb21,,Shrub,Shrub,,,,,visible,Physical good,,,,,,,,60.00,,N,,,,N,,,0,,,,Y
#symphyotrichum-cordifolium-heart-leaved-aster--4-5-pot,2LQNEUMHQJQ64JM55C3X2UTO,Symphyotrichum cordifolium (Heart-Leaved Aster),,"4.5"" Pot",,Symcor3,"Leafy, upright-branched stems are topped with daisy-like, light-blue aster flowers in late summer and fall. Lower leaves are heart-shaped and up to 5"" long. Attractive to butterflies.

Size: Height: 3' - 5' ; Width: 1' -2'
Light: Shade (Full)
Moisture: Medium, 

-

Cephas, CC BY-SA 4.0 , via Wikimedia Commons",Flower,Flower,,,,,visible,Physical good,,,,N,N,N,Y,12.00,,N,,,,,,,29,,,,Y
#symphyotrichum-cordifolium-heart-leaved-aster--gallon,KTNUOOF4RVO3W2VDGNKH64UI,Symphyotrichum cordifolium (Heart-Leaved Aster),,Gallon,,Symcor9,,Flower,Flower,,,,,visible,Physical good,,,,,,,,17.00,,N,,,,,,,152,,,,Y
#symphyotrichum-cordifolium-heart-leaved-aster--true-gallon,25DFQLVURSHAFQH3VQBCLD7H,Symphyotrichum cordifolium (Heart-Leaved Aster),,True Gallon,,Symcor12,,Flower,Flower,,,,,visible,Physical good,,,,,,,,19.00,,N,,,,,,,0,,,,Y
#symphyotrichum-laeve-smooth-blue-aster--4-5-pot,RU5FEHXIOSGO4AHQUN5A673Q,Symphyotrichum laeve (Smooth Blue Aster),,"4.5"" Pot",,Symlae3,"This aster tolerates drought and poor soils, and will reseed itself easily. Small (1"") violet-blue flowers with yellow centers bloom in autumn and attract butterflies.

Size: Height: 2' - 4' ; Width: 1' -2'
Light: Sun (Full)
Moisture: Medium,

-",Flower,Flower,,,,,visible,Physical good,,,,N,N,N,Y,12.00,,N,,N,,,,,202,,,,Y
#symphyotrichum-laeve-smooth-blue-aster--gallon,75EK45UJU5FJ5MB7257SJHOX,Symphyotrichum laeve (Smooth Blue Aster),,Gallon,,Symlae9,,Flower,Flower,,,,,visible,Physical good,,,,,,,,17.00,,N,,,,,,,0,,,,Y
#symphyotrichum-laeve-smooth-blue-aster--true-gallon,OLAY4O2C5AVV6Z4QDRQSWTCQ,Symphyotrichum laeve (Smooth Blue Aster),,True Gallon,,Symlae12,,Flower,Flower,,,,,visible,Physical good,,,,,,,,19.00,,N,,,,,,,0,,,,Y
#symphyotrichum-lateriflorum-calico-aster--4-5-pot,GELJS6Z3LKEXVNYCXYIESTIX,Symphyotrichum lateriflorum (Calico Aster),,"4.5"" Pot",,Symlat3,"Herbaceous perennial in the daisy family.  Blooms many white to pale lavendar flowers in late summer.  Light green to reddish brown hairy stems.

Size: Height: 2' - 3' ; Width: 2' - 3'
Light: Sun (Part-Full)
Moisture: Medium, 

-

Cbaile19, CC0, via Wikimedia Commons, Ryan Hodnett, CC BY-SA 4.0 , via Wikimedia Commons",Flower,Flower,,,,,visible,Physical good,,,,N,N,N,Y,12.00,,N,,N,,N,,,183,,,,Y
#symphyotrichum-lateriflorum-calico-aster--gallon,VVTQS772OXAC3RGK5OUWJM2X,Symphyotrichum lateriflorum (Calico Aster),,Gallon,,Symlat9,,Flower,Flower,,,,,visible,Physical good,,,,,,,,17.00,,N,,,,N,,,0,,,,Y
#symphyotrichum-lateriflorum-calico-aster--true-gallon,MIKFNGPFZ23OHLBQGAJYMIAV,Symphyotrichum lateriflorum (Calico Aster),,True Gallon,,Symlat12,,Flower,Flower,,,,,visible,Physical good,,,,,,,,19.00,,N,,,,N,,,0,,,,Y
#symphyotrichum-novae-angliae-new-england-aster--4-5-pot,BYJNBAOTPWZPJQRLYPC5KJWM,Symphyotrichum novae-angliae (New England Aster),,"4.5"" Pot",,Symnov3,"Late-blooming, showy aster that hosts a variety of butterflies, and provides a much needed food source during fall migration.

Size: Height: 3' - 7' ; Width: 2' -3'
Light: Sun (Full)
Moisture: Dry, Medium,

-

Jennifer Anderson. United States, IA, Scott Co., Davenport, Nahant Marsh. 2002. [Public domain]
The original uploader was Hugowolf at English Wikipedia. [CC BY-SA (http://creativecommons.org/licenses/by-sa/3.0/)]",Flower,Flower,,,,,visible,Physical good,,,,N,N,N,Y,12.00,,N,,,,N,,,155,,,,Y
#symphyotrichum-novae-angliae-new-england-aster--gallon,UUL2B4CZ26DA4ZA2N4JRHUNY,Symphyotrichum novae-angliae (New England Aster),,Gallon,,Symnov9,,Flower,Flower,,,,,visible,Physical good,,,,,,,,17.00,,N,,,,N,,,161,,,,Y
#symphyotrichum-novae-angliae-new-england-aster--true-gallon,5QLSKWG3BBY47EBGNGLI7WFP,Symphyotrichum novae-angliae (New England Aster),,True Gallon,,Symnov12,,Flower,Flower,,,,,visible,Physical good,,,,,,,,19.00,,N,,,,N,,,0,,,,Y
#symphyotrichum-oblongifolium-aromatic-aster--4-5-pot,3ED6WZCYNMMJ7F3HEIWW6BEK,Symphyotrichum oblongifolium (Aromatic Aster),,"4.5"" Pot",,Symobl3,"Purple aster-flowers with yellow disks emerge in late summer, attracting birds and butterflies.. Tolerates sandy soils, poor soils, and drought.

Size: Height: 1' - 3' ; Width: 1' -3'
Light: Sun (Full)
Moisture: Dry, Medium,

-

By PD-USGov-Interior-FWS - This image originates from the National Digital Library of the United States Fish and Wildlife Serviceat this pageThis tag does not indicate the copyright status of the attached work. A normal copyright tag is still required. See Commons:Licensing.See Category:Images from the United States Fish and Wildlife Service.Transferred from en.wikipedia to Commons.(Original text: http://www.fws.gov/digitalmedia/FullRes/natdiglib/IMG0016.jpg), Public Domain, https://commons.wikimedia.org/w/index.php?curid=11516854, ShenandoahNPS, Public domain, via Wikimedia Commons",Flower,Flower,,,,,visible,Physical good,,,,N,N,N,Y,12.00,,N,,,,N,,,76,,,,Y
#symphyotrichum-oblongifolium-aromatic-aster--gallon,EWETMRVJFIHZ5DDR4JSE7OCD,Symphyotrichum oblongifolium (Aromatic Aster),,Gallon,,Symobl9,,Flower,Flower,,,,,visible,Physical good,,,,,,,,17.00,,N,,,,N,,,27,,,,Y
#symphyotrichum-oblongifolium-aromatic-aster--true-gallon,7CPKSB4ZGUGKVJ27QPY2OHLX,Symphyotrichum oblongifolium (Aromatic Aster),,True Gallon,,Symobl12,,Flower,Flower,,,,,visible,Physical good,,,,,,,,19.00,,N,,,,N,,,0,,,,Y
#symphyotrichum-pilosum-frost-aster--4-5-pot,IQEMUVQVHCXQQSCA2UMXUL2W,Symphyotrichum pilosum (Frost Aster),,"4.5"" Pot",,Sympil3,"Noted for its extremely hairy stem and leaves. Flowers bloom in August to October. Best growth occurs in moist, semi-shaded woodland areas. Can tolerate periodic flooding. Can spread aggressively by self-spreading.

Size: Height: 2' - 4' ; Width: 2' -4'
Light: Sun (Part-Full)
Moisture: Dry, Medium,

-

By Joshua Mayer from Madison, WI, USA - Frost Aster (Symphyotrichum pilosum), CC BY-SA 2.0, https://commons.wikimedia.org/w/index.php?curid=97321598, Craig Martin, CC0, via Wikimedia Commons",Flower,Flower,,,,,visible,Physical good,,,,N,N,N,Y,12.00,,N,,,,N,,,0,,,,Y
#symphyotrichum-pilosum-frost-aster--gallon,EHZ5NGIWIEJYJC6JKBIJWZ6C,Symphyotrichum pilosum (Frost Aster),,Gallon,,Sympil9,,Flower,Flower,,,,,visible,Physical good,,,,,,,,17.00,,N,,,,N,,,0,,,,Y
#symphyotrichum-pilosum-frost-aster--true-gallon,H4YPDSUFDAN3SP35MRNC2FUC,Symphyotrichum pilosum (Frost Aster),,True Gallon,,Sympil12,,Flower,Flower,,,,,visible,Physical good,,,,,,,,19.00,,N,,,,N,,,0,,,,Y
#taxodium-distichum-bald-cypress--gallon,4KLJREPFYQ6NG6DCPGCGEN32,Taxodium distichum (Bald Cypress),,Gallon,,Taxdis9,"Long lived conifer native to swamps, but also grows well in upland soils. Buttressed bases with knobby ""knees"" that arise out of standing water. Clay and wet soil tolerant.

Size: Height: 50' - 70' ; Width: 20' -45'
Light: Sun (Full)
Moisture: Standing Water,

-March 1st- May 1 2026: For sizes valued at $50 or above, a $25 discount can be applied courtesy of the Throwing Shade Virginia program. If you purchase online, this discount will be applied as a refund when you pick up your plants. (see https://rb.gy/lukcmf for details)

By Thomas & Dianne Jones from Okmulgee, OK, USA - Mt Fork Morning Calm, CC BY 2.0, https://commons.wikimedia.org/w/index.php?curid=11109140",Tree,Tree,,,,,hidden,Physical good,,,,N,N,N,Y,25.00,,N,,,,,,,0,,,,Y
#taxodium-distichum-bald-cypress--true-gallon,7D5XQ2VNAA4GQRIHGH6QAL27,Taxodium distichum (Bald Cypress),,True Gallon,,Taxdis12,,Tree,Tree,,,,,hidden,Physical good,,,,,,,,30.00,,N,,,,,,,0,,,,Y
#taxodium-distichum-bald-cypress--2-gallon,KTLJIQR7J2YLCABPY2A63RLQ,Taxodium distichum (Bald Cypress),,2 Gallon,,Taxdis15,,Tree,Tree,,,,,hidden,Physical good,,,,,,,,55.00,,N,,,,,,,0,,,,Y
#taxodium-distichum-bald-cypress--3-gallon,2PQYK2RBDQDIU5BOVS6OR5IU,Taxodium distichum (Bald Cypress),,3 Gallon,,Taxdis18,,Tree,Tree,,,,,hidden,Physical good,,,,,,,,70.00,,N,,,,,,,0,,,,Y
#taxodium-distichum-bald-cypress--5-gallon,UA7EGE3K7O73JMJNSZDZ3WTK,Taxodium distichum (Bald Cypress),,5 Gallon,,Taxdis21,,Tree,Tree,,,,,hidden,Physical good,,,,,,,,85.00,,N,,,,,,,0,,,,Y
#teucrium-canadense-american-germander--4-5-pot,SNPTLEZBBT4ETKL2M7SPGS3V,Teucrium canadense (American Germander),,"4.5"" Pot",,Teucan3,"Herbaceous perennial with showy, purple-pink flowers on a spike-like stem. Spreads through rhizomes and self-seeding. Attracts butterflies and pollinators.

Size: Height: 1.5' - 3' ; Width: 1.5' -3'
Light: Sun (Part-Full)
Moisture: Medium, Moist,

-

Aaron Carlson, CC BY-SA 2.0, https://www.flickr.com/photos/59003943@N00/5988761435/",,,,,,,visible,Physical good,,,,N,,N,Y,12.00,,N,,,,,,,6,,,,Y
#teucrium-canadense-american-germander--gallon,24KN2WXRRIB6XFMZJZL4ZHHS,Teucrium canadense (American Germander),,Gallon,,Teucan9,,,,,,,,visible,Physical good,,,,,,,,17.00,,N,,,,,,,0,,,,Y
#teucrium-canadense-american-germander--true-gallon,O5Q2OX2HGV4S6OKMJRUHBHKE,Teucrium canadense (American Germander),,True Gallon,,Teucan12,,,,,,,,visible,Physical good,,,,,,,,19.00,,N,,,,,,,0,,,,Y
#thalictrum-dioicum-early-meadow-rue--4-5-pot,JBXZNTS63QLMI5I7VMIRUTMP,Thalictrum dioicum (Early Meadow Rue),,"4.5"" Pot",,Thadio3,"Native perennial wildflower in the Buttercup family.  Lacy gray-green compound leaves.  Blooms tiny, drooping, greenish to white petal-less flowers in late spring (April-May). 

Size: Height: 1' - 2' ; Width: 1' -2'
Light: Sun (Part-Full)
Moisture: Medium, 

-

Cbaile19, CC0, via Wikimedia Commons,  Cbaile19, CC0, via Wikimedia Commons,  Ryan Hodnett, CC BY-SA 4.0 , via Wikimedia Commons",Flower,Flower,,,,,visible,Physical good,,,,N,N,N,Y,12.00,,N,,,,,,,6,,,,Y
#thalictrum-dioicum-early-meadow-rue--gallon,WBFUFE7FZIQSZ7SCPPAF4JMI,Thalictrum dioicum (Early Meadow Rue),,Gallon,,Thadio9,,Flower,Flower,,,,,visible,Physical good,,,,,,,,17.00,,N,,,,,,,0,,,,Y
#thalictrum-dioicum-early-meadow-rue--true-gallon,UNP7RQYQSCKX36WG66KIA5IB,Thalictrum dioicum (Early Meadow Rue),,True Gallon,,Thadio12,,Flower,Flower,,,,,visible,Physical good,,,,,,,,19.00,,N,,,,,,,0,,,,Y
#tiarella-cordifolia-creeping-foam-flower--4-5-pot,BQQDIT5JULZRTLMCDDZPTFUI,Tiarella cordifolia (Creeping Foam Flower),,"4.5"" Pot",,Tiacor3,"Perennial with glossy heart shaped leaves forms into dense clumps. Showy white flower clusters rise above the leaves in April and May and have a feathery appearance. Good woodland groundcover.

Size: Height: 0.5' - 1' ; Width: 2' -2'
Light: Shade (Full)
Moisture: Moist, 

-

CC BY-SA 3.0, https://commons.wikimedia.org/w/index.php?curid=127319 CC BY-SA 3.0, https://commons.wikimedia.org/w/index.php?curid=127267, Wasrts, CC BY-SA 4.0 , via Wikimedia Commons
By Photo by David J. Stang - source: David Stang. First published at ZipcodeZoo.com, CC BY-SA 4.0, https://commons.wikimedia.org/w/index.php?curid=61189176",Flower,Flower,,,,,visible,Physical good,,,,N,N,N,Y,12.00,,N,,,,N,,,50,,,,Y
#tiarella-cordifolia-creeping-foam-flower--gallon,SERDECSCNFQCDZMGL7DPNDAW,Tiarella cordifolia (Creeping Foam Flower),,Gallon,,Tiacor9,,Flower,Flower,,,,,visible,Physical good,,,,,,,,17.00,,N,,,,N,,,18,,,,Y
#tiarella-cordifolia-creeping-foam-flower--true-gallon,D6FDSNXPVT4Z2KHKNYSKZR4D,Tiarella cordifolia (Creeping Foam Flower),,True Gallon,,Tiacor12,,Flower,Flower,,,,,visible,Physical good,,,,,,,,19.00,,N,,,,N,,,0,,,,Y
#tradescantia-ohiensis-ohio-spiderwort--4-5-pot,2QJVRYIACVNEVOJTR5B4TE44,Tradescantia ohiensis (Ohio Spiderwort),,"4.5"" Pot",,Traohi3,"Clump forming perennial in the spiderwort family that blooms vibrant purple flowers with three petals in mid to late summer.  Slender blue-green leaves resemble grass blades.  Long bloom period.

Size: Height: 2' - 3' ; Width: 1' - 2'
Light: Sun (Part-Full)
Moisture: Dry, Medium, 

-

Cephas, CC BY-SA 4.0 , via Wikimedia Commons, KENPEI, CC BY-SA 3.0 , via Wikimedia Commons",Flower,Flower,,,,,hidden,Physical good,,,,N,N,N,Y,12.00,,N,,N,,N,,,0,,,,Y
#tradescantia-ohiensis-ohio-spiderwort--gallon,IXGHDZYYJVMTYUMEZGHQZUOW,Tradescantia ohiensis (Ohio Spiderwort),,Gallon,,Traohi9,,Flower,Flower,,,,,hidden,Physical good,,,,,,,,17.00,,N,,,,N,,,0,,,,Y
#tradescantia-ohiensis-ohio-spiderwort--true-gallon,PNHDE7DRY3WFOFGJEEXB6SMP,Tradescantia ohiensis (Ohio Spiderwort),,True Gallon,,Traohi12,,Flower,Flower,,,,,hidden,Physical good,,,,,,,,19.00,,N,,,,N,,,0,,,,Y
#tradescantia-virginiana-virginia-spiderwort--4-5-pot,MLQWBPKPH3Q7NQ2F7RJMSHRF,Tradescantia virginiana (Virginia Spiderwort),,"4.5"" Pot",,Travir3,"Violet-blue to purple, three-petaled flowers bloom in succession from May into early July. Tolerates clay and wet soil.

Size: Height: 1.5' - 3' ; Width: 1' -1.5'
Light: Shade (Part-Full)
Moisture: Medium, 

-

By Fritzflohrreynolds - Own work, CC BY-SA 3.0, https://commons.wikimedia.org/w/index.php?curid=31468517, Concord, CC BY-SA 4.0 , via Wikimedia Commons",Flower,Flower,,,,,visible,Physical good,,,,N,N,N,Y,12.00,,N,,,,N,,,20,,,,Y
#tradescantia-virginiana-virginia-spiderwort--gallon,GBSNZZBQVZPYYSAPR4QWNVMH,Tradescantia virginiana (Virginia Spiderwort),,Gallon,,Travir9,,Flower,Flower,,,,,visible,Physical good,,,,,,,,17.00,,N,,,,N,,,0,,,,Y
#tradescantia-virginiana-virginia-spiderwort--true-gallon,7GXSJXIAZNGKDA4QTOCZOI7X,Tradescantia virginiana (Virginia Spiderwort),,True Gallon,,Travir12,,Flower,Flower,,,,,visible,Physical good,,,,,,,,19.00,,N,,,,N,,,0,,,,Y
#triadenum-virginicum-virginia-marsh-st-john-s-wort--4-5-pot,XWGY4P5TQTLI5KIVZDEM2P3P,Triadenum virginicum (Virginia Marsh St. John's Wort),,"4.5"" Pot",,Trivir3,"Small (1/2"") pink to red, five-pointed flowers bloom in the summer in bogs, wet meadows, and swamps.

Size: Height: 1' - 2' ; Width: 0.5' -1'
Light: Shade (Part-Full)
Moisture: Moist, Standing Water,

-

Ken-ichi Ueda [CC BY (https://creativecommons.org/licenses/by/4.0)]
Fritz Flohr Reynolds [CC BY-SA (https://creativecommons.org/licenses/by-sa/2.0)]",Flower,Flower,,,,,hidden,Physical good,,,,N,N,N,Y,12.00,,N,,,,,,,0,,,,Y
#triadenum-virginicum-virginia-marsh-st-john-s-wort--gallon,VUITH6BV6NRK275RODIQXNMO,Triadenum virginicum (Virginia Marsh St. John's Wort),,Gallon,,Trivir9,,Flower,Flower,,,,,hidden,Physical good,,,,,,,,17.00,,N,,,,,,,0,,,,Y
#triadenum-virginicum-virginia-marsh-st-john-s-wort--true-gallon,F6YG7RDDMLHT6LHSL62HVCVB,Triadenum virginicum (Virginia Marsh St. John's Wort),,True Gallon,,Trivir12,,Flower,Flower,,,,,hidden,Physical good,,,,,,,,19.00,,N,,,,,,,0,,,,Y
#tridens-flavus-purpletop--3-5-pot,DRF2QA5HROZIKBFKPLLXFBJ3,Tridens flavus (Purpletop),,"3.5"" Pot",,Trifla2,"Purplelish spikelets on stalks that, then planted in groups, creates a beautiful purple-topped field. Grass is home to many native insect species and seed feeds birds. Drought tolerant.

Size: Height: 4' - 5' ; Width: 1' -2'
Light: Sun (Full)
Moisture: Dry, Medium,

-

Mary Keim https://www.flickr.com/photos/38514062@N03/8041397283/",Grass,Grass,,,,,hidden,Physical good,,,,N,N,N,Y,8.00,,N,,,,,,,0,,,,Y
#tridens-flavus-purpletop--4-5-pot,XRW63IHDC2BLRTS6W4QPMDUR,Tridens flavus (Purpletop),,"4.5"" Pot",,Trifla3,,Grass,Grass,,,,,hidden,Physical good,,,,,,,,9.00,,N,,,,,,,0,,,,Y
#tridens-flavus-purpletop--gallon,QYZ5Q3MNFUZH7ZUTF2RNWUON,Tridens flavus (Purpletop),,Gallon,,Trifla9,,Grass,Grass,,,,,hidden,Physical good,,,,,,,,13.00,,N,,,,,,,0,,,,Y
#trillium-grandiflorum-white-trillium--4-5-pot,E6TMEE2RIR3SN5TZR2QO34H3,Trillium grandiflorum (White Trillium),,"4.5"" Pot",,Trigra3,"Largest and showiest flower of all  trilliums! Flowers are 2 to 4 inches across and held above large glossy green bracts. Spreads slowly by rhizomes.

Size: Height: 1' - 3' ; Width: 1' -1'
Light: Shade (Part-Full)
Moisture: Medium, 

-

Cbaile19, CC BY-SA 4.0 , via Wikimedia Commons",Flower,Flower,,,,,hidden,Physical good,,,,N,N,N,Y,15.00,,N,,N,,,,,0,,,,Y
#trillium-grandiflorum-white-trillium--gallon,NX47IPN2VJPEOHUE5HLZOJ3N,Trillium grandiflorum (White Trillium),,Gallon,,Trigra9,,Flower,Flower,,,,,hidden,Physical good,,,,,,,,21.00,,N,,,,,,,0,,,,Y
#trillium-grandiflorum-white-trillium--true-gallon,I2B37SPKATOTRUECFSSVZOOT,Trillium grandiflorum (White Trillium),,True Gallon,,Trigra12,,Flower,Flower,,,,,hidden,Physical good,,,,,,,,23.00,,N,,,,,,,0,,,,Y
#triodanis-perfoliata-venus-looking-glass--4-5-pot,CD344RDGK622I2QGEUECG577,Triodanis perfoliata (Venus' Looking Glass),,"4.5"" Pot",,Triper3,"Small, unbranched plant with a light green, grooved stem. Blue or violet flowers emerge in the spring, supporting the Plasterer bee.

Size: Height: 1' - 2' ; Width: 1' -1'
Light: Shade (Part-Full)
Moisture: Dry, Medium, 

-

?? ?, CC BY 3.0 , via Wikimedia Commons; 
Melissa McMasters from Memphis, TN, United States, CC BY 2.0 , via Wikimedia Commons",Flower,Flower,,,,,hidden,Physical good,,,,N,N,N,Y,6.00,,N,,,,,,,0,,,,Y
#triodanis-perfoliata-venus-looking-glass--gallon,3WABF5TSRAK2JE2O5D2CBUQC,Triodanis perfoliata (Venus' Looking Glass),,Gallon,,Triper9,,Flower,Flower,,,,,hidden,Physical good,,,,,,,,13.00,,N,,,,,,,0,,,,Y
#triodanis-perfoliata-venus-looking-glass--true-gallon,BQBYDTGCILY4DISGKMNH5UZL,Triodanis perfoliata (Venus' Looking Glass),,True Gallon,,Triper12,,Flower,Flower,,,,,hidden,Physical good,,,,,,,,15.00,,N,,,,,,,0,,,,Y
#uvularia-grandiflora-bellwort--4-5-pot,3VF34FN3IXVDVJVW2EWBG2PU,Uvularia grandiflora (Bellwort),,"4.5"" Pot",,Uvugra3,"Yellow flowers have long, twisted petals and bright green leaves. Plant is droopy in appearance. Excellent shade and border plant. Drought tolerant.

Size: Height: 1' - 2' ; Width: 1' -1.5'
Light: Shade (Full)
Moisture: Moist, 

-

Hardyplants at English Wikipedia [Public domain], Agnieszka Kwiecie?, Nova, CC BY-SA 4.0 , via Wikimedia Commons",Flower,Flower,,,,,hidden,Physical good,,,,N,N,N,Y,15.00,,N,,,,,,,0,,,,Y
#uvularia-grandiflora-bellwort--gallon,GSSB6HZOLLHZDL2YXPD35VLG,Uvularia grandiflora (Bellwort),,Gallon,,Uvugra9,,Flower,Flower,,,,,hidden,Physical good,,,,,,,,21.00,,N,,,,,,,0,,,,Y
#uvularia-grandiflora-bellwort--true-gallon,PNRO5FP7L7ASZCCUKJ6B6P65,Uvularia grandiflora (Bellwort),,True Gallon,,Uvugra12,,Flower,Flower,,,,,hidden,Physical good,,,,,,,,23.00,,N,,,,,,,0,,,,Y
#vaccinium-angustifolium-lowbush-blueberry--gallon,7D5HLAB7RTHMTJA35E6PEWOP,Vaccinium angustifolium (Lowbush Blueberry),,Gallon,,Vacang9,"Small, white, bell-shaped flowers in spring give way to plentiful blueberries in the summer--edible to people and animals!

Size: Height: 1' - 2' ; Width: 1' -2'
Light: Shade (Part-Full)
Moisture: Dry, Medium, 

-March 1st- May 1 2026: For sizes valued at $50 or above, a $25 discount can be applied courtesy of the Throwing Shade Virginia program. If you purchase online, this discount will be applied as a refund when you pick up your plants. (see https://rb.gy/lukcmf for details)

?64, CC BY 3.0 , via Wikimedia Commons, 0x010C, CC BY-SA 4.0 , via Wikimedia Commons",Shrub,Shrub,,,,,hidden,Physical good,,,,N,N,N,Y,25.00,,N,,N,,N,,,0,,,,Y
#vaccinium-angustifolium-lowbush-blueberry--true-gallon,XOFV7CUF3BR3V7TH5UADK4EI,Vaccinium angustifolium (Lowbush Blueberry),,True Gallon,,Vacang12,,Shrub,Shrub,,,,,hidden,Physical good,,,,,,,,30.00,,N,,,,N,,,0,,,,Y
#vaccinium-angustifolium-lowbush-blueberry--2-gallon,6AIQTPQUADYXVHYEPXYG4VYT,Vaccinium angustifolium (Lowbush Blueberry),,2 Gallon,,Vacang15,,Shrub,Shrub,,,,,hidden,Physical good,,,,,,,,50.00,,N,,,,N,,,0,,,,Y
#vaccinium-angustifolium-lowbush-blueberry--3-gallon,WRG46BCFDZ3XRLNVRX5N5AA7,Vaccinium angustifolium (Lowbush Blueberry),,3 Gallon,,Vacang18,,Shrub,Shrub,,,,,hidden,Physical good,,,,,,,,60.00,,N,,,,N,,,0,,,,Y
#vaccinium-angustifolium-lowbush-blueberry--5-gallon,QJE25I44S2TA2ACUYWK2SOHF,Vaccinium angustifolium (Lowbush Blueberry),,5 Gallon,,Vacang21,,Shrub,Shrub,,,,,hidden,Physical good,,,,,,,,70.00,,N,,,,N,,,0,,,,Y
#vaccinium-corymbosum-highbush-blueberry--gallon,WUZH7BQJQP7FD23KI4H6OBLL,Vaccinium corymbosum (Highbush Blueberry),,Gallon,,Vaccor9,"Grown in bogs, this plant can tolerate wet soils. Blueberries are edible

Size: Height: 6' - 12' ; Width: 8' -12'
Light: Sun (Part-Full)
Moisture: Medium, 

-March 1st- May 1 2026: For sizes valued at $50 or above, a $25 discount can be applied courtesy of the Throwing Shade Virginia program. If you purchase online, this discount will be applied as a refund when you pick up your plants. (see https://rb.gy/lukcmf for details)

By Oleg Bosyy - Own work, CC BY-SA 3.0, https://commons.wikimedia.org/w/index.php?curid=29466866,  Fritzflohrreynolds, CC BY-SA 3.0 , via Wikimedia Commons",Shrub,Shrub,,,,,visible,Physical good,,,,N,N,N,Y,25.00,,N,,N,,N,,,0,,,,Y
#vaccinium-corymbosum-highbush-blueberry--true-gallon,QJ45LKVG2HDPHXZPQ6LTNERA,Vaccinium corymbosum (Highbush Blueberry),,True Gallon,,Vaccor12,,Shrub,Shrub,,,,,visible,Physical good,,,,,,,,30.00,,N,,,,N,,,0,,,,Y
#vaccinium-corymbosum-highbush-blueberry--2-gallon,G35ARPSX2S5DP44Z5GU3STXK,Vaccinium corymbosum (Highbush Blueberry),,2 Gallon,,Vaccor15,,Shrub,Shrub,,,,,visible,Physical good,,,,,,,,50.00,,N,,,,N,,,13,,,,Y
#vaccinium-corymbosum-highbush-blueberry--3-gallon,I5NADQDHLF3OK5C3LZDUERYW,Vaccinium corymbosum (Highbush Blueberry),,3 Gallon,,Vaccor18,,Shrub,Shrub,,,,,visible,Physical good,,,,,,,,60.00,,N,,,,N,,,0,,,,Y
#vaccinium-corymbosum-highbush-blueberry--5-gallon,XTPHMRIATIHCCQDCYUMK6QD6,Vaccinium corymbosum (Highbush Blueberry),,5 Gallon,,Vaccor21,,Shrub,Shrub,,,,,visible,Physical good,,,,,,,,70.00,,N,,,,N,,,0,,,,Y
#verbena-hastata-blue-vervain--4-5-pot,XFRDXMOXXIPQYFBEMGQ5AJ5D,Verbena hastata (Blue Vervain),,"4.5"" Pot",,Verhas3,"Delicate, blue-violet flowers sit atop stalks in mid summer, and can self-seed. They love prairies and rain gardens.

Size: Height: 2' - 6' ; Width: 1' -3'
Light: Sun (Part-Full)
Moisture: Moist, Standing Water,

-

Joshua Mayer from Madison, WI, USA, CC BY-SA 2.0 , via Wikimedia Commons,  Fritzflohrreynolds, CC BY-SA 3.0 , via Wikimedia Commons",Flower,Flower,,,,,visible,Physical good,,,,N,N,N,Y,9.00,,N,,,,,,,13,,,,Y
#verbena-hastata-blue-vervain--gallon,EOSLIRPAFBKEK5GMFBJLLNN5,Verbena hastata (Blue Vervain),,Gallon,,Verhas9,,Flower,Flower,,,,,visible,Physical good,,,,,,,,15.00,,N,,,,,,,43,,,,Y
#verbena-hastata-blue-vervain--true-gallon,WJS5BZFQONMHXGMMACWR23BZ,Verbena hastata (Blue Vervain),,True Gallon,,Verhas12,,Flower,Flower,,,,,visible,Physical good,,,,,,,,17.00,,N,,,,,,,0,,,,Y
#verbena-urticifolia-white-vervain--4-5-pot,DK7KHY7IDZXQPRKXLWNWDPBJ,Verbena urticifolia (White Vervain),,"4.5"" Pot",,Verurt3,"Summer blooms of small, charming 1/8"" white flowers on slender spikes are a nectar source for pollinators and insects. Seeds feed songbirds.

Size: Height: 3' - 5' ; Width: 1' -1'
Light: Shade (Part-Full)
Moisture: Dry, Medium, 

-

Ryan Hodnett, CC BY-SA 4.0 , via Wikimedia Commons",Flower,Flower,,,,,hidden,Physical good,,,,N,N,N,Y,6.00,,N,,,,,,,0,,,,Y
#verbena-urticifolia-white-vervain--gallon,MY2GGAK4LWYB5N3AIKTTAAGO,Verbena urticifolia (White Vervain),,Gallon,,Verurt9,,Flower,Flower,,,,,hidden,Physical good,,,,,,,,13.00,,N,,,,,,,0,,,,Y
#verbena-urticifolia-white-vervain--true-gallon,H7XMHP7Z4JLVLPT2FW5CUOYP,Verbena urticifolia (White Vervain),,True Gallon,,Verurt12,,Flower,Flower,,,,,hidden,Physical good,,,,,,,,15.00,,N,,,,,,,0,,,,Y
#vernonia-gigantea-giant-ironweed--4-5-pot,IMOCQPKBM72JWJKTH5AE2IEH,Vernonia gigantea (Giant Ironweed),,"4.5"" Pot",,Vergig3,"Upright flowering perennial with rose-purple composite flowers disks bloom from summer through fall. Durable plant. Does well in wet soil. Deer resistant.

Size: Height: 5' - 8' ; Width: 3' -6'
Light: Sun (Part-Full)
Moisture: Medium, Moist,

-

Greg Hume [CC BY-SA (https://creativecommons.org/licenses/by-sa/4.0)], Cbaile19, CC0, via Wikimedia Commons",Flower,Flower,,,,,visible,Physical good,,,,N,N,N,Y,12.00,,N,,,,,,,175,,,,Y
#vernonia-gigantea-giant-ironweed--gallon,ZAPJJ23HSJ4EZ3FYLFFZUI5X,Vernonia gigantea (Giant Ironweed),,Gallon,,Vergig9,,Flower,Flower,,,,,visible,Physical good,,,,,,,,17.00,,N,,,,,,,94,,,,Y
#vernonia-gigantea-giant-ironweed--true-gallon,ZZL6JIPHJQOB637V3EBJF54O,Vernonia gigantea (Giant Ironweed),,True Gallon,,Vergig12,,Flower,Flower,,,,,visible,Physical good,,,,,,,,19.00,,N,,,,,,,0,,,,Y
#vernonia-noveboracensis-new-york-ironweed--4-5-pot,OQP3GV2K4DQ4D3IVRNIV3PXM,Vernonia noveboracensis (New York Ironweed),,"4.5"" Pot",,Vernov3,"Striking purple flowers add color to damp roadsides and ponds from late summer to fall.

Size: Height: 5' - 8' ; Width: 3' -4'
Light: Sun (Full)
Moisture: Medium, Moist, 

-

Doug McGrady from Warwick, RI, USA, CC BY 2.0 , via Wikimedia Commons",Flower,Flower,,,,,visible,Physical good,,,,N,N,N,Y,12.00,,N,,N,,N,,,120,,,,Y
#vernonia-noveboracensis-new-york-ironweed--gallon,WMHMZWKWNUCEQFFKGFCTUEOU,Vernonia noveboracensis (New York Ironweed),,Gallon,,Vernov9,,Flower,Flower,,,,,visible,Physical good,,,,,,,,17.00,,N,,,,N,,,26,,,,Y
#vernonia-noveboracensis-new-york-ironweed--true-gallon,27G4YNWEIMW3PVZQB2MAESIO,Vernonia noveboracensis (New York Ironweed),,True Gallon,,Vernov12,,Flower,Flower,,,,,visible,Physical good,,,,,,,,19.00,,N,,,,N,,,0,,,,Y
#veronicastrum-virginicum-black-root--4-5-pot,CVEHQQ7UKJHN555AEQD6Q44P,Veronicastrum virginicum (Black Root),,"4.5"" Pot",,Vervir3,"Tall herbaceous perennial with whorled lance shaped leaves and white to pale blue flowering racemes that bloom from late spring to summer.

Size: Height: 4' - 7' ; Width: 2' -4'
Light: Sun (Full)
Moisture: Dry, Medium, 

-

Acabashi, CC BY-SA 4.0 , via Wikimedia Commons,  H. Zell, CC BY-SA 3.0 , via Wikimedia Commons",Flower,Flower,,,,,hidden,Physical good,,,,N,N,N,Y,12.00,,N,,N,,N,,,0,,,,Y
#veronicastrum-virginicum-black-root--gallon,KYSNJOI2PLU5NFKRG2NORG57,Veronicastrum virginicum (Black Root),,Gallon,,Vervir9,,Flower,Flower,,,,,hidden,Physical good,,,,,,,,17.00,,N,,,,N,,,0,,,,Y
#veronicastrum-virginicum-black-root--true-gallon,R563UJ2CA5IHNJ3P6CF5DXWI,Veronicastrum virginicum (Black Root),,True Gallon,,Vervir12,,Flower,Flower,,,,,hidden,Physical good,,,,,,,,19.00,,N,,,,N,,,0,,,,Y
#viburnum-acerifolium-mapleleaf-viburnum--gallon,FRXIV5XVYOQX7XQIPUKF2ZDC,Viburnum acerifolium (Mapleleaf Viburnum),,Gallon,,Vibace9,"Small, rounded shrub with maple-like leaves. Tiny white flowers bloom in mid spring and blueish-black fruit in late summer. More shade tolerant than many viburnums. Established plants are drought tolerant. They will sucker to form colonies.

Size: Height: 6' - 12' ; Width: 2' -4'
Light: Sun (Part-Full)
Moisture: Medium, 

-

Plant Image Library, CC BY-SA 2.0 , via Wikimedia Commons, Aaron Carlson, CC BY-SA 2.0 , via Wikimedia Commons",Shrub,Shrub,,,,,hidden,Physical good,,,,N,N,N,Y,22.00,,N,,,,,,,0,,,,Y
#viburnum-acerifolium-mapleleaf-viburnum--true-gallon,YAEOJSPMCWB2W4QVIWYQGQM4,Viburnum acerifolium (Mapleleaf Viburnum),,True Gallon,,Vibace12,,Shrub,Shrub,,,,,hidden,Physical good,,,,,,,,25.00,,N,,,,,,,0,,,,Y
#viburnum-acerifolium-mapleleaf-viburnum--2-gallon,MZA5LRJIVQB2N5ANCWQRCD3K,Viburnum acerifolium (Mapleleaf Viburnum),,2 Gallon,,Vibace15,,Shrub,Shrub,,,,,hidden,Physical good,,,,,,,,37.00,,N,,,,,,,0,,,,Y
#viburnum-acerifolium-mapleleaf-viburnum--3-gallon,WMHHJI4L2C2VWQRSWFDRMLR4,Viburnum acerifolium (Mapleleaf Viburnum),,3 Gallon,,Vibace18,,Shrub,Shrub,,,,,hidden,Physical good,,,,,,,,50.00,,N,,,,,,,0,,,,Y
#viburnum-acerifolium-mapleleaf-viburnum--5-gallon,VHJNEU6BHVKY6YVVYQQTC6ZF,Viburnum acerifolium (Mapleleaf Viburnum),,5 Gallon,,Vibace21,,Shrub,Shrub,,,,,hidden,Physical good,,,,,,,,60.00,,N,,,,,,,0,,,,Y
#viburnum-dentatum-arrowwood-viburnum--gallon,ZISW7J2J6NMFZB37IISIM7FR,Viburnum dentatum (Arrowwood Viburnum),,Gallon,,Vibden9,"This shrub creates white groups of flowers in late spring that create blue-black berries, attracting birds in fall. Yellow, orange, and red foliage in fall.Clay tolerant.

Size: Height: 6' - 8' ; Width: 6' -10'
Light: Sun (Part-Full)
Moisture: Dry, Medium, 

-March 1st- May 1 2026: For sizes valued at $50 or above, a $25 discount can be applied courtesy of the Throwing Shade Virginia program. If you purchase online, this discount will be applied as a refund when you pick up your plants. (see https://rb.gy/lukcmf for details)

Photo by David J. Stang, CC BY-SA 4.0 , via Wikimedia Commons",Shrub,Shrub,,,,,visible,Physical good,,,,N,N,N,Y,22.00,,N,,,,,,,1,,,,Y
#viburnum-dentatum-arrowwood-viburnum--true-gallon,KT7GYYRSR5REIROCIUFVWBYW,Viburnum dentatum (Arrowwood Viburnum),,True Gallon,,Vibden12,,Shrub,Shrub,,,,,visible,Physical good,,,,,,,,25.00,,N,,,,,,,0,,,,Y
#viburnum-dentatum-arrowwood-viburnum--2-gallon,JKP7ACFELGVTOE7N5Y5Z47LL,Viburnum dentatum (Arrowwood Viburnum),,2 Gallon,,Vibden15,,Shrub,Shrub,,,,,visible,Physical good,,,,,,,,37.00,,N,,,,,,,0,,,,Y
#viburnum-dentatum-arrowwood-viburnum--3-gallon,CVDP7ZW7J5Y3ZPQVPGWJ5ING,Viburnum dentatum (Arrowwood Viburnum),,3 Gallon,,Vibden18,,Shrub,Shrub,,,,,visible,Physical good,,,,,,,,50.00,,N,,,,,,,0,,,,Y
#viburnum-dentatum-arrowwood-viburnum--5-gallon,KD5T2GZ3LBDSNKPWOQHG3AP3,Viburnum dentatum (Arrowwood Viburnum),,5 Gallon,,Vibden21,,Shrub,Shrub,,,,,visible,Physical good,,,,,,,,60.00,,N,,,,,,,0,,,,Y
#viburnum-lentago-nannyberry-viburnum--gallon,YNBBD5SEBNOO5PETN6RCQSLJ,Viburnum lentago (Nannyberry Viburnum),,Gallon,,Viblen9,"This shrub makes white flowers in groups in spring that give way to berries in autumn that birds feed on. Edible fruit. Attracts butterflies

Size: Height: 12' - 36' ; Width: 6' -12'
Light: Sun (Part-Full)
Moisture: Dry, Medium,

-March 1st- May 1 2026: For sizes valued at $50 or above, a $25 discount can be applied courtesy of the Throwing Shade Virginia program. If you purchase online, this discount will be applied as a refund when you pick up your plants. (see https://rb.gy/lukcmf for details)",Shrub,Shrub,,,,,visible,Physical good,,,,N,N,N,Y,22.00,,N,,N,,N,,,12,,,,Y
#viburnum-lentago-nannyberry-viburnum--true-gallon,FR53DKH3YDPVDYTP5KT2HNPD,Viburnum lentago (Nannyberry Viburnum),,True Gallon,,Viblen12,,Shrub,Shrub,,,,,visible,Physical good,,,,,,,,25.00,,N,,,,N,,,0,,,,Y
#viburnum-lentago-nannyberry-viburnum--2-gallon,6EJWY6EJYZYUOQ3DFPBU7UEE,Viburnum lentago (Nannyberry Viburnum),,2 Gallon,,Viblen15,,Shrub,Shrub,,,,,visible,Physical good,,,,,,,,37.00,,N,,,,N,,,0,,,,Y
#viburnum-lentago-nannyberry-viburnum--3-gallon,B2BH23K3JCAIF35ETOIGRWYI,Viburnum lentago (Nannyberry Viburnum),,3 Gallon,,Viblen18,,Shrub,Shrub,,,,,visible,Physical good,,,,,,,,50.00,,N,,,,N,,,1,,,,Y
#viburnum-lentago-nannyberry-viburnum--5-gallon,TXTMURSA3KVRQBPVMNY55PZB,Viburnum lentago (Nannyberry Viburnum),,5 Gallon,,Viblen21,,Shrub,Shrub,,,,,visible,Physical good,,,,,,,,60.00,,N,,,,N,,,0,,,,Y
#viburnum-nudum-possumhaw-viburnum--gallon,CA7XOW7SFEAFYEHMCRNDTBKC,Viburnum nudum (Possumhaw Viburnum),,Gallon,,Vibnud9,"Fragrant, white flower clusters emerge in May through June, giving way to berries that ripen from pink to blue-black. Leaves turn a wonderful maroon in the fall. Tolerates wet, boggy soil.

Size: Height: 12' - 36' ; Width: 5' -12'
Light: Sun (Part-Full)
Moisture: Medium,

-March 1st- May 1 2026: For sizes valued at $50 or above, a $25 discount can be applied courtesy of the Throwing Shade Virginia program. If you purchase online, this discount will be applied as a refund when you pick up your plants. (see https://rb.gy/lukcmf for details)

By Rob Routledge, Sault College, Bugwood.org - http://www.forestryimages.org/browse/subthumb.cfm?sub=54970, CC BY 3.0, https://commons.wikimedia.org/w/index.php?curid=48393739
By Photo by David J. Stang - source: David Stang. First published at ZipcodeZoo.com, CC BY-SA 4.0, https://commons.wikimedia.org/w/index.php?curid=61100680 By Photo by David J. Stang - source: David Stang. First published at ZipcodeZoo.com, CC BY-SA 4.0, https://commons.wikimedia.org/w/index.php?curid=61177053",Shrub,Shrub,,,,,visible,Physical good,,,,N,N,N,Y,22.00,,N,,N,,N,,,15,,,,Y
#viburnum-nudum-possumhaw-viburnum--true-gallon,TVWGBNWOJT3N4SJQOEBC3FCQ,Viburnum nudum (Possumhaw Viburnum),,True Gallon,,Vibnud12,,Shrub,Shrub,,,,,visible,Physical good,,,,,,,,25.00,,N,,,,N,,,3,,,,Y
#viburnum-nudum-possumhaw-viburnum--2-gallon,PWNV2OMSF6IUUA5SZNYGIAQO,Viburnum nudum (Possumhaw Viburnum),,2 Gallon,,Vibnud15,,Shrub,Shrub,,,,,visible,Physical good,,,,,,,,37.00,,N,,,,N,,,2,,,,Y
#viburnum-nudum-possumhaw-viburnum--3-gallon,N56P34NQUAFO4PFGMTXPITBY,Viburnum nudum (Possumhaw Viburnum),,3 Gallon,,Vibnud18,,Shrub,Shrub,,,,,visible,Physical good,,,,,,,,50.00,,N,,,,N,,,0,,,,Y
#viburnum-nudum-possumhaw-viburnum--5-gallon,XLXYXVDROIP2UW2VJB3ZT6IR,Viburnum nudum (Possumhaw Viburnum),,5 Gallon,,Vibnud21,,Shrub,Shrub,,,,,visible,Physical good,,,,,,,,60.00,,N,,,,N,,,0,,,,Y
#viburnum-prunifolium-blackhaw-viburnum--gallon,EXQL2QOC37KS2O2LKB74P2X2,Viburnum prunifolium (Blackhaw Viburnum),,Gallon,,Vibpru9,"This tall, upright shrub can grow in moist conditions, and also tolerates drought. White flowers occur in the spring and lead to dark blue berries that feed wildlife through the winter.

Size: Height: 12' - 15' ; Width: 6' -12'
Light: Sun (Part-Full)
Moisture: Medium, Moist, 

-March 1st- May 1 2026: For sizes valued at $50 or above, a $25 discount can be applied courtesy of the Throwing Shade Virginia program. If you purchase online, this discount will be applied as a refund when you pick up your plants. (see https://rb.gy/lukcmf for details)

Photo by David J. Stang, CC BY-SA 4.0 , via Wikimedia Commons, Vojt?ch Zavadil, CC BY-SA 3.0 , via Wikimedia Commons",Shrub,Shrub,,,,,visible,Physical good,,,,N,N,N,Y,22.00,,N,,,,,,,2,,,,Y
#viburnum-prunifolium-blackhaw-viburnum--true-gallon,HSBY32WSLVLM4Y325V6IEO7F,Viburnum prunifolium (Blackhaw Viburnum),,True Gallon,,Vibpru12,,Shrub,Shrub,,,,,visible,Physical good,,,,,,,,25.00,,N,,,,,,,1,,,,Y
#viburnum-prunifolium-blackhaw-viburnum--2-gallon,CXYHXLUYZT5LBTZGCAPFNQ74,Viburnum prunifolium (Blackhaw Viburnum),,2 Gallon,,Vibpru15,,Shrub,Shrub,,,,,visible,Physical good,,,,,,,,37.00,,N,,,,,,,0,,,,Y
#viburnum-prunifolium-blackhaw-viburnum--3-gallon,UATVP6E4EG6BUBF4QZ7R6YMR,Viburnum prunifolium (Blackhaw Viburnum),,3 Gallon,,Vibpru18,,Shrub,Shrub,,,,,visible,Physical good,,,,,,,,50.00,,N,,,,,,,0,,,,Y
#viburnum-prunifolium-blackhaw-viburnum--5-gallon,NNWOSE3PEVB2DW5Y5B473KRO,Viburnum prunifolium (Blackhaw Viburnum),,5 Gallon,,Vibpru21,,Shrub,Shrub,,,,,visible,Physical good,,,,,,,,60.00,,N,,,,,,,0,,,,Y
#viburnum-trilobum-cranberry-viburnum--gallon,73IZEOVXBJXHJASNDJYRUM3B,Viburnum trilobum (Cranberry Viburnum),,Gallon,,Vibtri9,"Large hardy shrub blooms white flower clusters in spring. Dark green leaves turn a purple-red in fall along with bright red berries appearing. Edible fruit for humans and birds.

Size: Height: 12' - 16' ; Width: 8' -15'
Light: Sun (Part-Full)
Moisture: Medium, Moist, 

-

Cephas, CC BY-SA 4.0 , via Wikimedia Commons",Shrub,Shrub,,,,,visible,Physical good,,,,N,N,N,Y,22.00,,N,,,,,,,0,,,,Y
#viburnum-trilobum-cranberry-viburnum--true-gallon,CAHKMCRDST3BHZQOAMK2CX7U,Viburnum trilobum (Cranberry Viburnum),,True Gallon,,Vibtri12,,Shrub,Shrub,,,,,visible,Physical good,,,,,,,,25.00,,N,,,,,,,0,,,,Y
#viburnum-trilobum-cranberry-viburnum--2-gallon,LRN3CBWMTFR7MDYXDBRFAOM6,Viburnum trilobum (Cranberry Viburnum),,2 Gallon,,Vibtri15,,Shrub,Shrub,,,,,visible,Physical good,,,,,,,,37.00,,N,,,,,,,7,,,,Y
#viburnum-trilobum-cranberry-viburnum--3-gallon,NLHR6P6VG3C6FH25DPKGC2YI,Viburnum trilobum (Cranberry Viburnum),,3 Gallon,,Vibtri18,,Shrub,Shrub,,,,,visible,Physical good,,,,,,,,50.00,,N,,,,,,,1,,,,Y
#viburnum-trilobum-cranberry-viburnum--5-gallon,OE6JA6N3P6AD2S2LQ4J3G2M2,Viburnum trilobum (Cranberry Viburnum),,5 Gallon,,Vibtri21,,Shrub,Shrub,,,,,visible,Physical good,,,,,,,,60.00,,N,,,,,,,2,,,,Y
#viola-pedata-bird-s-foot-violet--4-5-pot,LF7K5TC3SEK3Y56KKSGQJTFR,Viola pedata (Bird's Foot Violet),,"4.5"" Pot",,Vioped3,"Small perennial Viola that spreads through seeds.   Unique bird-foot shaped foliage.  Often considered one of the most beautiful species of Violas.  Attracts bees, butterflies, mammals and songbirds. 

Size: Height: 0.5' - 1' ; Width: 0.5' - 1'
Light: Sun (Part-Full)
Moisture: Dry, Medium, 

-

Eric in SF, CC BY-SA 3.0 , via Wikimedia Commons,  Joshua Mayer from Madison, WI, USA, CC BY-SA 2.0 , via Wikimedia Commons",Flower,Flower,,,,,hidden,Physical good,,,,N,N,N,Y,9.00,,N,,,,,,,0,,,,Y
#viola-pedata-bird-s-foot-violet--gallon,F37ROMFIX3KENTM3EBMZK6DU,Viola pedata (Bird's Foot Violet),,Gallon,,Vioped9,,Flower,Flower,,,,,hidden,Physical good,,,,,,,,15.00,,N,,,,,,,0,,,,Y
#viola-pedata-bird-s-foot-violet--true-gallon,AMNM7M3EE65D4MD5QOKFYAFJ,Viola pedata (Bird's Foot Violet),,True Gallon,,Vioped12,,Flower,Flower,,,,,hidden,Physical good,,,,,,,,17.00,,N,,,,,,,0,,,,Y
#viola-sororia-common-blue-violet--4-5-pot,4QI5FUFKK4KBUUA63G3S5MWE,Viola sororia (Common Blue Violet),,"4.5"" Pot",,Viosor3,"Herbaceous perennial that spreads through rhizomes and self seeding.  Prefers partial sun but will grow in most light conditions.  Produces showy blue, pink, purple and white flowers in early spring. Attracts bees and butterflies. 

Size: Height: 0.5' - 1' ; Width: 0.5' -1'
Light: Sun (Part-Full)
Moisture: Medium, 

-

Cbaile19, CC0, via Wikimedia Commons,   Famartin, CC BY-SA 4.0 , via Wikimedia Commons,   Krzysztof Ziarnek, Kenraiz, CC BY-SA 4.0 , via Wikimedia Commons",Flower,Flower,,,,,visible,Physical good,,,,N,N,N,Y,6.00,,N,,N,,,,,4,,,,Y
#viola-sororia-common-blue-violet--gallon,X2LFO3JQHDUZ77R6AMXHIIHN,Viola sororia (Common Blue Violet),,Gallon,,Viosor9,,Flower,Flower,,,,,visible,Physical good,,,,,,,,13.00,,N,,,,,,,1,,,,Y
#viola-sororia-common-blue-violet--true-gallon,7GQMHPYQEA4V4W4N34YWZTXB,Viola sororia (Common Blue Violet),,True Gallon,,Viosor12,,Flower,Flower,,,,,visible,Physical good,,,,,,,,15.00,,N,,,,,,,0,,,,Y
#woodwardia-areolata-netted-chain-fern--4-5-pot,OF37D3NVD5KMMGN5NAE4OW3D,Woodwardia areolata (Netted Chain Fern),,"4.5"" Pot",,Wooare3,"Can take considerable sun if the soil is kept wet, but loves shade. Spreads to make colonies in good growing conditions.

Size: Height: 0.5' - 2' ; Width: 1' -1'
Light: Shade (Full)
Moisture: Medium, Moist,

-

Katja Schultz, Jasper Shide, CC0, via Wikimedia Commons",Fern,Fern,,,,,hidden,Physical good,,,,N,N,N,Y,13.00,,N,,,,,,,0,,,,Y
#woodwardia-areolata-netted-chain-fern--gallon,OKMWGHPHATVQR4HCOJWRJ7X3,Woodwardia areolata (Netted Chain Fern),,Gallon,,Wooare9,,Fern,Fern,,,,,hidden,Physical good,,,,,,,,19.00,,N,,,,,,,0,,,,Y
#yucca-filamentosa-adam-s-needle--4-5-pot,QQJ75VFNVFWP3QQUURVGORNW,Yucca filamentosa (Adam's Needle),,"4.5"" Pot",,Yucfil3,"Flowering stalk rises from center in late spring. White, showy, bell shaped flowers. Attracts hummingbirds, moths, small mammals, and songbirds. Only pollinated by Yucca Moths. Tolerant of poor, sandy soils, heat and drought. Will form a small colony over time from basal offsets.

Size: Height: 4' - 8' ; Width: 2' -3'
Light: Sun (Full)
Moisture: Dry, Medium, 

-

Maja Dumat, CC BY 2.0 , via Wikimedia Commons",Flower,Flower,,,,,visible,Physical good,,,,N,N,N,Y,9.00,,N,,,,,,,63,,,,Y
#yucca-filamentosa-adam-s-needle--gallon,NC24TQ66YRENVIANZTDBJFLE,Yucca filamentosa (Adam's Needle),,Gallon,,Yucfil9,,Flower,Flower,,,,,visible,Physical good,,,,,,,,15.00,,N,,,,,,,0,,,,Y
#yucca-filamentosa-adam-s-needle--true-gallon,XD5VFZWXMB6LOEIJTY4YUSMP,Yucca filamentosa (Adam's Needle),,True Gallon,,Yucfil12,,Flower,Flower,,,,,visible,Physical good,,,,,,,,17.00,,N,,,,,,,0,,,,Y
#zizia-aptera-heart-leaf-golden-alexanders--4-5-pot,EWXBWC5Q7XIXFEXASM4VL3UA,Zizia aptera (Heart-leaf Golden Alexanders),,"4.5"" Pot",,Zizapt3,"Small clusters of bright yellow flowers bloom in late spring, growing in colonies in open woodland and prairies. Perfect for cut flowers!

Size: Height: 1' - 3' ; Width: 1' -2'
Light: Shade (Part-Full)
Moisture: Dry, Medium,

-

Sara Kothari, CC BY-SA 4.0 , via Wikimedia Commons By H. Zell - Own work, CC BY-SA 3.0, https://commons.wikimedia.org/w/index.php?curid=11503817",Flower,Flower,,,,,visible,Physical good,,,,N,N,N,Y,12.00,,N,,,,N,,,96,,,,Y
#zizia-aptera-heart-leaf-golden-alexanders--gallon,77KTQTD3I7ETSMM6S6BFC4XM,Zizia aptera (Heart-leaf Golden Alexanders),,Gallon,,Zizapt9,,Flower,Flower,,,,,visible,Physical good,,,,,,,,17.00,,N,,,,N,,,29,,,,Y
#zizia-aptera-heart-leaf-golden-alexanders--true-gallon,6VTMAE6AR55MHWFJ4QKBXUFO,Zizia aptera (Heart-leaf Golden Alexanders),,True Gallon,,Zizapt12,,Flower,Flower,,,,,visible,Physical good,,,,,,,,19.00,,N,,,,N,,,0,,,,Y
#zizia-aurea-golden-alexanders--4-5-pot,VIVYU37L5CZJ77NJIPY2BFCX,Zizia aurea (Golden Alexanders),,"4.5"" Pot",,Zizaur3,"Flat-topped clusters of compound yellow flowers bloom in late spring. Attracts butterflies, as the larvae of the swallowtail feed on it.

Size: Height: 1' - 3' ; Width: 1' -2'
Light: Shade (Part-Full)
Moisture: Dry, Medium, 

-

Photo by David J. Stang [CC BY-SA (https://creativecommons.org/licenses/by-sa/4.0)], H. Zell, CC BY-SA 3.0 , via Wikimedia Commons",Flower,Flower,,,,,visible,Physical good,,,,N,N,N,Y,12.00,,N,,,,N,,,109,,,,Y
#zizia-aurea-golden-alexanders--gallon,SLVR6YVUKQVVOMQDMK3XWODY,Zizia aurea (Golden Alexanders),,Gallon,,Zizaur9,,Flower,Flower,,,,,visible,Physical good,,,,,,,,17.00,,N,,,,N,,,0,,,,Y
#zizia-aurea-golden-alexanders--true-gallon,C2Q7N4SEE3OKPCFYYIWMPQG6,Zizia aurea (Golden Alexanders),,True Gallon,,Zizaur12,,Flower,Flower,,,,,visible,Physical good,,,,,,,,19.00,,N,,,,N,,,0,,,,Y
